id,build_time_min,deploy_time_min,commit_size_loc,num_bugs,test_coverage_pct,ticket_resolution_h,team,module,priority,deploy_status
1,17.483833788586672,5.142444873125305,268,1,58.49133341387742,35.33632005549489,Beta,ui,media,success
2,9.741207314415645,6.940580051966821,246,3,69.13926783685697,25.221201054539435,Beta,payments,baja,success
3,13.452513645349356,5.620070503269918,247,1,70.7066870373974,5.9095801413059235,Alpha,auth,alta,failed
4,14.531450419844163,4.7209028750273845,261,1,70.25946628324999,13.51733560860157,Gamma,ui,crítica,rolled_back
5,13.617073292563996,4.347377731547729,224,4,100,34.139520851741416,Gamma,payments,crítica,success
6,11.575501935634064,4.762380986309791,261,2,84.45043082525078,22.235701984648994,Alpha,payments,crítica,success
7,18.046087989755755,6.787117786491127,274,0,63.04038362555635,32.38616052914172,Gamma,auth,baja,success
8,11.62136384634761,5.422229021320012,262,1,76.56895396630863,13.194678023457527,Beta,api,media,success
9,20.073694855508165,4.022440412329219,240,2,58.72212678548326,11.410437050201756,Beta,ui,baja,success
10,11.749143603790316,4.559256149789906,229,3,63.05360654546917,134.21836112734863,Beta,ui,alta,failed
11,17.21947861689394,0.5,256,0,60.61289124348407,33.87757457591115,Gamma,payments,media,success
12,21.14658157080443,5.553824552469085,280,2,75.45388272492961,23.839827650461825,Beta,ui,alta,success
13,6.444557195550643,6.9476325347937795,248,3,72.64698591172768,3.7054372064610104,Beta,ui,media,success
14,10.884844932730514,2.726811478362882,253,1,63.274618928721075,20.865937805657676,Alpha,api,media,success
15,11.466714654425369,5.192164269703538,274,1,86.33897373776692,29.70169021088391,Beta,payments,baja,success
16,14.543801592280298,4.029300527701774,233,1,93.54031031118333,47.955916104684455,Gamma,payments,baja,failed
17,10.86298831433571,3.423201946375946,241,3,100,2,Gamma,ui,baja,success
18,NA,5.17567970819557,238,1,53.480725106690016,42.90060330725728,Gamma,database,baja,failed
19,2.2381322856979224,3.5153081274968008,252,6,43.606744691686544,3.5266657087847264,Beta,auth,media,success
20,17.28045338292077,4.845286586923771,262,3,100,17.768142006283096,Alpha,payments,baja,success
21,10.773445623686102,7.646545629106293,248,0,80.48740877770885,2.9563646612410426,Beta,auth,media,success
22,4.87476626408,1.597076163449736,250,3,68.85644311237004,56.685776931003005,Beta,payments,baja,failed
23,NA,3.6530437509468072,258,0,70.3117394268432,12.161161735200166,Beta,auth,baja,success
24,16.858698796690394,4.140586575481569,250,2,78.27218648979313,11.540296141058207,Alpha,ui,baja,success
25,19.58077384505986,7.495737688032503,244,1,61.91076113843789,51.010820042629106,Delta,api,alta,success
26,10.278123473575201,6.7677598633795,252,3,85.22775918092955,2.2183962017297745,Alpha,ui,media,success
27,10.970922468924282,4.884216097404285,235,5,90.15959752921967,30.775117242325745,Gamma,database,alta,success
28,4.947347659220879,2.5453512931110396,265,0,66.06262520463704,23.676238075969046,Beta,auth,baja,success
29,13.840389419325085,5.550406575666224,266,2,77.18699563182193,36.37727871335564,Delta,payments,media,success
30,9.440020496159523,5.204531445280194,240,3,69.158490201734807,49.7204869220358,Gamma,ui,baja,success
31,13.821800492964877,6.003560412139184,228,0,62.46624229824734,15.413575362414122,Alpha,payments,baja,success
32,14.819349348915276,5.0046004543208875,259,3,57.077892741328355,2,Beta,auth,baja,success
33,16.14041408787969,2.1943950185503986,245,2,66.76787768445354,2.0183669552206993,Delta,payments,media,success
34,9.564294498371156,4.425099003745965,256,0,62.72670753398724,2,Beta,auth,baja,success
35,14.019820493191881,8.003424603071393,278,0,70.31668795385184,92.83719969781782,Gamma,auth,baja,success
36,5.13196528370663,1.6585034564269603,262,4,70.79799185417683,19.19125323784501,Beta,api,media,success
37,8.862163966482015,5.302462516840288,266,2,73.88849516352356,4.8099287040531635,Alpha,payments,baja,success
38,8.596369623293928,8.175240582155748,262,2,60.65149075782077,18.233083314185432,Gamma,database,baja,success
39,2.3431694002134726,4.093539640499819,245,1,61.5125943749987,13.114038765299707,Beta,database,baja,success
40,12.144490427569023,6.009924143720499,226,1,91.21944538218405,28.269694938247497,Beta,auth,alta,success
41,12.823994400801016,4.038854077659755,252,2,91.95744307617765,2.917021259665489,Gamma,ui,alta,rolled_back
42,10.555770805805334,5.821197208021149,221,5,84.03390904994696,26.429498835389907,Gamma,auth,baja,success
43,15.032652942798068,2.3337910192664024,224,0,83.8314138345022,19.854872948413185,Gamma,auth,alta,success
44,9.0931806916937,3.7577477829411814,244,2,70.88482283631859,2,Beta,api,media,success
45,6.526875822322822,7.1381363096476065,252,1,80.41456196459197,15.390359356999397,Alpha,payments,alta,success
46,13.731272103554868,9.57343253943293,249,4,80.50736596971466,32.65991160917788,Delta,api,baja,rolled_back
47,8.754427295253313,4.1494890472621515,255,2,85.03090989609888,4.558861691504717,Beta,ui,baja,success
48,17.77640504688501,5.748967154057463,252,2,62.32352792479635,16.326865285634995,Gamma,payments,alta,success
49,10.274215189546618,7.427580886617387,252,3,68.89636309639882,19.116306929225285,Delta,api,media,success
50,14.622591533608826,4.551557669869051,262,1,75.04449858229349,22.12333010036259,Delta,ui,alta,success
51,13.287701060815786,5.291132997215999,259,4,65.26313285701501,73.86928653313753,Beta,auth,baja,success
52,8.864644236478497,6.513607339112793,270,2,92.2745246210196,6.174958493560553,Gamma,ui,alta,rolled_back
53,18.30291007916791,0.5,248,4,78.96005223396938,10.224746242064342,Beta,ui,media,success
54,14.571597222869265,6.254457485552967,255,4,98.89861658148834,26.226896679883296,Alpha,auth,baja,success
55,12.359042586398422,3.2610270013415326,215,2,79.99222018934283,4.865390953629699,Alpha,database,baja,failed
56,13.106202989165851,5.21744668288455,237,2,87.81111197245434,6.350635224139104,Gamma,auth,baja,success
57,14.717155264221084,4.355604454072439,246,0,47.840818165848574,2,Delta,database,baja,success
58,12.359331546316326,4.846990766660603,256,2,57.730723101186406,35.292498795161826,Delta,api,baja,success
59,1,6.843167053729142,242,1,50.05868993284957,24.97833464406961,Gamma,api,media,success
60,13.139531814122638,5.644006598311375,226,1,85.44377501762362,14.245510406792164,Gamma,auth,crítica,success
61,10.531061429036098,3.975121559320492,252,3,82.61418204175557,3.279328465461731,Beta,payments,baja,success
62,12.740922259462437,5.228493896819549,254,1,62.15259300957723,12.237600043416023,Gamma,database,crítica,success
63,14.327294909462026,6.794605142961313,244,2,90.34302391248913,9.319322225929152,Beta,payments,baja,rolled_back
64,17.59894730917071,6.057323728485706,268,2,74.55022784278094,44.787694681365736,Delta,api,alta,success
65,9.09083176210214,2.0850950693687595,239,1,72.24529595148282,2.956584867788514,Delta,auth,baja,success
66,17.210170528176576,0.5,272,2,68.47629457381764,27.64414230633288,Beta,auth,media,success
67,13.343392479008298,5.758416103889834,263,1,84.85741699253859,39.598711294899566,Gamma,api,crítica,success
68,16.154024394790483,4.270497053737136,245,1,71.24587743711993,2,Beta,ui,baja,success
69,15.682914273162584,5.81008836096412,254,1,62.721647215546454,6.1522469110786915,Gamma,api,media,success
70,14.88351265146745,5.627507047446638,263,2,65.7215282058338,13.04566671806139,Alpha,auth,baja,failed
71,7.82752424572858,4.066636982101163,243,0,63.901259851146804,35.88794262505589,Alpha,ui,media,success
72,11.639254453557173,5.746211993678594,274,3,73.0927032773724,3.3710119239985943,Gamma,auth,baja,success
73,14.494072647998173,6.154032538455,252,4,61.18422251795906,5.177868068218231,Delta,auth,crítica,success
74,8.185906568910625,6.9281810686187315,256,3,98.77466810328733,20.011317527776054,Delta,api,baja,failed
75,9.828684741704574,5.2000195308682615,258,2,79.64079249021731,2,Delta,api,media,success
76,14.32398599072673,3.251091399775084,248,2,58.01470700564339,46.140761775742156,Alpha,payments,baja,success
77,15.072714951338364,4.6025969030416825,231,2,81.8039679107361,21.29850686685776,Beta,ui,media,success
78,13.855070354160668,2.525921750840066,240,3,90.26495377608006,9.22911336645484,Alpha,payments,media,success
79,8.456894810361282,5.2750467108279375,251,2,93.13364866615487,2,Gamma,payments,baja,success
80,7.600876405408577,2.133189431053782,244,4,98.54945067676418,18.95190706003218,Delta,auth,baja,success
81,18.050828039219713,9.23010019912145,267,0,86.60696126005404,31.84860234606772,Beta,api,alta,success
82,13.031685750128123,1.2440913812217658,258,3,80.32685031090384,2.2995602551952423,Delta,ui,alta,success
83,12.353760916638345,4.755884838280503,264,3,92.18023835584775,14.572248414158821,Alpha,ui,media,success
84,11.516413849843643,9.048355815216699,241,0,100,29.625376961117084,Beta,database,media,success
85,7.222684419357887,2.824507281088005,267,4,78.05846429624091,7.449237652122974,Beta,api,media,success
86,14.447987592161548,3.3022407738547184,259,2,60.284194803027965,25.00592160869151,Gamma,ui,media,success
87,11.131440617013917,0.8862508518268433,223,0,89.24330390769813,46.197027815352065,Gamma,auth,media,success
88,11.268973174672313,1.9610566656205508,228,3,68.76505367748611,2,Delta,api,media,success
89,15.73338531428464,2.9103056751418506,260,0,94.94753682722667,41.554826097991466,Beta,ui,media,failed
90,15.287092442032996,1.827569183026935,233,2,60.57236018107835,147.29879783682256,Delta,auth,baja,failed
91,17.568465503737084,5.752459430767204,245,3,88.2859533882481,14.002050808460895,Beta,payments,baja,success
92,10.095304307781303,7.945078903872394,269,1,75.27762005446833,7.818179223186337,Alpha,database,alta,success
93,14.60139424290522,3.2907788239014035,272,1,78.31915437797657,21.40358865905314,Gamma,api,crítica,success
94,17.564441825560003,2.744360307437957,246,0,71.66040464546853,7.41467406715738,Alpha,payments,crítica,success
95,7.556844482208405,7.338441701644829,260,1,89.51456810412695,102.37705680123025,Alpha,database,alta,success
96,8.55682965248863,2.0591013941593896,259,1,86.42242879818014,22.677690892403415,Alpha,ui,baja,rolled_back
97,7.47304527658492,5.697568261393618,264,4,91.71491765949742,18.761777459293516,Delta,ui,baja,success
98,6.163144001990417,6.544088439852893,234,3,77.03173725414185,91.93878913911726,Delta,database,media,success
99,12.319930212964644,9.106850830993054,244,0,58.822861328197845,27.543407387023265,Alpha,payments,media,success
100,14.612817358596761,5.9357001776149945,231,1,100,17.709801080330436,Gamma,database,media,success
101,16.80386150239398,3.3407420118121562,252,2,80.11365810215716,11.495198618620634,Alpha,database,baja,failed
102,16.1790043486709,7.693052702478951,229,1,80.69855756680647,10.598916672170162,Delta,database,media,success
103,7.987165412640608,1.7602415066236206,274,1,71.93990671766512,7.064825009554625,Alpha,api,media,success
104,19.393927606690987,6.092262618127334,227,3,52.895813677743476,2,Delta,api,media,success
105,9.332906364968732,5.182179636119116,257,0,70.57680656758747,4.472806214950433,Delta,database,baja,success
106,12.422055249824277,0.5,236,1,43.36785302674331,16.252622053027153,Alpha,ui,alta,success
107,NA,4.864012536660086,253,2,72.65735161179724,15.028137154877186,Alpha,auth,media,success
108,11.510599312180116,5.796306568898833,251,2,77.44218526179291,21.49307881939917,Alpha,payments,baja,success
109,12.75277213800599,5.03237563384308,228,1,67.91373091346908,4.902792466154515,Beta,payments,baja,success
110,12.476643831988026,8.084012773203488,248,0,87.58875419432376,6.782718931765881,Beta,auth,crítica,success
111,11.89962979653039,4.097857684568728,256,1,65.72136316296668,6.059983413666487,Delta,ui,media,success
112,12.43229091176813,2.2254623678365473,238,2,96.5222988450095,8.623902395367622,Alpha,database,crítica,success
113,10.058259056613329,4.433965641417632,228,1,83.14083623768533,26.188993177299793,Delta,auth,alta,success
114,9.983131477248385,5.346689055448678,240,0,87.33774694996853,5.243339558178231,Beta,payments,alta,rolled_back
115,5.355603680340752,0.5,246,3,55.344715743951525,8.865511927753687,Gamma,database,baja,success
116,10.470665092504728,4.235535696729799,242,0,79.85069040354102,43.29992978073178,Alpha,api,crítica,success
117,9.949398968488799,6.277119975930151,240,2,85.03237085180626,28.57903088528424,Delta,auth,baja,failed
118,22.80756400137919,4.812643558478763,236,3,66.19380890025748,2,Gamma,ui,baja,success
119,6.551535075241126,6.184881432894865,246,1,64.48728924817578,2,Gamma,ui,media,rolled_back
120,12.549024874234428,8.074323963683181,262,3,74.83050317269496,17.774682103579334,Alpha,auth,crítica,success
121,NA,1.350434468680671,242,3,67.24147830391365,12.002111569046974,Beta,auth,alta,success
122,6.118257034252814,7.840172643076237,236,4,67.93945615712668,15.207724012434483,Gamma,auth,alta,success
123,12.498809544788028,6.448784757260956,275,1,84.06475544941223,49.71487846768915,Alpha,payments,media,success
124,8.01344346046385,7.771881195641546,244,2,81.45198101027857,7.50709542632103,Delta,database,alta,success
125,11.992709542781167,6.345440595210684,238,4,56.928018009658224,2,Delta,auth,crítica,success
126,10.286964474296738,5.182600383732236,245,3,72.45317270557813,18.86816120791941,Gamma,database,media,success
127,9.54531357420202,8.805980539283265,265,2,90.0858838479255,55.61545191779835,Delta,auth,media,success
128,3.9012886183235693,4.582669896291973,211,2,84.61241912965647,3.4374606125056744,Gamma,payments,alta,success
129,7.101008198560056,1.0091275856632231,279,3,74.53580999277871,61.42474709148732,Beta,auth,baja,success
130,12.718065764471751,5.103375513127652,240,2,59.76306424498031,25.48837807728558,Alpha,database,baja,success
131,14.27048237769414,1.1201534039685606,249,1,73.44259513938383,12.558182783424854,Beta,payments,baja,success
132,10.028490585786102,7.794036868163435,275,1,68.24145875964969,9.221676394343376,Gamma,api,baja,success
133,12.000251536261404,2.126311890517838,268,1,78.1679528265082,4.5519531816244125,Delta,ui,media,rolled_back
134,16.491558573519864,7.399085001645571,269,1,92.60931309661177,8.67902655984853,Beta,database,alta,success
135,17.759422971904762,3.5561994333152875,274,1,74.93282972584957,57.98201004858342,Gamma,api,media,success
136,7.611544926376713,4.288378773435043,280,3,58.91565158738358,7.072961119488484,Beta,api,crítica,success
137,11.530721758999293,7.973745030807545,210,0,69.07051081038611,23.542283601050666,Gamma,database,baja,success
138,16.805993603678804,5.955098722791265,235,3,94.9733733090348,20.16627663273125,Beta,api,crítica,failed
139,10.121081677734797,2.2595515166429823,249,0,74.62157454056796,31.164505853240783,Delta,ui,media,success
140,11.790122060244014,4.6457620849543595,276,1,86.24288064949744,9.946602031588554,Delta,ui,media,success
141,11.655570807051642,4.334881781710709,242,3,94.84342744727175,24.332871078436668,Beta,auth,baja,success
142,8.449283928374275,3.2195620477006552,251,2,77.27351813505436,7.084962856024504,Gamma,database,baja,success
143,10.221263980461048,6.281432816179861,248,2,77.13203002450373,33.816868949314134,Gamma,ui,baja,success
144,11.882220483647048,10.274702964747348,273,2,57.87727582064467,16.79570196116041,Delta,payments,media,success
145,10.344524603768306,2.798602882141692,255,1,64.40601102287516,10.0721222050488,Alpha,auth,alta,success
146,16.453544093472814,4.5838594299739395,269,1,72.0038464820199,5.332873284816742,Alpha,database,media,success
147,10.076028633384073,10.352251234232453,234,0,75.05362588869453,51.57426264370713,Alpha,ui,alta,failed
148,10.267323869597083,5.418820961047534,252,2,75.32157291588699,2,Delta,api,baja,success
149,14.787450306208411,4.31054984140296,228,3,75.90034479817791,31.48622636396199,Alpha,database,baja,success
150,7.7745263473163675,4.990931929553218,277,0,66.17055032627034,4.70074275881052,Beta,ui,baja,success
151,11.837206099395141,1.6627455669534483,248,1,67.6193202406111,16.383422132581472,Gamma,ui,media,failed
152,5.7938207106096415,4.710783818981547,252,2,54.10633041526841,29.137668034916217,Beta,payments,media,success
153,16.66867819694273,2.8304135836324,224,1,57.89140795993835,15.224819663912058,Beta,ui,media,rolled_back
154,10.905417194503677,2.5073747833023177,250,3,69.30606050785678,15.891840633004904,Beta,database,baja,success
155,10.128618701310986,5.442188326190459,247,3,83.22645242459582,19.569117169019506,Beta,auth,baja,failed
156,7.046990688055143,3.51369632303546,228,0,80.50464065672004,23.8357942243269,Alpha,auth,baja,success
157,11.968951864890693,6.013032772265792,246,1,89.48989235190632,2,Beta,payments,baja,success
158,8.79887128819336,5.893443395696256,253,6,74.90049241794883,81.41022419526216,Beta,ui,media,success
159,9.866030680198254,5.741720936059557,257,1,67.68294124694668,15.00345704331994,Delta,auth,crítica,success
160,17.150700982338353,5.263564443338059,250,0,52.380919453346706,5.202156134829909,Beta,auth,crítica,success
161,11.29789651903149,6.040804098464012,238,6,69.13518102372839,40.34155698485087,Gamma,database,alta,success
162,7.712870463397296,2.7772376681106765,273,0,76.87180418839293,10.197798304259777,Beta,payments,baja,success
163,12.65282752986953,2.4382487569284153,230,0,79.20747148236481,71.82792591645357,Alpha,payments,baja,success
164,10.5490463374882,3.4208921704266304,256,5,48.75734236191758,32.99889584529906,Delta,payments,baja,failed
165,14.360054191949356,7.271692703759122,269,1,78.34475824644373,2,Gamma,auth,baja,success
166,17.72968771092396,4.918009714509951,246,1,68.17959294980429,2,Gamma,api,alta,success
167,8.029229955562029,4.673529039802582,249,5,73.92346891128905,56.033283838926224,Delta,payments,baja,success
168,13.81860119032113,4.555061134728794,242,1,93.21581022459881,50.67421777243939,Delta,auth,baja,success
169,12.33959223471395,5.205936298011715,254,4,60.3618725962299,10.668466530740261,Alpha,auth,media,success
170,15.582262329058178,6.047615297581514,228,5,71.6258585908864,34.440555227766616,Gamma,ui,baja,failed
171,11.080887444214934,5.064477943089325,245,2,80.60649828624958,4.2994103617966175,Beta,auth,baja,success
172,15.346476273842454,6.96092553100177,267,0,77.53460712159033,4.382691610604525,Alpha,database,alta,success
173,5.019776554653227,7.5189077009546885,269,2,100,2,Delta,database,baja,success
174,18.757835685253497,7.150464027015716,237,1,63.98204018645113,115.53953119507486,Alpha,api,baja,success
175,15.459111914074311,5.352852040789086,252,1,82.5135481825272,13.24198503792286,Beta,auth,baja,failed
176,11.396896044457009,7.8278749316502925,251,2,65.1436098400904,21.439171558166358,Beta,api,media,success
177,6.20397147944333,5.32194332252213,270,4,63.12275421630828,2,Beta,api,media,success
178,14.572034800167927,5.435135156231793,249,0,99.83339474610199,39.0548130849701,Delta,api,baja,success
179,13.93277545525907,5.250556654473489,250,1,84.70637918929053,25.840644701307113,Delta,auth,alta,success
180,11.974577494314445,6.451348249573074,250,1,64.20622626288376,12.323667503893375,Alpha,payments,baja,success
181,12.605823571449697,3.7386199046760145,259,4,84.33792055964513,2.0494142468952625,Alpha,payments,media,success
182,9.663564118600783,3.4009870668834203,263,0,48.54604045101096,12.892418570816517,Delta,database,alta,success
183,13.475226930520968,8.2660538579747609,293,1,90.45123004726996,32.28323254633456,Gamma,api,media,success
184,13.178617358878062,2.286335754271952,224,1,73.18810910755002,17.973360325590903,Delta,api,crítica,success
185,10.882962506629699,7.57726086453979,267,1,86.13695394612662,24.847526218571257,Alpha,payments,media,success
186,6.655053380427384,1.772283568764709,237,0,84.88407401943388,34.833811951647384,Beta,payments,media,failed
187,14.802995273760137,8.621527672641587,227,1,77.24327004541563,7.016956575214863,Delta,ui,media,failed
188,14.216786489096133,4.88475379980727,262,2,56.61453112693556,12.884606502950191,Alpha,auth,media,success
189,8.65477362879434,9.830126686464519,259,2,74.55424204721146,2,Alpha,payments,media,success
190,5.621647351975028,5.680480231278147,255,1,70.31195302534906,2.4390747137367725,Gamma,api,baja,success
191,12.819834322350536,3.7833665762777056,237,0,66.56580154527272,15.198869045823812,Beta,payments,media,rolled_back
192,10.619648088108441,6.752270359456166,236,1,60.25822226344741,32.94039237398415,Beta,api,baja,success
193,13.010446813457818,5.528371350344775,262,2,60.70779529017154,13.327136144042015,Alpha,ui,baja,success
194,6.823990138061786,6.414816533888288,266,4,57.23042709911934,2,Beta,database,alta,success
195,8.163318222478548,5.503772082372303,231,0,100,12.485637227447505,Beta,auth,media,success
196,16.343099414719603,7.772120844637574,274,1,77.30386993942402,15.046605940908194,Alpha,auth,alta,success
197,13.615099618862855,6.911228594713863,254,3,63.26466231136497,64.94987569446889,Beta,ui,baja,success
198,14.345950146877192,4.20525671656302,250,2,70.44328845186556,44.23412918037265,Beta,database,media,success
199,19.26091378461581,5.47465458165002,281,2,61.33265026904366,49.120332239041915,Alpha,ui,alta,success
200,12.515285714409533,8.282491978567254,236,0,75.76678847244528,104.70957889896903,Alpha,ui,alta,rolled_back
201,3.9962830490739556,5.390294084731359,235,5,64.7571353160667,2.320036040146701,Alpha,database,alta,success
202,13.33510878973428,7.489850741607164,248,3,55.59017284053748,11.637644916772842,Delta,payments,baja,success
203,16.685300509435177,7.213194878689542,263,1,78.25855463643501,28.020840010528858,Beta,ui,baja,success
204,20.23815696919722,5.481428025684959,247,2,81.82942596232529,10.26232594786696,Beta,payments,media,success
205,6.492553607037916,6.655798408784765,249,3,93.24332816268597,48.66881471670686,Alpha,payments,alta,success
206,7.396577737491578,3.9054353842466885,259,2,73.46489417288944,14.445313151925802,Alpha,auth,alta,success
207,9.176714420959515,4.902834594236996,250,3,84.9485111266634,80.95581721856233,Beta,api,media,success
208,7.7837768716912334,8.871136659647988,227,1,71.45731296512596,45.55532142443525,Beta,payments,alta,success
209,9.417025107430035,5.507195101520454,219,1,65.8616885961804,17.353330335502914,Gamma,auth,media,success
210,NA,7.505779372323159,236,4,60.415842658568835,19.489973544066242,Alpha,auth,baja,success
211,7.1951117970400595,4.156554862197057,269,2,89.95499776190418,202.08892767411578,Alpha,auth,baja,success
212,20.147888667932605,0.5,252,1,76.59246698988021,22.321832717400838,Delta,database,alta,success
213,12.431098979542186,3.1950220454654494,269,2,80.4693216910858,2,Beta,ui,media,success
214,11.663567597977677,4.52447662771341,258,3,100,18.45843621423328,Gamma,database,media,success
215,13.982478566418376,2.5639880341968397,284,2,73.2167232489859,2.309863317757845,Gamma,database,alta,failed
216,12.149660744471861,6.688250822868267,261,1,85.73468718382165,64.33308528061238,Alpha,payments,media,success
217,11.47164785217636,4.983253954027975,259,5,69.33224143089215,60.82597146625844,Alpha,ui,media,success
218,17.907149694208385,3.0678430799712086,260,2,90.98753637690278,56.595950287536056,Alpha,auth,media,success
219,11.131879159631586,7.1662784986215335,263,3,67.82272032537857,10.736092865467072,Alpha,ui,alta,success
220,6.8655911836311,4.34902531342976,260,2,100,38.05553228951512,Gamma,ui,baja,rolled_back
221,13.54267156177361,2.681211079312808,248,1,74.13940344693756,27.98142982173472,Beta,ui,crítica,success
222,10.593948505883631,4.77988701174134,268,2,85.46026694095312,2,Gamma,database,baja,rolled_back
223,9.912815626574924,5.312654622751065,242,1,72.9905638522992,11.705531604588032,Gamma,api,baja,success
224,7.727475197251319,9.766274989830276,287,2,100,86.09814168008711,Beta,database,media,success
225,13.71346361306677,5.53071214535014,259,2,55.97654713229854,41.47415980495034,Beta,database,baja,rolled_back
226,11.30392706229202,4.267804891803998,239,3,51.374758875508036,15.628088238622986,Gamma,ui,media,success
227,14.062670914592118,3.019568648564765,259,3,89.94968344149694,5.62593786790967,Beta,ui,baja,success
228,11.062538890776313,5.328683374015715,240,1,74.38968440610014,27.22132743794232,Alpha,auth,media,success
229,9.365986296712917,4.332502540021919,252,2,74.36061369515825,3.935337679724592,Beta,payments,alta,rolled_back
230,17.000946416314868,6.655889051721126,257,0,99.42589778454702,53.942491424039275,Beta,payments,alta,success
231,10.912945139554413,5.538530209657544,222,3,92.99621365251787,49.18895745075761,Alpha,database,baja,success
232,15.791807983500785,7.910459802235755,238,3,60.76103823523343,3.4877587147057056,Alpha,ui,media,success
233,7.193670279564249,5.444938941829823,258,4,68.1406463923758,40.49152600563584,Alpha,auth,baja,success
234,10.135535614497991,2.2145703867506246,270,3,68.7414610885044,8.278632190078497,Alpha,ui,baja,success
235,10.92259441938728,3.243864321587746,264,2,75.63644776261414,6.107885755598545,Beta,auth,baja,success
236,10.436138367476557,4.956291734297746,263,2,92.75659784347391,29.56240247089177,Alpha,auth,media,success
237,17.394828047966854,6.204288495291204,232,4,69.50622401777568,11.67044197395444,Delta,api,baja,success
238,11.90894119480635,9.894517643097313,257,2,75.19479164771997,15.607567570314941,Delta,ui,baja,success
239,12.976903404413802,6.332117711121585,256,0,91.17232280225565,27.230816952597287,Beta,api,baja,failed
240,8.23051316854431,6.172723623726889,252,2,81.33657308096676,32.454189463441665,Alpha,database,alta,success
241,9.083130893961702,2.4638828932999197,251,0,58.331934349993666,23.831657233426597,Gamma,ui,baja,success
242,15.992275634219393,5.717104279913393,261,3,59.943292959928854,33.7153105864626,Beta,payments,baja,failed
243,17.033926658382242,2.372719132878484,234,1,66.08725525428288,22.363394554544055,Beta,api,baja,success
244,16.995454755240385,3.8387718242498483,241,2,64.70971359349383,32.48739601570874,Alpha,auth,crítica,success
245,6.47745180189868,6.729531038340642,250,1,90.01328966744325,26.67709614235669,Alpha,auth,baja,success
246,20.199842774545576,6.90861573478898,240,0,76.72214980374407,19.780112782558728,Beta,payments,media,success
247,16.06749131919817,4.170397107989192,269,4,75.78394139189209,12.023125659674406,Beta,database,baja,success
248,11.893130143446967,3.882763516070047,252,2,78.49097957633985,69.69464885785219,Beta,api,media,failed
249,14.814431115193042,4.459447701797111,223,0,73.98389171100669,12.697414364665747,Beta,payments,baja,success
250,8.114459083392545,8.786238853283779,245,1,77.93322233435363,24.454801647398074,Gamma,ui,crítica,success
251,7.615375033764571,0.5,259,1,75.02665854979413,19.13248924065142,Delta,api,baja,success
252,12.196201803750387,4.735439834718624,268,1,72.6000633642415,10.07996878400445,Alpha,ui,baja,success
253,7.20601657376888,7.211570366639849,258,2,64.47795615500445,30.993940806870754,Beta,api,media,failed
254,12.760075994238992,4.67405229545297,255,1,88.39220821858109,128.73969665954078,Alpha,payments,crítica,success
255,17.190823598418664,2.6380611740328335,233,0,73.34535534716096,16.51246101781726,Beta,auth,crítica,success
256,7.864505108140996,6.301669098334638,241,2,68.4131218993493,22.470054364686302,Beta,database,alta,success
257,9.046236983147743,6.75466509612563,261,2,78.20682476061012,2,Beta,api,alta,success
258,12.186255757803453,2.547442081071635,218,3,100,39.576697342546225,Gamma,database,baja,rolled_back
259,7.9296155206955765,4.37361383000068,213,3,54.93662541765547,111.75614145086945,Alpha,api,baja,success
260,10.466864160454888,6.318183643246102,282,0,56.115862893972874,111.23914405098611,Beta,database,baja,failed
261,15.491021646685594,3.4515619371560673,245,1,91.78789614632457,37.29109775818406,Beta,ui,alta,success
262,15.878180055880469,4.916872924302719,264,1,78.73902142655264,31.179965368395145,Alpha,database,alta,success
263,13.535386660108378,4.519099834525279,218,5,74.18310369979413,29.239908746366794,Alpha,payments,baja,success
264,4.593777347730141,4.656049888563795,253,2,83.11172815065558,21.77879561383038,Alpha,api,alta,success
265,11.784013052695338,4.656163861302951,247,3,81.63427891455747,14.905705064535141,Gamma,api,media,failed
266,16.259092857353135,7.572176610944052,257,2,76.37587588471247,6.921734645962715,Alpha,database,crítica,rolled_back
267,15.25278014964642,7.198819110273328,233,2,47.759294822858735,11.257844422012568,Delta,ui,alta,success
268,11.236734103582874,5.948326331926983,255,2,86.56933406293672,12.858014121799984,Gamma,payments,baja,success
269,1.2002807657451893,4.576026578055497,236,1,70.69116735676832,29.39939242500573,Delta,database,media,success
270,12.243866555204466,1.6770057643806706,238,0,69.11169368701653,19.027114562660707,Alpha,database,baja,success
271,14.295006789934313,3.1314202645509472,249,2,52.0265089519922,35.70620794050901,Alpha,payments,baja,success
272,12.183214318900395,7.224796565663713,258,1,72.7959763686116,18.291865049362425,Gamma,database,baja,rolled_back
273,12.629650160703502,3.201764459525279,229,4,82.21670102437479,7.129187263548374,Gamma,database,media,success
274,13.726261491475084,4.376938207268172,280,2,83.61489656327291,7.037798132747412,Beta,database,crítica,success
275,10.413801055799151,7.18382804278067,245,1,78.91923457886882,20.223769447689346,Alpha,ui,media,success
276,17.239912903006196,2.390893658152114,264,0,77.7973750464878,2,Gamma,ui,media,success
277,13.881573599495773,8.486712790335975,236,3,85.13127946806065,2,Beta,database,crítica,success
278,7.029318917701594,4.777262400517031,268,1,79.09471851131681,2.0022803974415737,Alpha,auth,media,failed
279,17.526301825542134,0.5,237,2,71.95200626201452,32.2481000115326,Alpha,payments,baja,success
280,16.817835748039297,2.9328169021370956,260,2,73.96261803475686,38.985210118661506,Delta,auth,crítica,success
281,15.296295854727525,4.437161671353346,249,4,75.86938226659633,14.350371435284615,Beta,database,crítica,success
282,5.349482391257622,7.771951942501325,270,2,71.98318891368885,27.78033533591538,Delta,payments,baja,success
283,9.722774625578076,7.1370658770185464,238,2,79.79510750674685,2.487390448252149,Alpha,database,baja,success
284,14.542055269158105,6.427139005395782,250,1,84.63833351586119,2,Beta,api,baja,success
285,12.17488803031143,5.810529875627295,236,1,81.44206876672622,55.05493254091782,Alpha,database,media,success
286,13.392049214645228,4.80189562863124,254,0,66.2144594679323,3.9647725707518253,Delta,ui,media,failed
287,21.83837419548166,3.981322739817653,237,4,50.54357503760852,2.30172323808074,Alpha,api,baja,success
288,8.726478702401323,2.7952555678181596,246,1,89.0646676120544,13.411986408229936,Beta,database,baja,success
289,3.5471995402834544,7.025010200553123,271,2,76.90598071551287,28.583109452312286,Beta,payments,crítica,success
290,13.094781089721659,5.218465505265776,254,1,64.92087354688844,20.571213048585804,Alpha,auth,baja,success
291,9.249612635026352,6.960126443397618,258,1,68.29433552173022,32.75299796361237,Gamma,database,media,success
292,13.784164211847463,9.611758120254981,265,0,73.25472797313128,76.88685648027638,Beta,database,media,success
293,8.75046110483761,5.8689624248136605,253,1,78.7300760089034,45.83857552505551,Gamma,payments,baja,success
294,20.848221921340542,4.694536411170644,265,0,71.30299113550738,21.073542977956336,Delta,database,alta,success
295,11.50517611369028,7.019760647641741,244,1,68.342427648917493,16.43053411692381,Beta,database,baja,success
296,10.090657975879791,4.112343794125948,244,0,100,3.588828507810831,Beta,database,media,success
297,11.334954034053567,5.878206908376364,226,2,73.74615894485635,53.46902362804028,Delta,api,media,success
298,15.450253534505723,8.796870363734694,241,6,69.30534973753244,41.85375065498785,Delta,payments,baja,success
299,12.389361940811275,3.777756976918474,273,0,57.24186296378131,92.08972383531477,Gamma,api,alta,success
300,5.4975330431548475,3.1240301029047606,252,0,95.1342437940325,31.278670436625774,Alpha,ui,alta,rolled_back
301,11.98151692869417,2.865638281771737,254,2,63.14469199315219,12.39406805858016,Gamma,ui,alta,rolled_back
302,15.040968670648219,7.47930825331198,296,0,91.16241209235537,45.63039345837651,Gamma,payments,alta,success
303,12.15596365149025,6.194623244252947,294,1,63.30425792921781,28.27566756952315,Alpha,payments,baja,success
304,14.940288566457763,7.544018107968057,266,3,71.96431765761835,37.96464022792397,Delta,ui,media,failed
305,11.41410949200452,6.502186406099034,274,0,65.96897088715193,22.131504892294696,Gamma,api,baja,success
306,11.768450658474869,5.446201555214258,261,1,76.35270859333974,3.375151176005602,Gamma,ui,alta,success
307,13.92947786441813,5.480647046354305,218,2,57.8017016591459,50.20419327612248,Gamma,api,media,success
308,15.971774547102935,5.164774675157232,266,2,79.18582807766492,10.857557628303766,Gamma,payments,media,success
309,7.014418007871831,3.634682875184533,255,1,95.42265430186237,25.27246666598826,Delta,ui,baja,success
310,11.866049900617561,5.254800725087312,248,2,79.96052224954624,18.356343760078243,Delta,database,alta,success
311,11.716151275000016,4.3917866240897645,251,1,69.67352402041543,8.749407586592516,Delta,database,baja,success
312,8.964317385076198,6.405940849133352,181,3,82.72422768329956,35.93636016346036,Beta,database,crítica,success
313,7.862562556243388,2.871082719992314,256,4,69.32411406776697,27.67505802858382,Delta,ui,media,success
314,9.477072184116722,2.7222118925934824,264,4,63.923089471362886,28.728918312971885,Alpha,database,media,success
315,14.347230880051981,8.13027070651015,274,0,72.36657169867682,44.10618956185399,Alpha,database,baja,failed
316,10.334709375265392,4.6665236146819975,236,3,50.811410512157394,30.259498513226802,Beta,auth,baja,success
317,8.860448761978718,7.612505227801643,255,2,44.760285011943516,2,Alpha,auth,alta,success
318,12.653665277944388,7.062225212559206,243,2,70.63303134283915,2,Delta,payments,media,success
319,7.0531430595626015,3.3914821165265048,242,2,88.38216585461947,3.6946298629045486,Delta,auth,alta,rolled_back
320,16.183495104946687,3.12502217263563,260,1,82.20412638545426,48.59497909046232,Gamma,payments,crítica,success
321,10.061618335125162,3.7959418069017756,246,1,72.91770787320948,28.912796235566432,Beta,ui,baja,success
322,12.756515246722662,1.0044384884432507,249,0,76.91935656888604,24.68540312680382,Alpha,payments,media,success
323,12.204025326299893,5.644693942186974,252,3,72.77566111817137,140.7389055409836,Delta,api,baja,success
324,11.999037324454232,3.945351934155708,245,2,92.38063735427875,32.16598697650939,Beta,auth,baja,success
325,19.237528169771462,2.156269896242128,233,2,88.47522986977346,9.958348562178259,Gamma,payments,alta,success
326,8.698688171560221,3.2926834761389414,256,1,62.64581055696523,33.7635458687645,Gamma,database,baja,rolled_back
327,16.58188180891194,7.427954389008772,227,4,73.0301750607888,67.70892548157808,Gamma,database,media,success
328,12.126292750212972,7.291804042121484,268,2,63.465242340478156,8.272380709648132,Alpha,database,baja,success
329,8.659176778773121,7.377037819180851,233,0,67.13402186566722,4.252097178250551,Alpha,database,alta,success
330,11.72494540393395,3.6556246657046305,255,1,72.91860988847318,2,Alpha,database,alta,success
331,14.987086748049867,8.094036211820299,233,1,75.08081877998643,5.84140569102409,Gamma,database,baja,success
332,10.297925062421584,3.255378061773701,260,1,62.80615396784456,9.482693247757204,Beta,database,baja,success
333,8.911671059226173,6.30392373401731,254,3,64.74378753461863,18.182916197403568,Delta,auth,baja,failed
334,12.61105642699158,4.64550506301847,275,2,56.16692402748751,59.130676788047225,Beta,payments,media,success
335,15.954387380715197,7.840075685476169,242,2,75.18853032026476,19.762534639721206,Beta,api,alta,success
336,11.706166661311304,6.390592929044589,255,2,80.47198043136372,4.45516886562109,Gamma,database,alta,failed
337,6.451893785761032,1.9079288185376995,264,3,48.40416907724296,15.466476995497942,Beta,payments,crítica,success
338,6.773296382498549,7.920492412813511,282,0,58.14283521471543,35.073343006740195,Beta,api,alta,success
339,8.926418699688245,4.318728500426498,245,1,66.57784627082603,14.467100780457258,Beta,api,crítica,success
340,9.891567498502168,3.6033972986620575,252,2,86.31821086465891,4.18842925876379,Alpha,auth,alta,success
341,11.914291739833502,4.324969984973828,256,4,72.61518380218455,37.17600595749436,Alpha,payments,media,success
342,14.681992283985128,2.56923776308425,225,2,59.359850966928185,8.243105817586184,Gamma,payments,media,success
343,10.261531845710374,4.019058547729505,267,1,89.74221302435086,12.190751060843468,Alpha,ui,media,success
344,7.5444808667486125,2.496689256785643,251,1,75.99737005929201,29.7401943941763,Beta,payments,baja,success
345,14.428423979514,7.917680683912102,234,1,65.46348239858617,54.05762265320149,Beta,ui,alta,success
346,13.101827874958365,4.847984992159087,258,2,85.47468909503081,2.407226871614602,Gamma,payments,baja,success
347,16.629388277658947,0.5,221,0,78.78588892350291,7.12263486161828,Beta,payments,media,success
348,5.270076562086977,2.530942376045624,217,1,74.57292392632425,14.077849321067333,Alpha,database,baja,success
349,12.349276355579498,4.36254296116754,262,0,80.66423612770171,16.074408642947674,Alpha,payments,baja,success
350,17.41344757577067,0.5,253,0,74.5881963112949,24.409969030802543,Delta,api,baja,failed
351,14.896695202733476,0.7778889865406686,243,0,86.04433991739452,27.406963705008323,Beta,ui,crítica,success
352,8.669788696943154,1.5870180756070078,224,2,77.82574563813228,29.829576796775157,Beta,payments,alta,success
353,14.930113947073657,6.9723159757275175,228,4,80.32858598134652,4.370349429886431,Alpha,api,alta,success
354,NA,5.535873803144517,220,0,78.54981641687424,19.483569607560753,Gamma,api,media,success
355,10.186409955080828,4.58551950852895,274,1,74.17764653378487,11.299073718488216,Beta,auth,baja,success
356,16.75013711451631,2.1601558042166524,238,3,82.3172870039568,71.08075207068559,Beta,auth,crítica,failed
357,10.839418752839682,4.043605502964221,249,0,70.78034266319543,26.144073418264682,Gamma,payments,baja,rolled_back
358,15.314184579861745,2.6023176771860426,253,4,73.65465252086454,2.3572339972760967,Alpha,api,media,success
359,10.835089164883325,5.222957293470175,237,1,71.80407080660903,26.352426471080335,Gamma,database,baja,success
360,5.6945503810083755,6.0906358122334705,261,0,63.71124881753375,18.6473114033392,Alpha,payments,media,rolled_back
361,8.604737212204313,4.608914208428365,221,2,92.26615613418423,14.995481807738543,Beta,auth,alta,rolled_back
362,7.645920552171219,5.610309095688121,255,3,99.16368160356022,24.09551759708434,Beta,payments,crítica,rolled_back
363,10.062837715531305,7.133813689977721,253,3,63.702001776268695,25.249416476970012,Alpha,api,baja,rolled_back
364,10.65475516396171,5.06637869927488,200,3,84.42564037472829,20.314198224728397,Delta,ui,media,rolled_back
365,11.386568437353425,2.9288448521195294,211,1,62.96211244861959,2,Alpha,ui,baja,success
366,11.027011085700616,8.778232847640872,242,1,82.27802634831126,57.324142140105636,Alpha,payments,baja,success
367,19.568808166400444,5.485702881953995,253,0,91.96380139309917,6.185903303325176,Beta,api,media,success
368,6.456006650858321,4.0326479902688535,269,1,62.242550751055575,3.162054631859064,Beta,ui,baja,success
369,10.340702797168879,4.705285353352702,250,0,62.17164289074576,2.732639809391369,Alpha,payments,media,success
370,13.396326112427325,5.498679163475142,235,0,72.1658867504865,3.5643881442810166,Alpha,database,media,success
371,18.513769063261627,4.706302608379214,246,1,86.34217694592017,2,Beta,payments,media,success
372,12.354087582854465,3.6002386854652517,261,3,59.25915642355694,19.915328801702458,Delta,auth,baja,success
373,16.956602833602254,6.30811471585951,251,0,78.21824732482004,15.941424898803234,Beta,database,crítica,failed
374,NA,4.815010226017849,284,3,61.3527707709027,3.626691821962595,Gamma,payments,baja,success
375,17.785426101513917,3.76717359800415,253,2,56.9149885559427,2,Gamma,auth,media,failed
376,9.23775931333927,1.2699323800365439,250,2,76.8646790167207,15.977931998670101,Beta,ui,media,success
377,10.894275658184592,3.8877685689116763,250,2,66.64404621372162,23.93519288945704,Gamma,api,media,success
378,7.562324960402251,5.7468005628457774,264,3,78.05792914793413,2,Delta,payments,media,success
379,12.535477265717807,6.295256257827468,253,3,82.28915766548549,3.618265025317669,Beta,database,media,rolled_back
380,19.141356206926208,2.4513193700775675,228,1,69.4030313482872,30.776206723337467,Alpha,auth,media,success
381,21.68865342100636,8.022637676764116,233,2,66.6829631323499,12.461597945541143,Alpha,ui,baja,success
382,7.692684391526353,2.8630086827981662,228,2,63.71449891843612,35.64690193332253,Beta,ui,media,success
383,13.943764441612396,3.7797634714316724,243,1,82.85584379337692,76.37478305511002,Gamma,database,baja,failed
384,17.554086954977166,5.35429870221021,255,1,90.4565264891868,4.7849242748977625,Delta,database,media,success
385,11.217372730861824,5.8360541133493005,256,3,87.79624541497418,58.61024151439992,Beta,ui,media,success
386,11.127300809175155,4.958423652306603,242,3,72.6611172091199,33.83185296431778,Gamma,ui,media,success
387,10.78088818181422,3.8148692247016545,264,1,86.9705166531055,3.9871496624069334,Beta,database,alta,success
388,14.391330896445773,1.5033247998674089,239,0,64.01767869120334,85.1630764106169,Alpha,ui,baja,rolled_back
389,17.589717643263036,2.8856635403243707,264,7,55.75036821608393,16.325235307216644,Gamma,database,baja,rolled_back
390,14.750479044959853,5.529181157946896,264,1,70.19293742319317,5.284243002533913,Beta,auth,media,success
391,13.280752057187874,5.7063491594638975,237,0,74.96106898252513,10.969176203012466,Beta,auth,alta,success
392,10.792520296890958,5.492540646665394,265,2,77.01431825928564,68.54347119728035,Gamma,payments,alta,success
393,13.993394742231798,4.859611621687988,277,1,84.472059225205,5.242011610418558,Gamma,api,media,success
394,9.801852328332975,4.974304213596758,263,0,84.85744303589448,3.2594039971714936,Delta,api,alta,success
395,NA,5.204828538589073,220,2,58.340137470606464,38.288967711697204,Alpha,database,alta,success
396,16.386053772446928,11.05151068078712,235,0,82.71009457241473,77.33514935431535,Delta,ui,baja,success
397,13.768052352715246,5.0111326374019285,240,0,68.91000644502034,6.8140664510428905,Beta,ui,crítica,success
398,12.96406517610445,2.951645073879809,252,0,50.7968399184273,5.673548765480518,Gamma,api,media,success
399,10.977569378577925,7.114880015961322,263,3,68.68295438058254,28.245046085601146,Gamma,api,baja,success
400,15.72413160593953,7.920063441439118,256,2,72.36243632988966,50.21751961289881,Beta,database,baja,success
401,17.33965034150189,6.677129152827021,214,2,95.82291981002604,2,Gamma,database,baja,success
402,8.522912944498232,4.75906467025218,198,4,86.66145195495339,2.001071025701188,Alpha,ui,baja,failed
403,12.22194781866041,1.862433239289043,231,2,81.25228693240379,3.517352230846882,Gamma,database,media,rolled_back
404,12.196267652767677,6.539732037908366,255,2,90.1101753546524,11.710183247923851,Delta,api,baja,success
405,9.686577086556413,7.281382846998066,238,0,92.61681115313647,35.170093586658766,Delta,auth,media,success
406,8.005045376015982,2.60768350511075,269,2,75.53204542437653,113.00641580811197,Beta,api,baja,success
407,11.990268879973593,2.904197407033032,239,3,60.82786902327999,6.153380915522575,Delta,api,media,success
408,14.622047531251877,3.6321567223207705,257,0,56.73292252247255,96.85687542947677,Beta,api,media,success
409,17.90736911590621,3.1819022570483,226,1,66.01497003797945,35.268511005194014,Alpha,database,baja,success
410,4.363388846883145,4.9432690730642115,229,2,81.78102085438064,7.453265938907862,Alpha,database,baja,success
411,9.190242106750363,1.1064764178867317,291,3,85.6851694144815,26.0949966152361,Beta,database,baja,success
412,10.754279127952325,5.288712632241628,267,4,75.19999523993631,53.7162977522266,Alpha,api,alta,rolled_back
413,5.347371877330497,4.279849114338362,269,0,73.26929679821747,2.5122445372440074,Gamma,payments,media,success
414,8.99786623283084,7.644867196234832,278,3,88.27123781542899,29.83010069925099,Delta,payments,baja,success
415,8.890592963273967,2.8835394360567874,248,0,68.12144064308299,6.63392898067832,Beta,auth,crítica,success
416,9.10972120056159,8.7230109829978435,237,2,94.86291743811987,13.921929310938463,Beta,auth,media,success
417,3.2446616034117284,4.654020346493414,256,1,66.5684199980318,17.591661799487248,Alpha,api,crítica,success
418,12.853674201146218,5.21262594325544,258,1,69.4566846385042,24.873967074430574,Alpha,auth,media,success
419,9.472308254980675,3.3753499938546616,239,0,92.38796391596293,15.463947046548128,Gamma,api,crítica,rolled_back
420,18.08196477532865,1.3358250548323651,256,1,66.46013588463141,16.15604093670845,Beta,payments,baja,success
421,15.183823797660327,1.8878484142720104,266,1,61.46258633814849,10.775094531476498,Gamma,payments,media,success
422,6.185881739468803,5.229318528254726,240,0,75.09242174639623,34.2590766528946,Alpha,database,media,success
423,12.393581684023355,4.949236224473243,226,1,76.48139510944861,3.0867253725461437,Delta,database,baja,success
424,9.624916063067385,7.569885601286465,254,2,68.45410834914767,21.158897186190988,Delta,ui,alta,failed
425,15.55312467453806,4.765537247240151,266,3,82.31904050026588,17.62801516478997,Alpha,ui,crítica,success
426,12.212281661994666,7.571845584982102,260,2,100,49.947322821034014,Delta,database,alta,success
427,9.771905496621377,8.398851932885593,248,2,70.96651631498125,15.846350278705359,Beta,ui,media,success
428,13.75358814469088,5.539806167908192,261,1,58.182105400575594,6.916597109287977,Alpha,ui,media,success
429,12.610432634569676,6.968995721752887,277,3,58.87987116601623,11.822583485394716,Delta,ui,alta,success
430,11.341529673001743,4.206473232741798,248,4,70.76765948562834,45.730481205354316,Beta,database,media,success
431,20.0795624859039,1.868019437162971,212,3,96.49731794966297,41.15133301712094,Alpha,auth,baja,success
432,9.882456454730955,4.593614658604157,212,0,72.87412347788168,27.220748550181682,Delta,database,media,success
433,10.116852108063831,4.6404209159484235,257,2,72.80767628425454,17.707518584018043,Alpha,api,alta,rolled_back
434,5.8162523039299066,2.6177627823362126,275,0,52.792061047793155,20.823465700685233,Gamma,payments,baja,success
435,11.837893106819292,4.77178198857821,240,3,83.12519284180794,39.42429493166028,Alpha,payments,media,success
436,15.561425221882704,8.03015618890687,246,3,91.74259798819428,68.35705196761558,Beta,payments,media,success
437,3.7144485962831446,4.149512601387529,238,0,95.7040081398724,18.49306332102165,Delta,auth,media,success
438,10.999739519707925,8.642909019731363,279,2,60.59391451904722,52.73180074687329,Gamma,database,baja,success
439,7.273398293386728,3.004347373830113,244,0,73.4684688426463,102.8754133819645,Gamma,payments,baja,rolled_back
440,17.76774906006763,2.335507702016538,249,2,61.52911493014384,5.0169714531065654,Delta,auth,media,success
441,17.431582155515446,2.0541540954817905,230,0,68.21649527271367,22.779659718074413,Beta,database,baja,success
442,13.338011389362599,5.708159426481613,240,2,100,49.350192500124564,Beta,ui,media,success
443,17.71735232160091,4.463276672041595,234,3,80.6281662959839,9.565173333132932,Beta,database,baja,success
444,8.530728596485263,5.257066960814992,248,4,83.60338470700017,15.45500060543418,Beta,auth,media,success
445,15.802606899887543,6.933509086291222,247,2,67.4699840490245,62.532534700781405,Alpha,api,media,success
446,9.65995396546706,7.734722407801513,277,3,65.24209947126623,48.370416505108466,Beta,api,baja,success
447,13.283830090102516,4.041484442967159,257,2,67.53884899872986,6.444824315607548,Gamma,ui,media,success
448,10.802415933340367,8.304738285817185,243,0,87.95275042695707,14.099155068397522,Alpha,database,baja,success
449,10.885827666827726,4.7084284122235305,233,2,65.3171639703092,6.479717373847961,Gamma,api,baja,success
450,14.184460633318126,4.333568300662927,250,0,84.44646918493149,81.12508016421434,Gamma,api,baja,success
451,6.784715385420512,2.2874866294851715,245,2,92.8173666702443,2,Alpha,api,alta,success
452,10.99634213983016,2.9164074441439416,254,2,50.36563511969534,12.583604268729687,Beta,database,baja,failed
453,12.68402949487164,4.814705463807964,259,0,74.70238648290336,8.269158851355314,Delta,ui,baja,success
454,10.386130085009965,5.438930188175677,255,0,73.67950943981637,6.084577716886997,Beta,ui,crítica,success
455,12.418637763342907,3.040639629570284,284,0,95.42792233270424,37.720073772440536,Beta,ui,media,success
456,10.724476853063964,7.210357401863316,252,2,87.74253450916483,36.042194990287406,Beta,payments,baja,failed
457,18.47337574353371,7.549402229538085,271,0,41.03462371065707,39.97516382278112,Gamma,ui,alta,failed
458,14.856754405954469,1.1243123751242563,286,5,81.18488861491296,2.5133685059845448,Alpha,ui,baja,success
459,23.86346147933297,3.573411773751485,230,2,95.61610784106183,36.007868615756614,Gamma,payments,media,failed
460,8.819689581763155,6.439767178914297,276,2,71.36005790113093,20.69860929149895,Gamma,payments,media,success
461,15.257463658719653,6.933373400813119,242,2,97.42770715602632,95.79153195357513,Beta,database,baja,success
462,20.392123240521492,5.39403806310845,245,2,74.27011460576307,11.656831305474043,Gamma,database,crítica,success
463,13.20392022061028,4.775251092427796,241,2,84.18687323382908,2,Delta,auth,media,success
464,7.667699432643076,5.124021627145708,245,2,64.6498021639433,9.061478678137064,Delta,ui,baja,success
465,7.974709992786861,5.899522696122998,231,6,82.88154014126444,2,Alpha,payments,crítica,success
466,11.858341740329552,5.381947069082226,261,1,89.81796357567856,2,Alpha,ui,alta,success
467,17.23649744341366,11.597777790993701,268,0,80.77355194470995,7.621984698247156,Delta,ui,media,success
468,15.001601946586877,3.494763198786888,275,3,63.40620010973913,6.144313964992762,Delta,payments,alta,success
469,3.4465266895503213,3.6432176929044973,242,1,79.24880029284587,9.89474442601204,Beta,payments,media,failed
470,9.198583564533463,6.352045053872997,245,0,82.58262062613223,2.8751715905964375,Delta,ui,media,success
471,11.963774098828058,7.233647222717513,263,2,74.97555875490879,4.196047734311703,Beta,auth,media,success
472,6.167466051020927,5.202804183099483,250,1,64.56133079008899,13.3942782394588,Alpha,ui,baja,success
473,14.778118585979477,5.143022986706911,240,1,74.74810882309714,59.7577753781828,Beta,api,baja,success
474,2.154658099254048,4.721694248555711,248,1,74.93263840305195,5.046149253845215,Beta,api,baja,success
475,12.573159056161824,7.488475574342128,249,2,99.48272107526373,59.88038773532239,Alpha,payments,media,success
476,10.435111523491775,4.214802403609841,218,2,75.28888957510007,18.913051797931484,Beta,payments,baja,success
477,10.035343657543699,4.386948205816207,266,2,75.06978451477563,29.516933194284732,Gamma,ui,baja,success
478,10.865410190191795,7.326594582039688,265,0,75.95757648841433,27.494040793662364,Beta,ui,media,success
479,13.25917921883137,7.37638841793809,276,1,99.14577259603402,3.287194713950157,Beta,auth,media,rolled_back
480,13.585306311755957,4.362679815956147,269,3,64.43929933496057,10.753505621105433,Alpha,database,baja,success
481,11.097585155856159,4.285836149808586,280,0,80.41045874223026,79.65752094580766,Beta,api,baja,success
482,4.300198278637762,8.057044860512104,251,2,96.16761078804018,3.539372819151081,Delta,database,baja,success
483,6.243082806712082,7.673762374868715,259,3,71.3576927683464,3.342907057441523,Beta,api,alta,success
484,6.121368904110393,7.32998168098127,254,1,65.16800686701741,2,Gamma,database,baja,failed
485,15.047453787567726,3.5763478921055634,279,3,74.97483846027122,45.73421242631493,Gamma,ui,baja,success
486,11.025540072514879,2.273753731616245,255,1,70.2784156623038,35.998353084944746,Beta,ui,media,rolled_back
487,13.07870642967203,6.909483597382996,262,0,59.175177968051656,45.47689707375584,Alpha,ui,baja,success
488,5.764289916176736,5.272464657255438,268,2,59.965922511462196,44.53218278087197,Gamma,api,baja,success
489,9.857647973214746,7.535753024084488,269,3,84.14410978573099,2.3368032699780024,Gamma,payments,baja,failed
490,14.249807892693982,2.4128213551704625,253,2,73.63636556819331,34.57884585655747,Alpha,database,media,failed
491,11.286695506320326,8.701613740075025,253,2,89.97304734451353,22.091940230613044,Delta,ui,media,success
492,11.539456055189397,4.346904884037229,284,0,95.54255649857126,55.742751265027394,Beta,auth,alta,success
493,11.711754111574534,4.709269395271352,243,3,76.56315784099031,8.363268680870533,Alpha,database,crítica,success
494,16.843639227705214,5.520761073218964,245,1,69.87341218028914,11.004136003553867,Delta,ui,baja,success
495,9.540412396801187,3.6918488665949254,231,3,90.4713715232252,14.154465496183505,Delta,api,media,success
496,14.704505833258803,5.380965333045693,229,4,66.18174323189697,11.799331484569997,Gamma,api,baja,failed
497,15.594398422150206,3.716996540757875,240,1,87.38514797227275,16.82923887569218,Alpha,api,baja,success
498,7.242728385915921,5.4451610672194075,225,1,80.09955398445182,34.053276374417294,Alpha,api,baja,success
499,12.485035399276036,3.231998374716511,263,2,73.60900637768698,8.701986193656921,Alpha,api,baja,success
500,11.955113255478354,3.4119110639897245,252,2,57.248638702342745,22.138581587856105,Alpha,payments,alta,failed
501,16.116562877255042,6.6099018905432665,273,2,65.07363860964998,19.664793490355304,Beta,api,alta,success
502,15.659099470878452,9.394401506942177,251,2,64.994561894939,8.716035582125187,Beta,auth,baja,success
503,11.990174933281747,4.4365493418462245,257,0,86.36093263346149,7.435741628397784,Gamma,auth,alta,rolled_back
504,12.544038209654909,3.602785184440174,284,5,74.89397233116712,5.2783209308981895,Alpha,payments,baja,failed
505,9.119385820227501,6.911219184275892,250,2,82.01486115306919,20.379259786491684,Gamma,database,media,success
506,11.207502679795136,4.4656903996029875,239,0,65.27636050435432,42.30653120375691,Gamma,payments,baja,success
507,7.8831647758069074,6.370826780514438,246,0,72.72335476221363,2.215660909900828,Gamma,ui,alta,success
508,8.132176416589537,1.743044100504541,252,2,70.24626871249606,2,Delta,payments,baja,success
509,7.11674764432362,6.023816462709968,230,3,80.79567503757178,15.901075433939695,Alpha,api,media,success
510,15.344830815779346,9.234028043298174,251,3,86.11385676669929,57.62957030828652,Beta,ui,baja,success
511,16.459887193981615,5.470783802020299,261,1,91.52609680587885,30.928031092776774,Beta,ui,alta,success
512,10.348220588291637,7.53011015691861,247,1,87.11012920763268,5.1194146648049355,Alpha,payments,alta,success
513,7.484090407972678,5.20718461887967,275,1,84.6685414262326,29.43115029383212,Alpha,ui,media,success
514,11.648274672891795,6.958993118901418,244,3,73.77628905700884,22.441508575265697,Delta,database,alta,success
515,20.967614773250496,4.250881869029539,233,1,100,25.666207215671832,Delta,payments,media,success
516,20.16525268300196,4.164768581065477,256,1,82.77361715172165,42.76163153148709,Beta,auth,media,success
517,5.12079865311419,5.841827352449794,269,2,87.96603526212598,61.45154193671785,Gamma,api,baja,success
518,10.572373375510452,5.976848396933573,257,0,65.57800415377947,11.709007881581783,Gamma,ui,baja,success
519,18.133121968649178,7.51225113470711,249,4,48.12418090967034,33.73539071019013,Gamma,ui,alta,failed
520,11.847023613559053,6.895481449866876,264,2,63.87332107996993,35.82708256137112,Gamma,payments,baja,success
521,18.3896529693057,3.5217783468987607,242,0,98.66855839954518,31.543843454604442,Delta,auth,baja,success
522,10.66565842676047,4.402491194811224,250,2,91.4511659989735,10.932102844119072,Beta,auth,baja,success
523,14.41994369566151,4.596110754834798,244,2,75.87228248739032,2,Beta,auth,baja,rolled_back
524,12.896964957001005,6.29535381696151,247,1,76.80429756294802,24.43434904004463,Delta,ui,media,success
525,24.91627798192023,2.165508068841042,261,0,86.87784053060483,11.672731474041939,Delta,payments,alta,success
526,15.681810267090082,6.985068121690783,256,0,79.16619179956896,11.622656106948853,Alpha,database,media,failed
527,7.173843723136314,5.077146166060814,260,1,82.35008772108883,3.9589463621377945,Beta,ui,baja,success
528,9.584475323346927,5.254702461036981,246,3,96.5667772177571,2.776916171645137,Gamma,api,alta,success
529,13.48094113848825,6.503072284492828,283,1,79.79337842139202,2.145822901278734,Delta,database,baja,success
530,4.395997413281574,4.8743757366782905,255,2,74.20525940596303,41.55892489648877,Gamma,payments,crítica,success
531,4.782360220147031,3.594737690626302,246,1,80.27477284520046,10.07844978198409,Alpha,payments,baja,success
532,7.512709574579124,3.5608778545094744,231,2,70.50583860701573,14.852759150574995,Alpha,api,alta,success
533,10.608281573763442,3.8944248417734455,216,1,86.75178993438637,13.616924811154604,Delta,payments,baja,success
534,16.95560859452792,5.565242941454624,259,2,61.23695350340428,4.598789568990469,Gamma,api,baja,success
535,10.903209740590885,2.1545461285473086,245,2,65.33315793838268,7.987074002623558,Delta,api,alta,success
536,12.649522862232772,2.4733032983575556,245,3,77.68948904260473,20.529472096746257,Delta,database,media,success
537,11.74157236098775,6.755770003588201,245,2,86.0136786750362,15.092885211110115,Alpha,auth,baja,success
538,9.17905161189943,3.4844057146411447,233,0,74.18215649869487,20.17447442460566,Alpha,ui,baja,success
539,17.448789075003962,4.139964678552759,247,1,70.80319858381509,59.447389078095824,Alpha,payments,baja,success
540,7.613947247666733,9.444292258812146,277,3,62.98564251132164,16.111136320978403,Delta,auth,baja,success
541,11.086265925812434,4.188242182233939,247,0,76.05001855222474,125.91550938079322,Gamma,database,baja,success
542,10.608687677558924,4.2350456942233,244,1,70.15371861149181,29.80388351429015,Alpha,database,baja,success
543,14.128514478026933,6.061382633509091,247,2,85.81043544029053,31.25397173959523,Gamma,database,media,rolled_back
544,18.428938249044748,6.675646682531312,278,3,59.46638240324488,2,Gamma,api,baja,success
545,14.055258104466375,6.591463609813328,278,3,66.34470049701453,8.173086449503899,Gamma,api,baja,success
546,17.529492642292112,10.387890339979089,237,1,71.04505053038916,2,Beta,payments,media,success
547,15.052388194199612,9.12069859039892,242,1,69.95831047152055,19.32065965493229,Beta,api,media,failed
548,9.501661821463554,7.481863277529872,269,0,74.81939780325901,2,Beta,database,alta,success
549,12.326175201715948,2.4419499640316755,263,3,76.33053689746069,2.262685893587895,Gamma,database,media,success
550,17.504316445459075,4.430143897165838,228,3,80.70366607647726,38.54432979024468,Beta,database,baja,success
551,5.754936855371835,0.8532201615098876,228,0,81.60394539095272,2,Alpha,ui,alta,success
552,13.299082642378796,2.2065569677198784,254,0,80.2418655675618,8.422898221760988,Gamma,database,crítica,rolled_back
553,11.372838732191049,5.482972988270969,224,0,78.16289213790397,12.50000149011612,Alpha,ui,media,success
554,15.511135442937407,5.929893743090324,263,0,76.11576961374512,2,Beta,ui,baja,rolled_back
555,15.000666300722553,2.8859761253542926,242,3,68.58747482239673,33.74712574806746,Delta,payments,media,success
556,13.204213615371321,4.190391123099175,251,1,71.60817631853482,53.044718959846925,Beta,payments,media,success
557,17.97124446891724,8.103992901651711,251,4,66.45765397493696,17.411577700560382,Gamma,auth,media,success
558,5.898024799321198,5.039375469142194,243,1,71.77750094446657,17.899603755148004,Gamma,auth,baja,success
559,15.642870233944087,7.408433598291798,218,1,65.7412056147716,28.694373763089473,Delta,api,baja,success
560,5.681871888569844,6.002262829486397,250,1,71.1784084005576,28.03765303540736,Beta,ui,alta,success
561,14.350865028474326,4.374963881322325,236,4,57.65141813763273,5.556504908949137,Beta,ui,media,success
562,12.358569184002898,3.4422147402591694,247,3,64.67123491351653,2,Delta,ui,baja,success
563,15.869046627799358,5.964919572443981,256,3,83.21284483606334,30.322779892866905,Gamma,payments,alta,success
564,12.315249411659293,3.7283167988834913,245,1,96.28513436712936,11.408185546414698,Beta,database,media,success
565,5.72520065405564,4.835528259053281,257,0,70.80606834723045,12.668525241315365,Gamma,ui,crítica,failed
566,3.968707263935638,5.6287348149620735,250,4,62.18359512526136,86.09422672780897,Delta,api,crítica,rolled_back
567,14.163894096955051,4.862418431392568,251,1,84.34600727515706,94.00203586610701,Delta,auth,media,success
568,11.706493607566298,3.083111747298734,250,2,90.1796020084617,2,Gamma,auth,baja,success
569,9.715926425767677,2.8299103504879897,239,1,37.626268796514616,29.581797144298847,Delta,ui,media,success
570,10.755726160585436,5.626688307840185,220,2,80.19057973920522,88.42285836728956,Delta,payments,crítica,success
571,9.31433973159454,6.277419348489101,232,0,60.36810356020923,16.321983117610216,Beta,payments,baja,success
572,11.370638191676083,5.620599863696837,290,4,45.81015114387282,13.983310237526894,Beta,ui,baja,success
573,8.274779716000522,6.022121855104671,251,2,61.41054877012252,47.97624362803517,Gamma,auth,baja,success
574,4.067962082119473,2.7866665237845294,233,1,84.78002894922487,25.612098141496475,Alpha,database,alta,success
575,11.121600783002489,4.448514050164909,244,3,75.00371791358624,11.843188840895891,Beta,payments,baja,success
576,16.18110347784958,6.502993302393486,247,3,89.14779936567777,45.798472119341476,Alpha,auth,baja,success
577,19.50931826519868,7.820955577802218,248,0,86.466334915799,3.57749243439521,Delta,ui,baja,failed
578,12.010424783828665,3.1528209253809987,248,2,76.46776630589557,87.17776192220595,Beta,ui,media,success
579,11.677320261163338,1.6810472617046925,255,3,76.58163337488133,35.625294237024406,Delta,database,baja,success
580,15.85192912495948,5.228608237026293,234,0,80.83044838309117,6.575683292001486,Delta,auth,crítica,success
581,12.21428406618607,5.725018763899301,253,2,70.47409545140559,2.421914342790842,Delta,payments,baja,success
582,10.26040636435985,6.799391615801975,275,2,53.18402899195748,19.341294339781097,Delta,payments,baja,success
583,5.050810978630767,7.910501814611729,256,1,99.33604582293462,2,Beta,database,baja,rolled_back
584,6.945217600870262,4.888619190814656,252,1,87.28348999387126,9.402207389473915,Alpha,api,baja,success
585,13.625234048277093,2.3143934940582556,267,1,94.79061636730994,47.34645582507881,Delta,api,crítica,success
586,6.16138412888097,1.8085653147886678,254,3,66.06617851262206,7.400613565560821,Alpha,payments,baja,success
587,16.193829480618795,1.684527142543049,225,0,67.2590407057407,2.163278136261437,Alpha,api,media,success
588,6.6142778421991855,4.934083104001944,238,2,71.15761234399916,2,Alpha,payments,baja,rolled_back
589,11.225717767546023,5.803300753869774,241,2,81.47627374359399,16.99704227694599,Beta,ui,baja,success
590,11.990656171545297,3.7122796879375493,226,0,79.47844575535144,30.055378026252086,Delta,payments,baja,success
591,11.948681064531248,7.646215033022072,234,1,68.1439405897232,79.07474433972475,Beta,database,baja,success
592,12.607789287937592,6.133391350400949,219,0,60.35033235597813,2.314441468566656,Gamma,payments,baja,success
593,14.394044525604315,4.527813074806595,245,1,77.58928523420622,32.7772690941742,Beta,payments,baja,success
594,11.495150250806883,6.374074832016152,264,1,74.61657096029506,19.655817589645675,Gamma,database,alta,success
595,11.005857736612898,5.903774346039915,279,1,62.0936097266175,6.9049041867256165,Delta,auth,media,success
596,12.641309579618488,4.301826516358414,244,3,72.52358775032454,16.249070651829243,Gamma,database,alta,success
597,10.265432233610923,5.94006129755851,260,0,77.00936967407328,35.69935753739892,Alpha,auth,baja,failed
598,18.14964967640108,7.5951690913395264,247,4,76.30216676866877,29.51115579800916,Delta,payments,baja,success
599,3.319013693535691,6.6290697308001185,291,3,82.36500084255425,2,Alpha,database,media,rolled_back
600,16.10801847716572,6.221018275343255,250,3,62.20830262068269,3.45241205021739,Beta,auth,baja,success
601,11.006068267240268,3.986402211812903,237,1,66.79145384951994,2.4421725422143936,Beta,database,alta,success
602,13.689281543329573,5.3412495320175015,280,0,80.84993725521015,2,Beta,payments,baja,success
603,NA,2.8940181252888952,226,1,66.40025747080384,5.909329131245613,Delta,auth,alta,success
604,15.342272688140092,5.703019005714618,252,1,94.48767846405349,74.14265473681962,Beta,ui,media,success
605,9.357912563817179,4.165970175786683,271,1,96.45272367855029,16.649096622054866,Alpha,payments,alta,rolled_back
606,18.256277973167343,3.3403138654215185,240,0,58.64103628045862,19.23587837956841,Gamma,payments,crítica,success
607,5.508096258833812,3.182080314703598,216,2,71.40064097119682,10.136616110801697,Beta,payments,crítica,success
608,15.455585493915951,5.11838345725274,258,2,94.96182582254852,41.279829067955596,Gamma,auth,media,success
609,9.9535889062552,4.5464835428300265,251,2,77.42246497322935,35.973886905084235,Alpha,api,baja,failed
610,4.330539898218394,3.2646421248702784,277,3,80.40218239326306,18.071936396798673,Delta,auth,baja,failed
611,4.536744605520206,5.147709433888085,244,0,95.39622965496108,12.070643294602633,Beta,payments,alta,success
612,12.980716253758754,8.459232275242254,235,5,74.97942279234019,13.039787393063307,Beta,ui,alta,success
613,20.894137207632266,8.494457570364553,266,4,72.7789433293523,33.43405633963166,Alpha,api,alta,success
614,13.09350425657786,3.528871087407546,251,1,81.53028948948132,15.307487268000841,Alpha,api,alta,success
615,16.52313917811313,3.674321778899672,227,2,81.62410369679736,28.179741024763356,Gamma,payments,media,success
616,15.354677496240397,5.131905251667129,249,2,85.48892993909558,17.379250857389966,Alpha,payments,baja,failed
617,9.381538888487178,4.322874447093544,242,1,72.44891645531197,11.704012680798769,Gamma,api,alta,success
618,15.815843913917583,8.578302479975719,283,0,81.96441423686397,31.118957764392192,Beta,ui,baja,success
619,13.41180586195729,5.989311534922199,246,2,78.21005727848625,6.5159424394369125,Beta,payments,baja,failed
620,12.826397170598455,6.1370793412245,249,1,79.82223545061568,8.63729291036725,Beta,ui,baja,success
621,16.004452937240995,6.140652759843492,238,2,50.46980903086296,13.341009266674519,Gamma,payments,media,success
622,14.989807966561106,4.416091609077221,241,1,81.22067487886943,2.727165687829256,Delta,database,baja,success
623,9.493700653107446,6.666637632485587,245,2,60.61263413894538,23.143918666467926,Delta,database,media,success
624,13.580894743746857,2.259162419853068,257,0,60.525649620857166,15.733927477151155,Gamma,ui,alta,success
625,8.43132818381769,4.989657228934575,239,1,80.89536957677875,2,Delta,ui,media,failed
626,14.523273640367092,7.6572576164121,253,2,85.25050196739552,55.05097990059181,Delta,payments,crítica,success
627,10.26917926686173,1.404163933537415,235,5,81.57699752020963,40.648089809172276,Alpha,database,media,success
628,13.808554576874068,2.924053945791815,246,4,94.96651089070401,13.69537090882659,Delta,database,baja,success
629,13.471996180785382,2.764835605363098,231,1,81.06342877580066,16.58667105808854,Delta,database,crítica,success
630,10.918450041352363,6.463405454970038,243,2,78.33345021833497,39.240567647393256,Alpha,database,baja,success
631,13.862050470851916,4.9559085671946805,293,1,95.94845888808437,2,Gamma,database,alta,success
632,14.297424902507876,4.49101887587871,243,1,69.56270602163794,8.037627417594194,Alpha,ui,baja,rolled_back
633,11.077200039370355,6.469657003747117,242,1,68.08924946162884,19.846425264065555,Gamma,api,alta,success
634,16.688970033209806,1.3685599631878613,261,4,66.04576691093571,4.014248661696911,Alpha,database,alta,success
635,17.570810826932487,6.853241699523351,247,1,57.70500318367612,12.737114891409874,Alpha,auth,baja,success
636,9.352034977161662,4.024651920295633,252,1,83.94208659882678,15.322511918842793,Beta,ui,baja,success
637,8.890523173099943,5.751228492350053,239,0,48.294630177334724,6.743162847701331,Beta,api,alta,success
638,14.05415431563512,7.009925308707162,256,1,82.02157333242857,32.513027339165504,Gamma,auth,baja,success
639,8.34675104783491,3.6945424056256924,228,1,95.26228499745511,14.681835383176804,Beta,ui,media,success
640,10.202304778998798,8.428342762117037,238,1,81.49088352869812,49.72991716660081,Alpha,ui,crítica,success
641,NA,4.665231411995073,247,3,85.98699090325768,9.000260666012764,Alpha,api,baja,success
642,9.706092596075585,6.622849342968227,264,0,84.74627309179252,104.44327756157571,Delta,api,baja,success
643,4.287499328606694,1.752191815295915,267,2,100,13.119848068803549,Alpha,database,baja,failed
644,14.657563335288593,3.256192609396953,245,4,73.68421297984034,7.469569437281812,Delta,payments,baja,success
645,5.589839104822988,4.821124676158764,277,2,80.62606948619742,7.248846687376499,Alpha,api,media,success
646,6.5815989701846025,6.893227131915997,264,3,76.94367366719521,45.64404147661744,Gamma,ui,alta,success
647,1,5.21519187390026,288,2,71.04316839774762,20.924908696596912,Gamma,auth,media,success
648,15.32495128892025,2.1764598696343946,256,0,79.49165986126357,2,Alpha,database,baja,success
649,13.004388355389375,6.13111725797037,228,4,71.94280851586987,15.608483042567968,Beta,payments,crítica,success
650,13.849173863765317,5.476726126742077,241,1,84.72382279043248,18.40183424848824,Delta,api,media,success
651,15.379168892892947,7.064964837147643,275,0,61.42211370123228,3.718807659372753,Gamma,database,baja,success
652,11.832113902713752,4.76066213669967,262,2,74.68319352896522,14.901308834552765,Alpha,api,alta,success
653,7.577696377199889,9.398737734357777,251,0,74.13152295531722,2,Delta,ui,alta,success
654,14.255102609323496,2.7792649101922313,241,2,72.22828328987896,7.145910479128361,Delta,auth,baja,failed
655,17.21345902327868,6.2191904926818244,239,0,76.91492754999535,86.47439981492903,Gamma,auth,baja,success
656,5.9991162488213705,8.22995128010001,234,0,68.10333711225341,7.288047373794857,Delta,api,alta,success
657,9.572043059523857,4.0835284649129955,251,2,95.58464513842199,11.84308883920312,Alpha,database,media,success
658,10.83101973737369,6.29027556144506,248,2,67.74284812545639,48.29034103251516,Beta,database,alta,success
659,6.841266626705588,5.709347626899546,238,3,72.68353618966627,9.076229374855757,Delta,database,baja,success
660,14.776423395098796,4.2183394889775405,253,2,65.51530951664986,63.203152966454894,Beta,ui,baja,success
661,9.603272388411524,8.325926212868103,257,0,74.4228102795261,48.234745455752005,Beta,payments,alta,success
662,17.027626575886547,4.4510904820319634,257,0,85.42871587690188,2.524662039959737,Delta,api,alta,failed
663,12.214032054509453,3.391951536037695,271,1,64.65646421352824,5.873254738748074,Delta,auth,baja,success
664,14.912370070687409,1.1807016024588242,260,1,86.58149264933651,18.472837037329963,Alpha,database,crítica,success
665,18.24439227284243,6.830060381946229,229,3,66.42596022926425,16.42492301389575,Beta,auth,crítica,success
666,13.06249901438876,2.516300648909577,243,3,79.81881299271956,40.08947020567475,Alpha,ui,baja,success
667,16.306905036829068,6.15620618630588,249,1,63.68704946082621,18.25501763719826,Beta,auth,media,failed
668,12.842791726716982,5.857459696715358,247,0,63.221878743147585,29.767383648310744,Gamma,auth,baja,success
669,NA,0.5,272,3,86.4426886654896,36.489803863535506,Alpha,ui,baja,success
670,12.0896090396545,5.257217769523522,265,0,98.6012268720583,21.058005903787706,Alpha,database,alta,success
671,14.872544824168413,5.165189322600438,252,0,76.49012972992458,2,Beta,auth,baja,success
672,13.957828071369079,6.553826223015751,265,1,71.09692876119402,65.77201334829655,Beta,api,crítica,failed
673,11.30444661648692,3.1836863556370796,247,5,85.48594010722668,25.360388046984966,Delta,payments,alta,success
674,7.129202045326399,7.526763293013604,249,4,85.73795765718913,22.08066476704613,Alpha,api,alta,success
675,14.585593474837848,7.086063515557068,270,3,67.46428993011261,61.24339060182896,Beta,database,baja,success
676,8.334175886608442,9.705220136369487,257,0,63.19044654792178,2,Alpha,payments,baja,success
677,6.992706230297735,7.927459815174835,268,0,86.69196736760597,29.794227427726085,Beta,payments,media,success
678,14.379710873622004,3.3215920068515032,241,3,69.26787319580224,9.998478390276432,Alpha,ui,alta,success
679,7.068757339240694,5.146234038649996,228,1,71.28965065805431,18.95091028410702,Beta,api,baja,success
680,12.97745765962455,3.907567959494857,226,0,68.93096503658316,13.094867614960163,Gamma,api,media,success
681,12.01108874137438,2.0698883593235577,220,4,57.71350825595311,16.36797833070159,Gamma,api,alta,success
682,6.687161255897741,1.2884218037033555,258,1,56.526654307882026,24.25882860917359,Alpha,payments,media,failed
683,16.7187856473311,4.969490115202572,239,1,72.28265995990637,32.798606715088184,Beta,api,media,success
684,9.628780003404284,2.638064355110745,244,0,85.10462435537949,22.747632822876266,Alpha,ui,baja,success
685,16.79991326534669,5.665023579828167,220,0,74.31308948796338,106.47577891403242,Beta,auth,baja,success
686,10.099865281551462,6.617317043957726,260,1,82.78508793379864,10.101336847990751,Alpha,database,media,success
687,9.699771615396735,7.473287996374933,254,1,99.51244472667494,63.55810284836846,Delta,ui,media,success
688,11.875095901566004,4.48896431575754,259,1,87.90843056600971,12.28665879741311,Gamma,ui,media,success
689,10.567772016086177,7.214200593679061,244,3,69.42368018794083,68.73566007210847,Alpha,database,media,success
690,10.573595689409075,7.2683755763540034,238,2,63.72655722205583,15.36906635016203,Gamma,payments,media,success
691,8.489342466265096,5.751660519884826,257,0,61.708524279104665,6.98843140527606,Gamma,database,baja,rolled_back
692,7.148411499288149,3.9133499633238125,267,2,66.8858743177412,7.635383259419061,Beta,api,media,failed
693,14.453146474748134,6.905702577445063,246,1,87.0754538445596,2.0630358159542084,Delta,payments,media,success
694,8.77518663415009,1.2710706300518195,243,2,88.21956019876984,2.180171111533852,Alpha,payments,media,success
695,6.4941722803644195,7.677572079741957,242,1,69.92975191717579,56.17179657216397,Gamma,payments,baja,rolled_back
696,9.968608403345812,7.491469861915494,295,2,65.09808708691651,15.899425327777863,Alpha,ui,media,success
697,8.796258053050648,4.770639888815995,224,2,81.33274399471998,4.7801181972026825,Delta,api,alta,failed
698,3.2288572573197296,5.507131593713254,268,4,73.09442585771959,3.884298451244831,Beta,payments,alta,success
699,10.836251402929301,1.5043269885586152,259,3,72.47398578930866,15.486316703259945,Beta,api,baja,success
700,12.668696484642071,3.6328011672658747,252,2,77.631126788765,7.6501225009560585,Beta,ui,crítica,rolled_back
701,13.17876942594275,4.087116234430925,246,1,100,31.62292391706019,Alpha,payments,alta,success
702,13.570965061682903,8.732522535613327,263,2,75.80289968695347,9.975126251578331,Alpha,ui,baja,success
703,7.996625147996739,2.0007457128000246,253,2,79.61033123248875,30.276124923413093,Gamma,auth,media,success
704,10.697091520706264,3.05361762462958,252,2,75.74678403966692,71.84230005337831,Alpha,ui,baja,success
705,7.96660477828463,5.528918400763986,267,2,70.7495590144326,2,Alpha,auth,baja,success
706,9.458274071864935,5.501535066886657,260,3,65.0450515546342,2,Alpha,payments,baja,success
707,7.16063724805063,4.5669859256762795,262,2,85.63702993473737,43.43640669811104,Beta,auth,baja,success
708,7.5341447973892395,5.091645605572474,268,2,77.43756020639714,2,Gamma,database,media,success
709,14.51952465030374,6.5542857202504905,267,2,64.83218616477693,24.190556443219478,Delta,payments,baja,failed
710,10.909913719285498,4.366660210936144,253,0,90.41983376523073,2,Gamma,ui,baja,success
711,10.964635326485316,7.162924983846539,220,3,78.9849373623456,11.342718565523032,Delta,database,media,success
712,18.91823271956597,6.559362116096244,233,4,72.00744492014282,13.047177817672491,Alpha,database,baja,success
713,11.766431338370513,8.48804733633807,254,2,78.99499064494617,35.43067235704052,Beta,database,crítica,success
714,9.851744861564326,4.46960850219245,257,4,75.97540028248069,4.064341668794427,Beta,ui,baja,success
715,14.98914678466296,2.9135868988568956,259,1,77.25893138281677,2.9845802030057493,Beta,ui,media,success
716,10.050968658441068,5.45922467344699,262,3,68.35290856264679,13.409769024699926,Gamma,api,alta,success
717,17.49163112591802,6.8430894382858245,238,0,71.26586890239071,8.850924521684647,Alpha,payments,baja,success
718,10.489310557415116,7.773002913572725,233,3,60.63100574143884,70.75955828991265,Delta,api,baja,success
719,9.535389543526422,8.899657112588933,218,1,81.0455691995286,83.01139783455965,Alpha,api,baja,success
720,7.327499795701257,1.0976512404659786,249,1,77.99717850595471,13.778733495622873,Alpha,payments,baja,success
721,13.314561434364343,4.215006159405838,262,1,88.00489930926739,98.12036610635666,Gamma,api,media,success
722,17.86604250976066,7.629604291417902,255,3,72.98136175059169,2,Alpha,auth,baja,success
723,10.57596181964435,3.047721841829483,243,2,97.31449804439336,8.883753351867199,Alpha,database,baja,success
724,13.045870567509725,4.281433922102819,242,1,73.33286597303022,39.1494632343155,Gamma,database,alta,success
725,13.333315420702924,2.5573784875275303,245,1,55.983520261832865,11.63995558112903,Beta,database,baja,failed
726,17.688772961238172,3.3682133359890365,246,0,70.4822774092618,23.2665841196826,Beta,ui,baja,success
727,14.65550640266469,3.561328555193243,256,1,71.01538892039906,5.212803717702627,Delta,api,media,rolled_back
728,7.705379377218758,3.333822546138279,260,4,73.09775283253171,6.411425435190235,Gamma,payments,baja,success
729,9.21239290133304,6.117742397065128,250,0,81.55500505508695,35.52366296409994,Delta,payments,media,success
730,9.015478172261755,0.7646325895900947,276,1,81.67723586224666,22.879511804363393,Alpha,auth,alta,success
731,12.566291488528877,4.981683765947047,248,1,77.6271674084193,28.564314073806102,Alpha,database,baja,failed
732,11.984211117077388,7.90689302202111,253,0,100,47.399197337995155,Gamma,auth,crítica,success
733,13.471750004367061,2.279302351756141,234,2,62.64682557696915,12.061948210000992,Beta,auth,baja,success
734,9.370628341211011,5.9355959704447585,247,1,75.67559218160747,36.27577484942494,Delta,auth,media,rolled_back
735,10.494613319355793,2.6691784811810657,241,1,82.58668549987638,6.058392845341633,Alpha,database,baja,success
736,14.965440241700339,4.4167377100737255,261,1,68.18136916858819,66.88688957287904,Alpha,database,baja,success
737,11.60157297420612,5.325205075617641,249,4,72.02091573111399,14.900726694613695,Beta,database,alta,success
738,9.38284048557162,6.947865243476229,198,2,79.61996985668796,2,Alpha,payments,media,success
739,15.884657496245083,5.471926213996929,228,3,66.50760610058727,8.457149102772894,Gamma,payments,baja,failed
740,12.053985246273546,3.5780153747115957,237,3,62.30866621731179,31.028382516389186,Gamma,api,baja,success
741,8.33386133191382,6.507001318912973,274,0,68.4725401818353,19.727560309704444,Beta,api,media,failed
742,18.838754245046548,1.7922829565318557,217,3,81.39031557346584,44.47760733760415,Alpha,payments,media,success
743,7.327596040213378,6.473508611006473,234,0,78.0995657236746,14.104857679456472,Gamma,payments,baja,failed
744,4.875854959389905,3.0414141853427576,267,0,64.840658964539,25.8825718079856,Beta,database,baja,success
745,2.9874702057271314,2.686544760974727,269,1,69.55965883854415,23.330520181839756,Delta,api,baja,success
746,14.604503878186797,5.215896990874983,252,3,59.30119224789871,34.09846249021111,Beta,database,baja,failed
747,9.86866949758893,0.9184769640512123,235,1,92.84408622546732,28.8419468914321,Gamma,payments,baja,success
748,10.897762572110867,3.605853208053057,266,0,70.32106174336275,18.897435460203177,Alpha,auth,media,failed
749,13.158507890516182,3.357599716157557,258,0,56.634731154562026,39.013321993718726,Gamma,payments,baja,success
750,10.134063752836944,2.7516862579751704,233,1,67.42861734235066,4.394306723230414,Delta,database,baja,success
751,5.56775930022125,5.374950568234867,246,0,65.83078298724213,6.549912249543446,Beta,api,baja,success
752,4.200864815832049,5.2151960116797795,267,1,79.71445077333154,49.804979456434836,Alpha,payments,baja,failed
753,10.637200327076076,6.067626705893267,234,0,62.789918853683034,17.307484834378055,Gamma,payments,crítica,success
754,12.69890210932528,8.444802374385315,254,2,80.70753380637953,68.38498890179288,Delta,api,baja,success
755,2.888889756891084,4.683814428096694,295,5,80.82129637830681,51.831322660411864,Beta,auth,media,success
756,13.162097923788336,8.976825545641791,260,3,98.17967467038875,44.430117217670066,Beta,api,crítica,success
757,13.689225429894456,1.3565234919879843,273,1,76.34253983150698,6.296794605147964,Delta,api,baja,success
758,17.178949452826856,1.5792250074880485,247,0,78.23281185569772,20.664779058580688,Gamma,auth,crítica,success
759,12.658856074295818,3.0023139685166633,239,1,83.87919266201109,26.807797974829967,Alpha,api,baja,success
760,12.819815363200942,4.467780700430489,240,0,89.83976209392296,56.31104554469783,Beta,payments,media,success
761,14.418414506903224,4.820085230144106,231,1,78.31898210293973,8.377691444009542,Beta,database,baja,success
762,11.923436923324275,8.279375574385147,234,1,73.14353201802692,20.88993647995252,Beta,api,alta,success
763,11.681142610484766,4.0910495643198725,237,0,68.616483536533,30.007676212971504,Beta,database,media,failed
764,12.463937857611219,7.080768544445981,278,2,71.14147334515863,2,Beta,database,crítica,success
765,14.976693456193551,5.340425887525767,263,0,74.35794508972312,11.487746098811321,Gamma,auth,baja,success
766,10.27483758588923,6.7434595936004555,241,1,49.91457743685605,29.807847729807193,Delta,auth,alta,success
767,10.001884192355062,7.261813207134773,253,2,73.96824506678344,2.620160246996602,Alpha,ui,baja,success
768,8.539351692977155,1.3326743033375563,226,1,71.88469717678824,40.56917524136124,Alpha,ui,baja,rolled_back
769,8.168970866912506,6.265337138432072,260,3,85.91962532859678,2,Beta,auth,crítica,success
770,13.30719988535455,4.09013281863198,244,2,81.49525508079428,59.71374843712178,Alpha,auth,baja,success
771,18.1894889027407,4.0707534474228115,253,2,93.00397485406606,8.46090454235673,Delta,ui,baja,rolled_back
772,8.124561724542279,2.855079980772382,220,1,76.36975035570896,60.546759676888854,Beta,database,alta,success
773,11.246238294962149,4.288789031033634,252,0,92.1864166923358,32.463985047226245,Beta,auth,media,failed
774,7.879995354176326,2.3228000905748516,268,1,60.3464664962725,85.30942202600386,Delta,api,media,success
775,15.632345767441983,3.3493090161231334,251,0,60.26388372835743,11.550616266888786,Beta,api,baja,success
776,10.730472541167487,5.0136151071335595,266,1,91.67372567360876,22.01937387037783,Gamma,ui,media,success
777,12.716015866161689,4.495414490498864,262,0,81.98516100473624,38.89694210685311,Delta,ui,baja,success
778,13.392112750916707,6.4916704706303765,261,2,63.010908432251654,3.2183804400265217,Alpha,ui,alta,success
779,7.782883914902239,0.5,260,3,91.32102147703316,9.58486969023943,Beta,database,media,success
780,11.581022847557193,6.663883452441871,244,0,72.42850355606765,51.30137774624985,Beta,auth,media,success
781,11.086629531621883,5.920125333925215,242,5,83.22194008174752,12.096387326717377,Alpha,database,baja,failed
782,14.701422249710156,2.393149610370288,230,1,98.48943612442932,22.87560472536593,Gamma,api,alta,success
783,7.067021225974763,4.01902197681026,246,1,75.71096714103,17.025027611401512,Gamma,payments,media,failed
784,7.200153822308884,4.332731175148334,253,1,82.03080667197193,35.83315028048573,Alpha,payments,media,success
785,15.06346630646443,4.9174359717061025,244,1,93.76535963148734,29.32610446113854,Delta,auth,baja,rolled_back
786,9.647608554868093,2.8231341463461024,251,2,74.60838073057502,2,Beta,auth,baja,success
787,9.358816680097696,2.5805159539304046,257,4,61.992703231205525,34.37313636795094,Alpha,api,media,success
788,12.452054088789374,8.56932307264718,289,0,73.66818749296418,23.20399021705006,Gamma,payments,media,success
789,10.718404801255845,3.125014423325951,256,3,91.47673289351928,17.416808768098644,Gamma,ui,baja,success
790,19.46552598775515,3.3077841132103534,256,5,79.61520346844414,65.46070284839001,Beta,auth,baja,success
791,13.038125823071194,5.080431716454718,260,0,69.21143681249951,4.444613713771105,Gamma,ui,baja,success
792,12.64624028367228,7.019971323748656,246,2,71.99645695739922,84.66604841175217,Beta,api,baja,success
793,15.724299637341417,3.0727020528817808,265,3,74.88944868872514,80.82623074552782,Beta,ui,media,success
794,11.760213002961516,5.551779794375423,211,2,60.89311164457038,32.51348358291894,Beta,ui,crítica,success
795,12.1949588003098,7.375580633406432,258,0,87.433767510934,3.51291099563241,Alpha,auth,baja,success
796,7.708498397064146,5.306455055559766,238,1,83.88643028518797,5.398365986265638,Beta,database,alta,success
797,2.82811427807731,4.589801921008232,235,3,81.11044699236788,38.86653730022662,Delta,ui,baja,failed
798,7.171172599742631,5.680549627062461,244,1,100,18.391208230440906,Delta,database,baja,failed
799,12.456437719188765,5.2166625885238,246,0,72.74584304100973,4.196508079211357,Gamma,payments,crítica,success
800,7.866811683578493,2.9719039491953203,243,2,76.23508189984717,32.00079868633061,Alpha,database,media,success
801,14.755231009368252,5.619897039904799,251,3,78.35335664044341,63.23618631554873,Delta,payments,alta,rolled_back
802,14.900332070699456,3.2502046348905225,251,2,68.54457956781276,2,Beta,auth,baja,success
803,12.869520843756353,8.862797923063894,245,2,94.71092461023639,11.160235594958067,Delta,payments,baja,success
804,11.19337307352649,3.217151679301397,254,5,71.95191677423188,3.940552573432991,Delta,api,media,success
805,6.537240557645269,8.223021848146498,248,2,78.7918342513718,11.168061017990112,Alpha,ui,baja,success
806,10.764249565291362,5.865560542271344,266,2,72.5105626228897,13.091245718300343,Beta,api,media,rolled_back
807,10.188388453851093,6.182080538543792,237,3,92.01619347178513,10.232363274580603,Alpha,payments,media,success
808,14.65291657807917,5.025017664959757,256,1,68.4690554850925,11.272636380046606,Beta,api,crítica,failed
809,17.234518146994787,2.2097466542314526,259,2,84.22057262522826,44.59664216435967,Gamma,ui,alta,success
810,14.004161239577993,4.926551010627093,257,2,61.331319472610076,13.801877651363611,Beta,payments,alta,success
811,7.486845859210532,4.548361967738731,225,1,92.72392847052834,8.89590803222057,Gamma,api,baja,success
812,18.683989221592665,9.745610710032505,264,1,61.59482734770897,2.1523803813659566,Beta,ui,baja,failed
813,16.041412129808496,5.776491395523793,240,0,76.60515621736968,6.545827612280846,Delta,payments,alta,success
814,12.894084863497833,4.7724254808009,243,1,52.735084454082426,81.47823446585771,Alpha,auth,media,success
815,3.174061627161512,5.158048841394687,247,3,57.74629159246403,10.03548716016016,Alpha,api,baja,success
816,8.181657525787369,9.153072611077315,280,1,78.2984122297109,40.64184429475098,Beta,auth,media,success
817,11.725707731159053,1.779243717653427,253,2,83.46344709221304,2,Delta,api,alta,success
818,15.04522360626108,4.836782090094953,253,1,69.73047221354102,23.761233887558273,Beta,auth,baja,success
819,7.280383200166839,5.302604088586981,215,1,80.58689311621264,13.025459233671427,Gamma,database,media,success
820,24.844795827069156,5.572529874860457,253,2,75.7374478309742,7.381314024342423,Beta,api,baja,success
821,1.784700596196691,7.760989915078017,253,3,75.66317266061489,22.75752033937483,Beta,auth,baja,success
822,11.05626420266374,3.5607902733298653,271,1,84.07070741446817,9.313671972602606,Alpha,ui,baja,success
823,10.961749426954261,0.9223228925671947,252,2,77.77299981510245,52.05662152447822,Delta,database,alta,success
824,9.346532333523228,3.945297738563915,257,3,69.89795947110646,60.57443953748074,Delta,payments,baja,success
825,10.724037156695404,3.415059568940083,259,4,74.66595679288325,11.469580609886275,Delta,api,alta,success
826,14.969580630289261,1.1782532661039546,244,0,71.41340479645238,39.70879259503899,Beta,payments,media,failed
827,NA,5.390502754561375,229,3,80.49423069459282,4.052322495728731,Beta,database,media,failed
828,3.6687449347868863,5.266434738696626,223,2,68.24148727513074,33.682531757126434,Beta,api,baja,success
829,12.37507161124087,3.1066060957845707,230,1,61.538815959762644,5.328682757914066,Beta,ui,media,success
830,11.992720751988818,9.293428945842301,225,2,67.20104157533092,14.785173654556274,Beta,ui,baja,success
831,11.947597390513703,7.928097599320404,232,3,74.0655115138391,53.08520038123456,Alpha,database,crítica,rolled_back
832,14.671872298232417,3.750725520147709,241,1,76.00202900445711,10.360561430454254,Beta,payments,baja,success
833,11.94732918819135,7.673094789646969,248,0,72.52056820942701,3.237796224653721,Alpha,ui,baja,success
834,15.104188121905214,2.6521392511541766,270,1,85.33560280012851,29.685925683861072,Delta,database,media,success
835,3.957058669458977,5.29364140275965,255,4,84.26573246842464,16.2634160220623,Beta,database,alta,success
836,7.487278020112796,9.554321340555266,254,1,85.61761842084324,107.306918346793,Delta,auth,crítica,success
837,13.395198286342879,6.859772816609372,274,2,98.65170239151664,5.438211550163178,Alpha,payments,media,success
838,10.588406071612305,4.223803897977634,273,0,94.17220003656396,19.78934374350815,Alpha,database,alta,failed
839,15.779098391670491,0.6690384231521316,214,3,76.60303689761483,37.35510085321484,Gamma,ui,baja,success
840,7.981120589894145,6.451115915229015,229,3,91.41661520667088,8.134405396184345,Delta,payments,alta,failed
841,14.895610929987384,3.3393852374713484,269,2,60.164074079717516,33.98552454806386,Gamma,ui,baja,success
842,9.324669036038543,8.36139873201942,245,2,58.04419778370402,15.2878531627357,Beta,auth,alta,success
843,7.547839225136801,7.6275289977494065,251,2,87.83461796500615,10.983509045094252,Beta,payments,baja,success
844,10.62877924253222,5.702754383276236,244,0,75.61621551008236,2,Beta,database,media,success
845,12.19911729267496,7.820387498066127,250,2,71.21264556712723,2,Alpha,payments,crítica,success
846,7.089272153897857,1.9280771704571569,262,0,77.63343798894175,30.55038729954272,Delta,ui,alta,failed
847,8.94397635669021,9.347202874219676,228,4,85.61347356076143,7.52294858917594,Gamma,database,crítica,rolled_back
848,7.015271753528474,8.235482300280495,256,2,67.53474715079042,39.08052588766006,Alpha,ui,crítica,success
849,16.06709591103909,7.459466928787906,258,3,64.22100883704132,13.740268383175135,Alpha,payments,media,success
850,14.894450496235454,5.933809235631274,271,5,71.98862899473167,11.244510680437088,Alpha,auth,alta,success
851,7.869891451579547,3.3828331880465736,259,3,84.10874184149557,7.537753287702799,Gamma,auth,baja,success
852,14.229384016491032,4.036849482183129,252,2,91.31620965715938,16.997534974401287,Alpha,auth,media,failed
853,10.977674307601912,4.192891697864779,247,0,92.87632817998448,2,Beta,auth,alta,success
854,7.546432971413319,7.718621240624148,243,1,100,4.315889608040243,Alpha,auth,alta,success
855,13.684789758459216,1.1525837413871565,255,1,64.31332108312529,18.685815765445522,Alpha,payments,alta,success
856,10.708198752614502,4.348663880709275,268,6,74.57473341555429,12.148238531690266,Beta,payments,baja,success
857,15.52071960476609,6.128641895422625,235,1,78.411188864089155,22.17440217632561,Beta,payments,media,success
858,11.220545572896395,1.6019099191955277,254,4,65.09947010704008,2,Delta,database,baja,success
859,16.75221992841511,3.9340920726644777,265,3,100,42.68179951406537,Alpha,payments,baja,failed
860,9.960941952928184,8.158533546662284,277,0,57.1808887128779,16.114674869924784,Beta,payments,media,success
861,12.878192043493177,5.339827757170303,251,2,51.45845902447343,9.786168828606606,Alpha,database,crítica,success
862,13.481177685458233,7.240897461693171,271,0,82.69363780877883,17.481323918417278,Beta,payments,baja,success
863,13.116433574922429,4.8480607081570914,235,0,85.60112306454259,34.61707784033833,Alpha,database,media,failed
864,12.807769749253294,6.842741396746665,249,4,89.23007576029043,66.14197687502232,Alpha,api,crítica,success
865,11.948013830274624,6.121308655846387,261,3,83.78956890278367,60.226088065157114,Alpha,database,media,success
866,11.63653997569004,7.144714325348534,237,3,71.19962073358914,8.639973912388086,Alpha,ui,baja,success
867,17.460125461275368,5.06158685459306,253,1,69.10949226108146,31.537741004412467,Alpha,auth,crítica,rolled_back
868,15.632522275532665,2.983493610260669,237,3,59.577507087345325,16.402182307094336,Beta,api,baja,success
869,9.560447314392377,2.2828569488796413,266,0,59.33237087293315,8.356355108320713,Alpha,auth,baja,success
870,17.58574888487781,6.523812309415533,256,4,67.75435265333175,30.158618553464706,Alpha,auth,alta,rolled_back
871,12.579193493233783,4.153891744414088,250,3,78.2178399884353,30.348670943563278,Beta,api,alta,rolled_back
872,9.437572913618792,3.365372663499337,246,2,80.25391935399315,9.6365180388093,Alpha,payments,alta,failed
873,12.679209038234136,6.377054938046557,265,1,81.09760204279551,8.42230503135709,Beta,ui,crítica,success
874,11.371250050316624,5.78343248858985,237,0,81.71807228241875,19.727921984081558,Beta,payments,baja,success
875,12.403758378184417,2.693920926616876,255,3,88.54770186089908,10.71344265433494,Alpha,payments,media,success
876,8.106423383406879,1.6422768979068088,263,2,72.72988046738159,8.653351452201605,Gamma,auth,media,success
877,8.720698898987205,2.0442070636921583,268,3,60.467058445532224,20.007450944667152,Gamma,ui,baja,success
878,17.451675876101703,7.989879818615572,257,0,77.5394252639169,75.10459112717744,Beta,ui,baja,success
879,15.845483722125113,5.915457947051537,249,2,69.42896527078436,6.119048606604338,Alpha,auth,alta,success
880,8.465102102395543,4.456784002908096,240,2,69.61603676125945,10.36361381353578,Gamma,api,alta,rolled_back
881,8.399631538254713,6.0425480984844615,246,1,63.407916510192706,4.81156288459897,Gamma,ui,baja,success
882,18.89333253118732,4.810990248727514,271,4,90.85442287746804,37.91181539297314,Gamma,auth,media,success
883,19.636168648515735,1.9928278716362868,253,3,94.04039640125336,12.968629024922848,Gamma,api,alta,success
884,8.891435216578946,6.746100416305982,253,1,76.45569867876583,32.488222627823646,Beta,api,alta,success
885,6.790778949547572,6.892671806328435,275,2,65.4699423234423,9.816558413207531,Gamma,auth,baja,success
886,22.493980667274716,2.3166315101973334,278,2,46.86234928452049,25.47191145915299,Gamma,auth,alta,rolled_back
887,12.918515657387228,7.817320894402082,242,1,87.27847855874965,6.717147778719664,Gamma,database,alta,success
888,12.746999568567542,4.714322261315402,262,0,74.17689761804968,26.69685519385844,Delta,ui,baja,success
889,12.304546539801121,3.4823468188389555,233,1,78.40421191520483,9.02731080198037,Beta,auth,media,rolled_back
890,17.61944074528533,11.495952534148497,260,1,72.7987992340948,33.34539308567777,Alpha,ui,baja,success
891,11.233111058654732,4.65757666475414,260,0,42.68352216011586,9.731515981256962,Delta,auth,baja,success
892,17.837568656624367,1.6181854687183392,218,3,93.2752439092497,3.735999684780836,Alpha,ui,baja,success
893,11.117378195461836,5.191318154152129,242,2,74.70063479213684,27.262482493107612,Gamma,auth,media,rolled_back
894,14.020583545092562,6.2203012213483415,268,3,73.46105312029115,11.265942927449942,Gamma,api,baja,success
895,7.866011975708486,7.234574524626435,267,1,64.61609546774203,10.113747227936983,Beta,database,media,success
896,12.681893885836878,5.762307794744661,252,1,54.63043504556016,9.930527709424496,Gamma,payments,media,success
897,16.802672643567703,4.774278545612224,257,0,80.54789241234175,3.0347900837659836,Beta,auth,baja,success
898,11.346376340937056,3.845918452194055,234,0,85.76354614486323,2,Alpha,ui,baja,success
899,17.129903452490552,6.210950367891137,248,1,86.95064058477311,22.744784478521705,Alpha,payments,baja,success
900,22.90878555164507,3.6142731617128927,254,2,69.1918029581301,37.039524791608436,Beta,api,alta,success
901,15.767696869323698,6.804874247300022,269,3,54.66214111892073,26.21133147201657,Alpha,payments,media,success
902,11.005543850881766,4.242420460519735,238,1,83.63869574044395,20.210514216606907,Delta,database,media,success
903,12.38591543882594,0.8077316720283951,245,1,89.03355734357119,29.460298842673595,Beta,auth,baja,success
904,10.264276234793043,6.660665720994699,246,0,65.12067258153675,8.054345268756151,Beta,payments,alta,success
905,20.714671469806262,4.448366024645968,243,0,76.58311796107839,5.79837192222476,Delta,auth,media,success
906,1,5.051066784251159,250,1,100,100.18304630509073,Delta,database,media,success
907,12.323552956796455,8.231420907495837,263,4,56.042404765615316,40.40605137036317,Beta,payments,alta,success
908,12.440551218468885,4.65164523339609,271,2,67.28185163993642,23.899524829273513,Beta,ui,alta,success
909,12.85379330525061,5.472491188601107,243,3,57.38673816466668,11.048109959810972,Gamma,payments,baja,success
910,5.768721549470712,5.29901250845727,232,0,80.4186569078137,40.702144546280486,Beta,ui,baja,success
911,12.86484618503103,8.07118729266952,265,4,96.24747606526046,16.559274941682816,Alpha,payments,alta,success
912,12.75065526810576,4.380427319601868,248,0,89.17603996637757,36.825413567791564,Beta,payments,media,success
913,17.0344885008544,3.3963321980036834,262,5,64.55649100072205,17.031098416929535,Alpha,database,alta,success
914,14.094071123635857,3.5203700848737833,243,3,87.60944894662701,60.609098058894546,Gamma,api,baja,success
915,16.461817109919835,0.8054449203042076,259,1,62.13502095466592,41.39262029326974,Beta,auth,baja,success
916,8.169991031318123,1.2621362849340811,255,3,90.25850739581595,6.969391878694296,Alpha,auth,baja,success
917,11.502377680578272,7.604020061044571,262,5,73.96747476098352,6.453681796789169,Beta,database,alta,failed
918,12.766951316199872,4.893231837019585,246,1,59.98183482345027,62.41740716691342,Delta,database,baja,rolled_back
919,13.088869002413388,5.152422541130607,259,1,87.19392025395881,4.584625616669655,Beta,api,crítica,success
920,9.224742145306982,5.4611497193410425,271,0,68.66721839967079,8.2498382509072,Gamma,api,baja,success
921,17.916687683408533,7.409564449710702,252,2,53.84432726330235,21.928754149474514,Gamma,api,media,success
922,9.552931913428916,4.4463392667970965,267,2,81.31126415080512,21.023867532907254,Alpha,database,crítica,success
923,5.542760102562597,4.661306269549966,262,0,82.76637659121846,5.552127980324322,Beta,api,alta,rolled_back
924,13.609960442362683,6.868391180796794,262,2,67.07882856308908,39.256542392387544,Gamma,api,alta,success
925,14.658221789157936,7.250750808423184,287,1,90.36916335280667,57.99663345213261,Alpha,database,alta,failed
926,15.776508283979748,6.957064602119507,244,2,94.22161948982136,2,Beta,payments,alta,failed
927,8.214956809166846,2.6826463074976767,255,3,63.14072940434524,11.446192469447851,Delta,api,baja,success
928,11.006846203044416,5.398148709942023,250,0,100,12.9053596816957,Beta,ui,media,success
929,6.68625412584369,4.1054758412473795,251,3,57.93339313082832,4.799995693924946,Beta,api,baja,failed
930,15.379054968395668,4.0961580287189525,238,2,93.26093546209323,8.32668473571539,Beta,auth,baja,success
931,13.39078692975459,5.57115401244128,262,2,65.46846072470683,10.069717923825225,Alpha,api,baja,success
932,15.655050345724428,8.090095153510461,255,2,68.07328434612927,54.81792302890308,Gamma,auth,alta,success
933,14.433098213522726,1.5634079605854194,274,3,73.07587311246326,24.85690335083514,Alpha,auth,media,success
934,9.569808048782052,3.3226590128572226,235,1,73.61748803375096,105.00220986595804,Beta,payments,baja,success
935,12.718632283487377,4.948394713090565,245,1,74.46574428779299,74.63130497529146,Alpha,api,alta,success
936,4.366362322330492,4.234443649645865,265,3,66.50901816043441,2,Gamma,payments,media,success
937,14.011785030756382,6.701861662538678,246,4,66.7849648845237,34.851225567827804,Alpha,payments,media,success
938,15.875596613913997,4.601755745551304,253,2,73.52415025338499,2,Alpha,payments,media,success
939,8.49705149690669,4.046574737790337,242,1,74.48095255969245,14.752230355114499,Delta,payments,baja,success
940,3.455901845207979,7.82684143547228,267,2,54.19025729737504,33.61672244250343,Delta,payments,media,success
941,5.908689673659948,6.865062513972553,257,1,76.6675869548131,35.56124599076329,Beta,auth,media,success
942,7.547527168455717,2.969006335756069,248,2,68.99002979870161,28.61366637149728,Beta,ui,baja,success
943,16.963935582143588,1.447562739750595,261,5,82.46117624879233,17.509493786680007,Beta,api,media,success
944,12.013927740251962,5.468660966505355,269,1,62.97328971138456,7.125376928597689,Gamma,api,alta,success
945,7.048821656027736,9.800972606123741,252,1,75.45737335299049,11.731499444693327,Beta,api,media,success
946,14.222796475592101,4.0173823253268575,235,0,69.6288596878319,50.93251628871289,Beta,database,baja,rolled_back
947,3.267402602560411,2.230673876550309,247,0,47.53668972431843,25.405506088321502,Beta,api,baja,success
948,11.011902171611007,2.8531841160135816,211,3,58.30634506101807,31.53271367300063,Delta,auth,alta,success
949,16.451427710345783,2.347212522550338,214,3,73.14517347934822,7.347386312419347,Gamma,auth,alta,success
950,10.633307051963655,4.3068965446738225,264,1,64.85594660709523,2,Delta,auth,baja,success
951,17.22175336856427,6.937134119952273,232,3,74.47971044705895,17.002536601310066,Alpha,payments,alta,rolled_back
952,19.181295485763172,5.621056381771776,272,3,74.14007789845255,78.35011231495973,Beta,auth,alta,failed
953,7.32865909010621,7.050513598493334,245,5,70.12186352863921,35.09616511858521,Alpha,api,alta,failed
954,7.390849500071932,7.345080203701784,259,2,90.38482371593129,2,Beta,database,media,failed
955,8.342178122617403,5.4793584045346435,265,0,91.05596676974328,3.758402704576752,Beta,auth,alta,success
956,14.114912130134517,5.717822600886601,239,0,73.77814172355745,77.22734767338724,Beta,ui,baja,success
957,15.340315708194328,3.0570750479157254,233,2,75.66523657251015,2,Beta,ui,alta,success
958,16.836547896366124,6.330737340419715,266,4,100,27.214540756230647,Delta,api,crítica,success
959,17.197890181443263,5.164604158960605,280,3,71.59959794542401,27.182365625088508,Gamma,ui,media,success
960,16.302929216839573,3.4516850050099865,260,5,46.19590982540822,5.860615264119706,Alpha,auth,media,failed
961,15.75920409405719,4.316977181693385,241,0,62.12050307911982,9.205811250954866,Alpha,auth,crítica,failed
962,12.653498773627064,5.416837210153153,236,2,42.22492357389282,2.2664435282349586,Gamma,api,media,success
963,8.447445765438433,9.841716748151644,226,3,68.99732201024852,46.44601692527489,Delta,ui,baja,rolled_back
964,9.095356068974597,7.5623474040004615,261,2,67.50236073093534,5.3824066780507565,Gamma,payments,baja,success
965,13.630388022454953,3.167602886708724,253,1,76.8186536629159,4.638480270439212,Beta,ui,alta,failed
966,18.734145357007172,6.30876987225275,236,0,69.07503281688378,9.980943400859658,Delta,ui,baja,rolled_back
967,18.823919294258452,3.2418643112297953,255,4,73.57539533225622,18.117385636921085,Delta,payments,alta,success
968,4.295333196695676,6.157829531502937,242,3,46.13215512350267,2,Beta,payments,baja,success
969,8.664007939086142,2.500732491777582,248,4,72.4936585331587,33.159309646969135,Alpha,api,alta,success
970,17.676530065332756,2.1426522362589693,245,0,69.67586613810248,47.25217854372198,Alpha,payments,media,success
971,7.743561139923044,5.363336863238911,224,4,67.52260977421987,48.367909578452696,Alpha,database,alta,success
972,5.545690110078209,6.835501497470172,257,0,86.8846795399003,33.74915563858567,Gamma,api,media,success
973,14.399244354789708,3.146021734206802,227,0,61.28570595969532,16.21524967253208,Gamma,api,crítica,success
974,18.931858821548204,6.894800022284301,243,0,95.12265352699997,4.424353536218405,Beta,auth,alta,failed
975,19.73801824983093,7.490403466196589,272,1,53.99952346667067,10.751489405779957,Gamma,ui,media,success
976,14.131282302683175,6.314293917445263,256,2,67.54201135736227,58.90257425774981,Delta,auth,media,success
977,14.878663024079138,7.235017214743756,251,0,82.37888343267284,56.16668285127011,Delta,ui,media,success
978,14.240373543020736,5.22415547410595,250,3,67.79114781617042,21.510519101207546,Alpha,database,baja,success
979,11.927652273360131,8.492038050229372,245,1,46.79051416722304,9.151875514537096,Gamma,auth,alta,failed
980,1,6.890660517629775,263,1,76.15937083934017,2,Delta,api,baja,success
981,15.04281297903902,5.418318761986299,224,1,52.58039968720361,74.03519618107912,Beta,auth,baja,success
982,10.435092591027159,3.825792383684392,238,2,78.5152791949383,10.490422390401363,Gamma,auth,media,success
983,16.0396048952474,5.360370511217514,232,1,74.48049096445729,119.03340164611305,Delta,database,baja,success
984,9.492107411705003,7.4604102531845395,240,1,81.5413090615921,32.51189307767659,Alpha,database,media,failed
985,5.4616905219925425,6.32461551090926,216,1,86.11255923541458,15.813732538372278,Beta,payments,baja,success
986,16.980970608121932,3.6361510721699344,225,0,62.48735131461651,31.509317593607364,Alpha,database,baja,success
987,12.725509786221615,3.3602620104092615,222,1,82.89798696606262,32.998484617953594,Gamma,ui,baja,success
988,25.981217055942395,6.072561209228181,252,4,65.50561176031388,14.058327868580818,Alpha,api,media,success
989,15.662367653307651,3.0354215105912115,251,1,97.53001409522454,29.00347146291047,Beta,auth,media,success
990,16.194026069704975,7.744851096582095,279,1,70.10046915886744,6.781226544666286,Alpha,payments,media,success
991,15.055299747739422,4.908991702119259,252,1,80.92716437032804,15.100927645747364,Delta,auth,baja,success
992,9.586450492562403,5.385568692723895,249,1,70.049938437479085,2.6095604449510574,Delta,ui,baja,success
993,10.518281349188896,0.6355451512188068,266,1,67.6813955343659,2,Beta,api,media,success
994,16.239303753334585,7.616192879945842,261,0,98.89632675479527,13.0237095952034,Gamma,ui,alta,success
995,16.220442119357553,4.265965124961426,257,0,74.66979921754398,10.480164456726106,Beta,auth,baja,success
996,14.331888644481277,6.653914744775278,280,3,84.95998519171016,31.93809286404162,Delta,database,alta,success
997,8.053730257841844,0.8988241587950565,220,0,87.1038489986572,17.91218149082703,Gamma,database,alta,success
998,18.73848724697592,6.083428942155871,255,0,83.55661886962362,15.4999327249825,Delta,api,baja,success
999,6.5326358172694805,5.725978035239411,256,1,72.80342271245382,15.940314654260874,Delta,auth,media,success
1000,10.267142605555545,1.8168403511322717,252,1,81.39050820658292,6.310233402997255,Alpha,database,baja,success
1001,21.300233974860518,5.345664555490564,242,4,70.63504351394319,16.706392881601005,Alpha,payments,baja,success
1002,14.096488724604367,2.4540726907767487,232,5,64.88660964228163,2.0179649256169796,Gamma,api,baja,failed
1003,15.882933665634361,3.2642091473912043,241,3,89.14368594332149,7.294959279018501,Gamma,ui,baja,success
1004,13.507893588610457,6.252642210039228,246,4,63.74563702281305,4.046909999102354,Delta,database,media,success
1005,8.016266413831374,4.788738717759563,238,0,68.79881735419602,35.01623190646369,Alpha,database,baja,success
1006,9.61006834780782,4.487357134112338,244,0,68.65994764134608,33.44927908278523,Delta,auth,baja,success
1007,12.66100569232061,3.562535166815829,252,2,71.15618552438652,3.943900678306818,Beta,database,baja,success
1008,1,0.9597257720819528,279,1,70.88663478427807,50.836235498245415,Alpha,ui,baja,success
1009,8.608343093685804,5.779226023052913,274,2,83.28647910948617,33.053221329038436,Beta,api,alta,success
1010,15.194338048893783,0.5,238,0,76.62932564763909,2,Delta,auth,baja,success
1011,10.806176048139124,7.125131696354814,244,1,67.16081255492296,19.392889759426406,Gamma,payments,baja,success
1012,10.865554492218516,5.33735144039403,237,2,45.511310584491035,66.0546656965765,Alpha,database,media,success
1013,15.478077226595056,5.195504416822926,216,0,75.98957193131677,11.974835380911827,Alpha,auth,media,success
1014,9.822578861204093,4.0515412007703855,242,1,81.77403248010869,9.2230155877769,Alpha,api,media,success
1015,14.515212941510413,0.7327483578720413,254,1,69.81562270967686,36.06059521235047,Delta,ui,baja,success
1016,6.3106621682184345,5.961803193692699,273,1,60.64328895018278,12.930941250175238,Alpha,payments,crítica,success
1017,7.089949466662867,5.612569369339707,243,1,60.88312451413737,22.824188142006687,Alpha,ui,media,success
1018,5.303577937022274,4.2177128817013845,246,1,92.87473187879715,6.764528859248822,Alpha,auth,media,success
1019,12.337593928979514,5.554889414837229,255,0,58.15962208901053,18.914728111510566,Delta,payments,baja,success
1020,11.175497344118398,6.617678210908171,273,4,47.1535385817325,21.992495096211723,Alpha,payments,baja,failed
1021,17.767486561128237,5.950319785829102,274,4,99.58543367316922,13.225373335182667,Alpha,database,media,success
1022,11.832871586458543,6.308590774255043,259,1,79.23450871218105,20.64060716975241,Delta,payments,alta,success
1023,17.415017911055116,5.980143170869925,261,1,76.19605093306534,34.80457734860001,Beta,ui,media,failed
1024,19.780901103691335,3.7537976825298123,259,3,59.95387309318819,8.726851109415293,Gamma,api,baja,success
1025,10.036247065167434,8.871910363114925,232,2,74.8964232652975,5.349103722721338,Delta,ui,baja,success
1026,13.553756299778447,6.117540479029694,247,2,88.37828169771267,9.690690893679857,Gamma,database,crítica,failed
1027,8.62042696325608,5.755279912003522,269,5,91.51044719112375,38.1779050091166,Beta,database,crítica,success
1028,14.951961471484358,4.337065836036084,257,2,79.60868176090084,31.401218174879844,Gamma,payments,baja,success
1029,7.680958674864551,1.57726388320647,243,1,91.99419574041852,17.834925188606075,Gamma,auth,baja,success
1030,7.894104495025496,4.520656863731311,240,1,63.910902263617615,9.779389490184332,Beta,ui,baja,success
1031,13.155173446315501,4.055114690048749,264,1,75.47957641343548,27.31850117176041,Delta,payments,media,success
1032,12.3632452771487,0.9681175451747634,243,1,70.1066631488074,60.92540184851018,Delta,auth,media,success
1033,13.050492706844889,6.586229374404278,264,0,86.44970726394945,2,Delta,database,alta,success
1034,12.277339651165015,4.855513948327528,262,1,70.94823062579897,4.530930843425868,Alpha,ui,media,success
1035,9.885424724572701,7.735577011165397,254,2,70.59068911536173,55.175543075050655,Alpha,ui,baja,success
1036,11.479191341924935,4.709167304799801,262,4,69.2263476790986,48.80557670987665,Delta,api,media,success
1037,18.480634977423264,8.02004367328595,249,3,69.63947857914864,41.19349641608371,Alpha,payments,crítica,success
1038,11.928419506706117,2.6800559035399503,274,0,71.74883233773633,5.070564139634371,Beta,api,baja,success
1039,6.726042404202829,2.80903502224119,257,1,100,24.82306739587098,Alpha,auth,crítica,success
1040,8.621759357674891,4.350722174365393,246,2,72.02551725224494,10.195101723074913,Alpha,payments,alta,rolled_back
1041,7.5927405100355765,7.2168345652721335,230,0,62.50121669461042,11.968255117535591,Alpha,auth,media,success
1042,8.399639427970007,1.9967640649634495,259,4,88.77776871215971,19.425356826668075,Delta,api,baja,success
1043,6.955664320710084,8.530835181166912,230,2,71.66589504156762,29.935602730994518,Alpha,payments,media,rolled_back
1044,1.4966043900683808,6.141311395068058,251,2,52.33728404567514,2,Delta,auth,media,success
1045,14.676262996762294,6.1279841463566385,245,4,75.53024080903566,8.89297554641962,Gamma,auth,baja,rolled_back
1046,14.640166036923107,3.3681690102772706,274,2,80.27736248687008,49.208249194393744,Alpha,ui,baja,success
1047,10.997598258435561,5.343422839605746,236,1,93.8160177379299,2.927725694507214,Alpha,database,media,rolled_back
1048,9.104810732184724,3.5542854894928935,252,2,53.15116301876955,5.639181733131409,Gamma,auth,baja,success
1049,8.751273470682346,4.615081783859796,227,1,61.52200975333811,54.176800324617815,Gamma,api,media,success
1050,13.594937344073653,4.355993966991397,278,2,80.46529772968859,5.277600905117684,Gamma,payments,media,success
1051,12.906254295517508,6.704429538034039,251,1,75.68861321351054,11.928428303450346,Beta,database,baja,success
1052,13.686574319012843,4.211286925726746,260,2,85.31217806685846,2,Beta,payments,media,success
1053,12.019351774896396,3.7576638355361416,254,2,56.17882505054686,43.42061371899663,Gamma,payments,crítica,failed
1054,14.475935660386074,4.971170933259779,219,3,56.17809639306308,59.45146906992325,Delta,payments,crítica,success
1055,13.72453577794371,6.208483984947785,266,0,75.79818918554626,6.080850854516029,Gamma,api,media,success
1056,14.233249480748892,6.695823257822264,265,0,68.7557590925839,4.006840406930367,Gamma,auth,media,success
1057,13.983845122688034,6.29745019353665,253,1,62.21047285290645,67.60109978510972,Beta,ui,crítica,success
1058,18.647542963783117,7.6081564855109605,251,4,65.84376862577386,36.05801207893009,Delta,api,alta,success
1059,7.7798615511819875,6.632149892575817,241,0,75.38832130170209,10.70349944382906,Alpha,auth,baja,success
1060,18.033298747120018,1.6407550024453683,235,2,77.27571044436566,62.63319463725415,Delta,ui,baja,success
1061,10.663165373379703,7.845935200690666,261,2,80.30412624268732,16.943332089965633,Gamma,payments,baja,success
1062,11.740077024726236,6.965747011778583,275,2,93.3845066126072,49.437900019655814,Alpha,database,baja,failed
1063,12.324326154853612,3.9714619823649664,228,5,83.9172041338083,26.393737724905307,Delta,database,media,success
1064,10.207140817844635,7.669321703895161,257,1,85.0579859457277,25.867637067025,Alpha,auth,alta,success
1065,1.7847721989361371,1.793440972222311,234,0,57.340497410920634,28.396081744616325,Alpha,payments,alta,success
1066,10.748269859523942,5.0626852869330055,248,0,79.20838107702903,28.52628216046601,Beta,api,alta,failed
1067,12.16553260816119,8.3498466077668,254,2,65.64661131196124,16.290002413094044,Alpha,ui,baja,success
1068,5.0490877546495225,6.293547817041165,237,1,64.55584075323733,16.180870179086924,Alpha,auth,media,failed
1069,14.19975863879352,6.033744327260133,246,2,80.94179416042407,2.576620224863291,Delta,payments,alta,success
1070,9.610905229626713,1.1957861584073304,247,3,71.43239946340752,9.67747038602829,Beta,ui,baja,success
1071,17.790967224146193,2.462487163178944,256,0,59.60486830130389,7.22245624711916,Delta,ui,baja,rolled_back
1072,13.059472457057037,3.260458947289224,232,2,73.70094900679774,31.62556815046578,Delta,auth,alta,success
1073,8.844868768870114,3.858729600121979,251,0,95.59726661832144,13.086381532251835,Beta,api,media,success
1074,12.670928882686114,8.30567284236168,246,1,86.3778678769026,13.385191328823566,Beta,payments,media,success
1075,13.030332432805041,4.7181763500493945,227,2,45.27325087981819,77.20158773257371,Beta,ui,media,success
1076,15.648189469801236,3.646891587318756,249,3,97.62253327301644,7.069904554635286,Beta,payments,alta,success
1077,11.372510469780531,4.731282696718107,263,2,68.39618236543963,22.60622776943951,Gamma,database,media,success
1078,3.866497166211653,7.513939382421846,258,4,73.86528595800144,28.19906705517083,Alpha,database,alta,success
1079,6.8013367076856985,5.773307305334818,239,0,60.57128278806468,6.056234199553728,Delta,ui,baja,failed
1080,8.570997360283858,4.267668151689749,224,1,81.09165012329126,42.40302723132755,Delta,database,baja,success
1081,13.705061178144762,0.6003227152392423,258,2,82.0109242621949,9.655896808952093,Alpha,auth,media,success
1082,10.860654947660985,6.414465449147535,268,3,77.47337221173504,26.671062960212524,Delta,payments,media,success
1083,9.542525832120553,4.294428803962542,277,4,89.1534292674669,10.727088376879692,Alpha,payments,baja,failed
1084,8.620436671370069,5.497528260777264,244,1,63.886802632386356,12.382901709526777,Gamma,ui,alta,failed
1085,12.614779828875488,4.729177866399621,286,2,73.29913418490482,20.088870271032146,Beta,payments,crítica,success
1086,8.594270896887249,4.5547020174822865,261,3,62.34966681828179,69.11892292759997,Beta,api,media,success
1087,10.408315708228459,5.899571541207955,276,1,86.29764519132327,4.90951703332948,Beta,auth,alta,success
1088,8.240091094876188,5.488040062581425,231,4,70.83378673743002,41.76801936126767,Beta,auth,media,success
1089,6.44698503432233,5.03129456646327,230,1,65.73570646172848,86.08435089500517,Gamma,ui,alta,success
1090,15.820738355453592,8.565863995969849,248,1,75.497589266352,2.7274747900664806,Alpha,ui,media,success
1091,6.730018119870472,3.0435575303527056,234,1,71.85362569825162,2.26001875475049,Alpha,ui,crítica,success
1092,12.292116584638487,5.993996919752408,286,4,75.01591668827335,72.51596680010141,Gamma,auth,media,success
1093,9.72725660572652,5.731484069406188,242,3,73.20226143573878,2,Alpha,database,baja,success
1094,7.766197324864675,3.6642845083198683,270,0,67.84350740138447,2,Gamma,database,baja,success
1095,13.037254153668275,1.712710966522486,257,4,66.88306262263784,54.72958476538983,Delta,api,baja,success
1096,13.492538018076644,5.852239422078999,252,1,84.28618676779709,25.97139821100741,Alpha,api,baja,success
1097,17.058667077136587,6.324998221398019,240,0,80.96098047636565,27.26197546619683,Gamma,ui,baja,success
1098,13.30089998427306,6.448722005046994,275,1,92.54069704308851,14.452899780124426,Alpha,ui,baja,success
1099,11.446130721966778,5.475646882115239,268,0,73.20224161820701,4.8489131958848635,Beta,database,alta,failed
1100,22.409875589119203,5.737657151907633,264,1,80.26026382125904,27.9538503875187,Gamma,database,baja,success
1101,9.398862286048342,4.929406008966635,254,2,89.96994077934689,6.140019430388776,Gamma,ui,media,success
1102,7.9872670867465505,4.407653732739233,251,3,70.42698181012624,2,Beta,ui,alta,success
1103,9.859544348502087,6.477014256587033,251,1,83.47285198678546,7.795432258397341,Alpha,database,media,success
1104,NA,5.856470670438744,242,0,72.54387608044797,28.480098298673923,Alpha,ui,media,success
1105,14.401720677254293,9.05114455448653,266,2,68.42885516911561,40.3257537314993,Gamma,api,alta,success
1106,13.663380238394728,4.493882866578306,256,4,100,69.02044462526405,Alpha,database,alta,success
1107,11.576997413292032,2.495851445638821,242,0,76.61172399590376,74.91244339539644,Beta,database,alta,success
1108,NA,4.048722489485118,253,5,84.60906134915592,108.01241870250632,Gamma,auth,baja,success
1109,16.50930933728865,5.579359614446283,258,3,62.931282581470654,91.97080899270918,Alpha,payments,alta,success
1110,15.665126485793813,6.4931490498857425,254,0,71.50920511064109,41.5231472233635,Alpha,database,baja,success
1111,9.102481629102556,5.208996867302311,266,2,69.3838136837151,6.3607884800367795,Beta,api,baja,failed
1112,14.747116350298969,5.8142133968286345,261,2,87.45527429140591,27.8372379936797,Beta,payments,media,success
1113,13.800343166578447,5.60296312094979,265,2,58.2604572317186,59.99069718146058,Beta,payments,alta,success
1114,16.18088642442015,6.744077773137084,246,4,83.45252957230042,45.622655285368545,Gamma,api,alta,success
1115,12.598516137749758,8.802401609223645,246,3,75.39883756732736,39.40912739730893,Beta,api,crítica,success
1116,7.435731387197227,7.402073355128155,242,2,74.29059136295311,25.243513365892596,Alpha,auth,crítica,success
1117,15.209997609678629,5.997323542379381,255,2,81.25513143095866,41.86109013653813,Alpha,ui,baja,rolled_back
1118,9.085133876122216,5.655965302687232,254,2,88.04561691882813,9.155869044363499,Delta,ui,baja,success
1119,14.108837142913924,2.9262646964356884,250,1,86.07587419096173,12.306176248937845,Gamma,database,baja,success
1120,18.693915088849238,6.256140482207846,252,2,72.91200604431111,4.392118893563747,Delta,auth,crítica,success
1121,6.324687918916676,2.2220149678706433,239,0,87.51325182729002,54.54321550230706,Gamma,auth,media,success
1122,18.247643204675573,4.006314987391426,226,0,63.074507299261114,3.975212420902523,Beta,payments,baja,success
1123,17.41264403567231,9.129248391005193,234,2,71.79626241354221,9.734876487404108,Delta,ui,alta,success
1124,9.885212893233769,3.9978118075374507,243,0,78.35130025548695,29.109728134160335,Beta,api,alta,failed
1125,10.994908898082887,6.041846053230129,284,3,85.3299998135932,2.461734489510176,Gamma,database,media,success
1126,9.256609254830009,6.08778662505718,239,0,80.09359364572863,24.97141206163674,Beta,database,baja,success
1127,9.718529390983514,4.086160389349654,246,3,73.43328671566283,15.561858169734478,Alpha,auth,alta,success
1128,14.31852552618463,3.737258668499428,256,1,73.72171454974853,4.56108171120286,Delta,ui,crítica,success
1129,8.40416397899154,6.777070761683346,249,4,76.8304348484512,14.26607509329915,Delta,api,alta,success
1130,11.23868044834887,8.709961181108383,269,1,81.3572134306178,5.862776846263119,Alpha,payments,baja,success
1131,11.424386490614156,5.355564621318013,268,2,48.373808296714365,37.84219766991252,Alpha,api,media,success
1132,11.613709394849778,3.2855851874860167,250,1,87.76624484035082,2,Alpha,auth,alta,success
1133,12.725786862889427,4.995059271980651,262,1,72.26317491463124,77.41695749356386,Alpha,ui,baja,success
1134,18.38629683674526,0.6269085036413111,280,3,79.72979121626109,38.58501510664196,Beta,auth,media,success
1135,10.19467304042617,3.53153108306153,233,0,72.59594310109676,9.501658526490832,Beta,database,alta,success
1136,8.820479100796726,7.30574988977488,256,2,71.70718240027017,2.8884839566157696,Beta,ui,baja,failed
1137,15.169137398609172,2.0845929595567187,233,1,76.9769850285436,2.9377478559893673,Alpha,payments,baja,success
1138,13.521889199044107,5.158266035545542,251,1,91.6951585627532,24.58492481930959,Beta,auth,alta,success
1139,12.943151931969812,9.191953697835256,253,1,70.20117286416908,16.548329830169678,Alpha,auth,media,success
1140,14.36395305408164,2.8059831260486416,254,2,73.53161020085834,17.32993275559213,Gamma,ui,media,success
1141,6.3522791916844445,3.7576901831752982,253,4,64.40900789312009,42.3370895663601,Beta,ui,media,success
1142,16.25318316916446,4.731044672480143,259,1,87.97491575266822,31.680018781607444,Beta,auth,alta,success
1143,13.815671515590365,7.252974579261328,261,2,76.66296208634633,59.942329776242644,Alpha,ui,crítica,success
1144,15.805251908079146,4.0143420347223735,251,0,70.1579587110571,13.068917144089937,Beta,api,media,success
1145,9.605929146393937,3.070999228089427,261,1,79.9462737465763,19.108226286649757,Delta,payments,alta,success
1146,4.632239798615452,4.461536183109613,262,1,70.48184878418238,47.1495659838189,Gamma,auth,baja,success
1147,10.061641867408264,3.8676456008440234,242,3,64.39294742917083,46.7012707719904,Alpha,auth,baja,rolled_back
1148,8.372612739906412,5.673818795500546,220,5,71.36807863022136,25.99792367119103,Alpha,payments,baja,success
1149,20.891049789617508,4.731904682737228,247,0,54.755884121390785,52.3463502347025,Beta,auth,media,success
1150,10.34613369449528,4.531335662088371,234,1,90.83568358287802,2,Beta,auth,alta,rolled_back
1151,11.137304613181422,2.6255257367782856,278,1,58.5587588109173,85.20758856328871,Delta,payments,crítica,success
1152,16.251914080284603,8.462101046952467,242,6,71.02131633127362,2.3976720683276653,Beta,api,crítica,success
1153,14.481386106320974,3.134842047641506,248,5,82.16164797481736,2.5518399216234684,Alpha,payments,alta,success
1154,14.692266607515998,1.3565519494451936,255,2,81.91189292234287,29.660765698130547,Alpha,auth,baja,success
1155,22.53483825179332,3.9101353830584933,236,2,76.73066744255553,34.50935826994,Delta,database,baja,success
1156,12.664457594691882,2.9449769899851064,262,2,79.02415776481382,42.90231223202763,Beta,api,media,success
1157,19.620702150137042,7.6338347923930865,249,4,81.2823490205521,47.83932781017838,Alpha,ui,crítica,success
1158,13.014873605252333,4.7835834075979795,273,2,72.05659825290934,46.515466330419166,Beta,database,media,failed
1159,6.16391213098281,3.3902371238604623,219,5,76.04918939589405,20.43275613236933,Alpha,payments,baja,failed
1160,3.0910070348785865,5.572802853660935,249,2,74.36513054266578,22.991826630120567,Beta,api,media,success
1161,14.598734204670901,5.753123290667217,264,1,100,53.54650282903637,Beta,database,crítica,success
1162,8.003000540925772,7.03578744782885,256,3,84.86039560964957,16.51208331808448,Alpha,auth,baja,success
1163,12.167889534705255,3.823012667746153,257,3,98.09954979971333,32.444364665930564,Delta,ui,baja,rolled_back
1164,19.10817480016016,2.5693523573687918,252,7,53.05066629479546,64.13407479259384,Beta,api,media,success
1165,13.388730709348827,6.966400116544162,226,3,81.22931405935029,9.159906975924969,Delta,auth,baja,success
1166,10.851610215400845,5.105430715721579,233,1,74.86419129572788,10.389850851148367,Beta,database,baja,success
1167,4.301693391563554,4.36000781424317,295,2,75.94959232001011,2,Gamma,auth,baja,success
1168,8.79740356264035,5.638670660017498,231,3,88.02346329478257,80.8260882456505,Delta,payments,alta,success
1169,9.697528117093507,4.907097609112273,226,1,76.01980450623714,17.920700824742607,Alpha,api,baja,success
1170,14.736822930681425,4.030448378437965,229,0,96.19040540210021,28.387933148925597,Alpha,payments,baja,rolled_back
1171,13.933829390468551,3.9640052499579452,230,1,89.74513808157185,20.633687624952728,Gamma,ui,media,rolled_back
1172,12.05585363482952,4.594505303590258,246,2,89.73801165692129,29.224828204994495,Beta,auth,media,success
1173,12.720974938500483,4.292666309742344,260,2,76.62740735279834,29.51260428774863,Beta,payments,media,success
1174,10.847507006766,5.2692440031003835,224,3,55.228874508684264,37.916318399677856,Gamma,database,baja,success
1175,12.120908891560914,7.037150572381647,222,1,76.69614545275853,59.057961770659276,Beta,database,media,success
1176,13.086696434117941,3.139930258424393,251,1,51.60820680147548,12.806482175938605,Alpha,database,crítica,failed
1177,13.796633709653703,7.181401057519075,266,1,67.57627867264547,12.26663827776304,Gamma,auth,baja,success
1178,19.31051063372156,5.91762199430663,242,1,73.45416195962584,2.931564051657915,Delta,auth,alta,failed
1179,7.551905156464749,3.2582738929455566,256,3,67.59290850532247,75.33215832306978,Alpha,ui,alta,success
1180,17.899229726334845,4.312821829599462,286,2,82.66877638993776,28.430079861467178,Alpha,auth,baja,success
1181,14.686049840577567,7.202733143722885,267,5,59.99476487974262,3.0554680421700118,Delta,database,media,success
1182,5.818685825142268,7.7593770569778355,245,3,72.14645049140292,81.65237670733568,Delta,api,baja,success
1183,10.89181108803558,5.571904039923983,266,1,59.51712118880795,39.034919677148444,Beta,api,baja,success
1184,9.48262803211208,4.624737402901219,264,0,60.844895840858015,13.356488484889269,Beta,auth,baja,success
1185,8.267998193520992,1.2965474499509178,245,1,70.17901465328038,54.28847895846505,Beta,api,alta,success
1186,5.848454063086966,1.336448291609433,271,4,78.1841976375412,74.52924727990266,Beta,payments,media,success
1187,10.023591801600219,6.202046579550026,276,2,89.49505593656545,3.0646861222696193,Alpha,database,media,success
1188,10.258559938919214,5.542057267358082,243,1,79.58365005784604,13.303332198411226,Beta,ui,crítica,success
1189,10.705821294879094,6.841169556390713,226,1,72.93404181467325,40.63720719314633,Gamma,auth,baja,success
1190,3.7555455243352593,8.087220359609187,266,2,76.14640710551127,13.327906049787998,Beta,api,baja,failed
1191,13.76601022038218,7.269590821592921,264,1,63.72520314214749,97.59277595075515,Alpha,database,baja,success
1192,14.985404986265468,4.156456892522851,261,1,80.62037755778093,16.564930323511362,Alpha,auth,media,success
1193,15.158571495298741,6.917949685712614,253,4,74.32289315745241,9.168372675776482,Beta,auth,media,success
1194,15.082962028158178,3.9562577730922435,263,3,49.02549371034679,22.77664605427294,Delta,auth,alta,success
1195,12.802025271321469,6.601224737908522,274,4,73.25602111243037,9.946827493607998,Alpha,database,baja,success
1196,17.873400126711005,7.878476695962293,246,1,70.43443952066403,19.9490039614696,Delta,database,baja,success
1197,8.49417806423699,5.111022799773125,253,2,76.57113578210758,37.581657740599084,Gamma,payments,alta,success
1198,7.09358122511556,6.673877257942491,246,2,65.94929543385219,20.53394969530585,Delta,api,alta,success
1199,13.351351679898302,3.118036509641613,244,2,78.10477319839127,14.918208438903093,Delta,ui,media,success
1200,13.763296349016597,5.0200228992223845,241,1,70.999317022241,2,Alpha,api,crítica,success
1201,9.013934193052927,3.2687050433410323,242,0,72.72098646471672,2,Alpha,payments,crítica,success
1202,12.146424481727697,5.324198799940359,260,1,62.19385668311362,13.453411761671305,Beta,payments,media,success
1203,13.293238496812194,3.7957333965018707,284,1,61.30897841944688,16.963435046442555,Alpha,auth,alta,success
1204,13.518704129606366,4.299007536479582,260,0,87.11811818364933,6.601666691049962,Gamma,api,media,failed
1205,15.506225983181448,4.043091937882242,255,2,68.45936013872884,10.603106953203678,Beta,ui,crítica,success
1206,15.733551950278548,4.37490628761962,228,0,66.0761503937623,21.926600189910125,Delta,auth,baja,success
1207,2.2847699092703273,3.443297516188492,278,0,56.74696728788838,5.566719870186649,Gamma,ui,baja,success
1208,18.91197609368466,3.680940135312701,226,2,76.93048873660477,8.23503814637661,Delta,auth,media,success
1209,13.824010585108844,4.485135374816161,241,5,84.66377665223754,11.847232773900032,Gamma,payments,crítica,success
1210,9.718558617017393,7.334752009979528,231,4,79.45343500254889,3.3436973461391526,Beta,auth,crítica,success
1211,7.541502391288124,7.532838415460587,249,3,83.75482370833241,11.59840802103281,Delta,api,alta,failed
1212,15.620257062255579,4.940114810068726,244,2,65.43333664468386,10.88837007433176,Gamma,ui,baja,success
1213,13.312384061936534,6.252453473622628,245,2,86.30758832256137,18.53377293213939,Beta,ui,baja,failed
1214,16.312359840191288,7.28735657801481,228,3,89.23264145860477,12.569579433649778,Beta,api,media,success
1215,11.758737785189997,3.500903893936899,266,4,61.20158057369599,12.419921915978193,Gamma,auth,baja,success
1216,11.0259249521475,4.464744540450587,227,2,76.56497287599483,31.059016003196533,Beta,ui,baja,success
1217,20.965690242753105,5.922103926110999,252,1,88.7476397027461,16.669172761668158,Delta,auth,baja,success
1218,3.856028116576674,6.279128306648044,241,2,60.197864518555654,2.6823658601977662,Beta,database,media,success
1219,13.56365786033135,4.522366557082511,245,3,69.76483745306733,10.654083276508455,Gamma,database,baja,success
1220,13.539253371598614,5.531900615979731,234,2,73.77850372600615,16.88298149032126,Alpha,ui,crítica,success
1221,13.75478239816559,5.163858419763351,256,3,81.98601275817937,11.019825618714094,Delta,ui,baja,success
1222,14.23256360818628,4.0646198620056655,237,3,92.69137007165169,5.564498597207165,Beta,api,alta,success
1223,10.894374468090216,0.5799564578815586,229,1,71.50872401503744,4.176224133038673,Alpha,ui,baja,success
1224,16.66515231592893,6.27192626853926,235,3,87.68033417075651,3.151965415161503,Gamma,database,baja,success
1225,2.182891060250453,6.378700447453631,245,2,78.5413908447199,2.540634844449912,Gamma,api,media,success
1226,8.77773496218173,6.686278818564961,286,5,56.88264661802273,14.575850319117308,Delta,payments,crítica,success
1227,11.523421797519902,4.558142635485778,245,3,70.76273847155147,4.009481817483902,Gamma,payments,crítica,success
1228,12.652864936555174,8.464243016988943,265,4,85.38534780760403,12.947524332092986,Alpha,payments,crítica,failed
1229,13.625918031051667,6.690391089824411,237,0,78.75313178494558,43.69948248284603,Gamma,api,crítica,success
1230,14.557359982577237,7.487518989386475,250,2,97.11025327001023,38.43746946550427,Alpha,ui,media,success
1231,5.965929450510599,5.111718880650762,257,1,93.84974873222603,37.742163998852355,Delta,ui,media,success
1232,12.030682417588107,0.5,227,2,67.53124328724351,56.372858178571136,Delta,auth,baja,success
1233,14.09667208800154,7.005060758824726,255,1,45.37119050069402,9.81867839768529,Beta,payments,alta,success
1234,17.305343486283157,3.6288538080282313,259,1,83.52299828314571,2.395138341933489,Alpha,api,baja,success
1235,11.545729062269743,3.016699166714089,253,4,84.48958589074746,24.578341304247672,Beta,api,media,success
1236,18.396597913587428,4.1575984280008935,252,1,71.14748196963448,11.186627145856619,Gamma,payments,baja,rolled_back
1237,10.873887604287285,8.604871083419049,278,1,60.45982245336616,60.30667487974492,Beta,database,alta,failed
1238,11.800407444357974,0.5507950108575299,239,0,71.82310471534016,7.033279582858086,Beta,api,baja,success
1239,12.640856509284497,3.7692280879101356,255,3,64.64068883779274,2,Beta,database,media,success
1240,9.990477750378686,7.493919242326367,243,4,67.45447683706773,26.263896188621814,Gamma,auth,alta,success
1241,14.863752195104757,4.104808770251455,250,0,80.191419181038,2,Delta,api,alta,success
1242,6.616850787347155,7.435456194570377,240,4,55.128368588014425,4.860680568963289,Delta,api,alta,success
1243,11.977425738791403,7.471856692728318,262,4,68.62468207873957,6.082846140832487,Alpha,payments,baja,success
1244,9.837829801041867,8.92294482531688,242,1,69.68728151697542,9.358663447201252,Alpha,ui,media,success
1245,9.811705036601271,6.737535137757809,260,1,83.77831931576033,5.224025543779135,Beta,auth,media,success
1246,16.60578154817773,1.5922615579723383,241,3,64.50857136817426,26.21643400836497,Delta,api,alta,success
1247,16.208878727783638,1.004437125951993,278,2,71.32627374183738,147.58205758718722,Gamma,auth,baja,success
1248,18.39210611481063,0.5135187801814523,235,2,84.46430311901564,37.379145247707946,Beta,auth,crítica,failed
1249,10.944812827566166,2.6136326748549714,237,2,91.2735656327777,32.68435793269187,Beta,ui,crítica,success
1250,12.129603150187666,0.6864271481269233,279,2,88.60158765616063,17.681677891795925,Delta,auth,crítica,failed
1251,5.793666769256366,4.264828413732691,248,2,84.97584674223076,4.999638684461081,Alpha,ui,media,failed
1252,10.447282279901907,2.4439570416659557,233,4,73.2089130626968,46.53598978913842,Alpha,auth,alta,success
1253,19.056592488720515,1.0354546453094051,226,3,51.16298518366152,39.331111682425124,Beta,auth,crítica,success
1254,10.33388908974512,2.5246668199247058,282,1,73.41508300473814,30.981732196097667,Beta,api,alta,success
1255,7.334645244842441,3.9182156498090652,234,4,68.14975468744966,2,Beta,database,baja,success
1256,12.167578264740424,4.561483835653798,242,0,87.38090805411504,5.57834105353628,Alpha,ui,alta,success
1257,16.985956521038176,2.4017958944215834,239,0,77.83097996702944,7.017198354005814,Delta,auth,crítica,success
1258,5.688114783166612,7.899426406580774,258,3,76.26826882355374,41.29237163091241,Gamma,database,media,success
1259,10.984718112843593,4.606493125555934,221,0,80.93025018646966,15.817130584269762,Beta,ui,alta,failed
1260,13.871322168202454,6.782532831018613,271,1,68.18930647633658,7.012083001434803,Beta,api,alta,success
1261,19.91011997782339,6.382110796472348,252,2,47.64905569908771,8.574657797813416,Beta,auth,baja,failed
1262,9.537576820625505,6.774674990210144,244,2,63.53635005471218,43.14705055386184,Gamma,ui,alta,rolled_back
1263,18.077686404844375,4.785094517721088,223,3,82.92270777950313,81.50538914992448,Gamma,auth,baja,success
1264,10.268419225752762,5.020936909408706,264,0,82.90071000700219,12.522109443785515,Beta,ui,baja,success
1265,7.875929167753149,2.606217614003007,249,1,54.75891544172663,4.108487002551556,Alpha,auth,baja,success
1266,7.462662006709169,6.464304441251449,239,1,62.690589018929984,6.392566682773163,Gamma,auth,media,success
1267,11.115607498489874,2.694357264187,210,2,67.61391598371517,3.359534896330738,Beta,api,alta,success
1268,11.910341204384213,6.072111214778026,238,0,75.33891699350305,28.578445005659212,Beta,database,alta,success
1269,10.70839268790412,4.391177345495368,244,4,79.06546606623797,8.268142327666283,Gamma,payments,baja,success
1270,16.208892638902164,1.6199606734896213,252,2,69.81779166282391,36.24039990998326,Beta,database,baja,success
1271,12.758164662780796,3.9070464643143556,254,1,78.21692064332379,165.54543072567964,Gamma,api,media,success
1272,11.576689564536506,5.909529482178866,236,2,89.38293130887038,2,Delta,auth,baja,success
1273,9.589782109869136,3.7009310467210375,249,3,79.49206151354032,16.414296101778746,Alpha,auth,baja,success
1274,6.815936274951846,6.493796618006131,245,2,98.99063282757737,9.852596864104271,Alpha,ui,baja,success
1275,4.162693445173792,3.0197404117672804,257,1,62.021979165154626,15.836102485656738,Beta,api,alta,success
1276,12.853646922084682,4.846705287318328,251,5,71.61194049314436,21.5253177787001,Delta,payments,crítica,rolled_back
1277,12.101343480444946,1.6758675376760288,269,1,68.94321114945497,33.44368341363488,Delta,payments,media,success
1278,17.460092751439753,3.7002574435689866,282,3,91.79119674806333,24.036359599714572,Delta,database,media,success
1279,13.164375232979427,3.2755980314155124,241,1,53.143145222589624,28.033999956136043,Alpha,payments,baja,failed
1280,15.188870804504361,3.8500787025874326,253,2,62.19077798749849,9.360266227478707,Gamma,ui,crítica,success
1281,12.163945497502645,4.488977240336599,290,0,82.50983787375147,2.5959503937501625,Alpha,auth,crítica,failed
1282,8.726703801496445,5.608796407580091,259,1,63.940669610817274,31.567921957855518,Alpha,auth,media,success
1283,13.158562572657708,3.766910637768766,226,3,57.74539863583286,7.67757748067379,Delta,auth,baja,success
1284,13.35914844520446,6.389367994938656,236,1,82.16143829778073,36.872170371780975,Delta,payments,media,success
1285,8.730429076946269,3.189614359743926,218,0,66.5728798171509,31.482764123862083,Alpha,payments,media,success
1286,11.88500273908768,5.915497172470735,239,1,64.33606476907883,12.66600014269352,Alpha,auth,baja,success
1287,20.003126604447978,3.9593111228013296,286,0,77.15779228007224,2.153836101293564,Beta,api,baja,success
1288,7.48293574686151,8.790688444642388,274,1,92.29949957869441,20.03890512037783,Alpha,payments,alta,failed
1289,17.888714368278894,4.8486912799644895,227,1,63.44429495982918,8.461919389665127,Beta,ui,baja,success
1290,11.091724334060391,6.432042072379804,238,1,74.18571514863724,35.39878785408555,Beta,database,baja,success
1291,17.92924238496804,6.679640490522582,238,0,71.54614971132047,37.458293480644805,Beta,api,media,success
1292,8.627787302050848,4.000477755430258,219,5,93.23405924463293,2.1731270849704742,Beta,auth,baja,success
1293,11.735218690176408,6.14900533852122,269,0,69.9173215411464,89.50514591811637,Delta,ui,baja,success
1294,13.244933993431456,3.2428743067321886,243,5,72.46415625463156,28.073542266075904,Delta,ui,media,success
1295,11.549639086786344,7.270439372153172,230,2,80.26831094956204,71.19627499177095,Gamma,database,baja,success
1296,14.63495535577058,6.732081639811752,258,1,57.30434223484053,35.135290546188934,Alpha,ui,baja,success
1297,11.332553999562041,4.903430441474596,268,5,69.49010529420026,11.025572955608368,Alpha,auth,baja,success
1298,16.835493860640597,4.361412002046876,250,0,80.83833533028697,13.381245542317629,Beta,api,baja,success
1299,12.68167773553689,2.06184179852653,263,0,62.12294267599667,61.75787047739354,Beta,ui,alta,success
1300,14.769678544978987,5.615378800188889,211,1,86.49745827014932,2,Alpha,database,media,success
1301,7.2578122537648735,6.603758891938899,252,2,78.34872406182237,35.09617252266469,Beta,ui,alta,success
1302,9.366442837211826,2.9061135322071667,212,1,75.0067134082889,6.970943701738764,Alpha,payments,crítica,success
1303,16.358031795166205,6.3204298014205795,264,1,74.1533435723449,9.72600768506527,Gamma,payments,crítica,rolled_back
1304,14.035143764642644,6.476812920578182,250,3,79.11273157910806,41.230420542727096,Gamma,payments,crítica,success
1305,11.456373497598301,8.635228759566512,262,2,64.33992324270238,7.007889149318105,Gamma,api,alta,success
1306,11.56486905217243,3.3444154067864744,222,1,76.09392714764907,194.1490740516146,Alpha,database,media,success
1307,15.019600641818563,5.771504727886363,227,2,79.49413226359412,2.532777871117816,Gamma,database,baja,success
1308,11.104754713520135,0.6847718951141912,234,1,90.49138129778642,7.837670792973334,Delta,api,media,success
1309,12.299820683759696,5.239266742024961,257,0,65.33689429798872,17.950659937148384,Alpha,payments,baja,success
1310,5.4161807914,6.397634289744394,232,3,66.2100971553869,34.597702769408805,Alpha,ui,baja,success
1311,19.09603746062009,7.556477116107059,265,0,71.59327070706969,3.804010516033189,Alpha,ui,baja,success
1312,15.063871663906298,2.7536088997440884,246,3,64.79576705711068,3.1653084415071424,Delta,auth,media,failed
1313,15.329151372043018,6.086791802752034,250,1,100,23.114516100769332,Alpha,api,media,failed
1314,4.3781699101075215,4.923292226810453,266,1,73.83296939568665,8.791329961270094,Alpha,api,alta,failed
1315,11.916653295222343,5.800901239644062,244,0,70.10243283732721,2.527865099568596,Delta,auth,alta,rolled_back
1316,10.36426435020713,7.173760118523683,226,1,59.645006676223105,9.538065679778793,Alpha,api,media,success
1317,6.494454773692816,5.114906184455345,260,2,90.37092219927379,16.71525554258137,Delta,auth,media,success
1318,14.909721497573024,8.371630386752159,272,1,66.82718735706938,14.80286605283618,Alpha,database,crítica,rolled_back
1319,16.936523124948376,3.3872747917385944,247,1,66.46708653506413,4.0022781528532505,Beta,auth,baja,success
1320,9.787102376490132,7.668448877415379,256,1,76.36972672008474,47.24578311837731,Delta,auth,baja,success
1321,11.083239288285062,7.257037225954445,280,2,70.16592863031647,47.888047767649276,Gamma,api,baja,success
1322,18.845847955689088,1.7516794020857498,281,3,72.63608966737162,51.528675419047744,Alpha,database,media,success
1323,5.40076838681194,4.332112490015319,268,1,100,29.04668562758475,Beta,auth,alta,success
1324,14.976883141751275,2.5769686951191493,236,1,63.190513771979,2,Beta,ui,alta,success
1325,10.743914704076337,7.040048512203187,237,2,70.18623502087917,13.950113832950592,Alpha,payments,baja,failed
1326,11.538756634382185,8.511616368130603,291,4,70.17223285453312,17.4826236572264,Beta,ui,baja,success
1327,9.556102628911441,0.5,240,2,68.36384437456107,59.37561138282534,Alpha,auth,alta,success
1328,16.386781516076177,9.369961632966765,262,3,92.1955026541422,3.422822706597607,Beta,api,media,rolled_back
1329,7.491329555664966,5.2835337603832615,238,0,58.067687617146376,2,Beta,ui,alta,success
1330,15.850437969753186,5.274708616341745,229,1,94.77163957000556,9.061539988964796,Alpha,api,media,success
1331,17.625856064927554,2.2094145031308083,262,4,71.24277940146098,11.136157270520926,Beta,ui,alta,success
1332,5.4334019644012,5.258609362117209,249,3,73.25676728978794,19.771931200211338,Gamma,ui,alta,success
1333,7.4923832298030755,3.7968044566993076,284,2,80.7017924923251,2,Delta,auth,media,failed
1334,14.366181922009693,7.012133535401299,257,2,68.58161474974806,22.130326352005294,Alpha,auth,baja,success
1335,8.174763521976256,2.2796811768068386,276,3,79.66624489712555,32.07569901544362,Beta,ui,alta,success
1336,9.233880454614425,2.902083778162472,268,0,100,12.919695798307657,Alpha,auth,baja,success
1337,10.218588930594557,5.996991605584155,270,3,74.66452146029654,4.745502166450024,Beta,auth,media,failed
1338,10.622063086693728,4.819673633830156,232,2,87.0280316649802,2,Alpha,auth,baja,success
1339,14.814792740984489,4.397186825886497,232,5,100,24.140114673740573,Beta,database,media,rolled_back
1340,9.587976940822962,2.8857727777510926,244,2,70.78307516635401,2.2686338759958744,Gamma,api,media,success
1341,12.357401649658726,5.869764494723567,248,2,89.9899176176348,2,Delta,api,media,success
1342,14.949978548879617,3.8700066836545206,240,0,71.95680030391473,2,Beta,payments,crítica,success
1343,5.838482221712915,4.53890972666719,243,1,86.59402907679342,2,Beta,payments,media,failed
1344,9.241470829404765,5.531958825868935,254,2,69.53338625694907,11.074547979980707,Beta,api,baja,success
1345,15.439173840837721,8.397994914958417,244,1,100,3.151837868653698,Alpha,payments,baja,success
1346,10.49392103729691,4.982573729517493,270,0,80.14774614895711,10.841527607291937,Delta,auth,media,success
1347,1.8596661187790815,2.7812459899817066,256,0,61.93246777751877,10.570183049887419,Beta,ui,baja,success
1348,8.568763085531167,4.1836762916244,238,2,89.24694645033658,232.06575334251542,Alpha,database,crítica,success
1349,15.26410562770465,2.9644139849653994,264,1,66.23322228400626,6.161488621754712,Alpha,auth,alta,success
1350,10.293644363096899,6.056596698337049,258,0,75.7558965019155,24.81456519562512,Beta,api,baja,success
1351,10.381452639833281,3.4213652767202873,246,1,69.43263386549519,21.337811707442096,Beta,api,alta,success
1352,11.416923102950111,4.211796493370379,255,0,83.4521482909459,15.962178982794285,Alpha,auth,baja,success
1353,14.87786547226948,5.054979435687947,235,2,68.72323465616982,2.4896282794254034,Beta,auth,alta,success
1354,10.035636991122693,3.7196089505213656,243,2,73.25657353160769,6.21486009657383,Alpha,api,media,success
1355,13.903833753673997,4.756723978101053,224,2,67.53944525627341,14.662966892123222,Gamma,auth,media,success
1356,14.292614672210698,3.5099662309648685,262,1,98.53844923358993,5.295682478696108,Beta,api,baja,success
1357,7.924561689137408,5.432438239544293,251,4,81.05017214179885,2,Alpha,api,media,failed
1358,11.752511062254534,8.481139164783105,246,1,49.66746533093453,16.4655366204679,Alpha,auth,baja,success
1359,9.846779593582195,4.3206835028101525,259,2,78.08487660422351,24.31659677551058,Alpha,payments,baja,failed
1360,13.667818904443056,6.156177748817206,242,0,64.55275982759531,30.528572111313636,Beta,payments,alta,success
1361,5.966893375479027,2.518182815363323,259,0,89.69708092757492,46.2207780609232,Beta,ui,media,success
1362,18.156679711069888,4.663004040116816,257,1,66.60652257188609,14.441274471580982,Alpha,auth,alta,success
1363,17.384072354383985,4.117012290761712,263,1,69.74718821152358,16.97562271755549,Beta,auth,alta,failed
1364,8.6285768899939,6.087562379511475,283,1,73.93952964222322,60.80994097586003,Delta,database,crítica,success
1365,9.320503088769367,5.172965590062606,249,3,78.56726362796667,12.381596747785807,Delta,api,crítica,failed
1366,8.36605020741551,5.058170080782231,237,2,66.98575691731631,35.49781463594235,Gamma,auth,media,success
1367,11.453837432809223,8.522041358594045,258,1,48.662224818236325,12.76424334687576,Alpha,ui,alta,success
1368,9.995848146834996,4.49356576506245,248,1,94.194978651936,8.44471462355113,Beta,api,media,success
1369,12.4505537872656,5.283752994876879,225,1,59.90989635314581,94.35073090585615,Beta,api,media,success
1370,4.4991297476229075,5.113611041385298,276,1,79.22068121986248,3.902576431632042,Alpha,ui,crítica,success
1371,12.63418685783326,4.328853156726832,241,3,77.80736364281533,9.781814631074667,Delta,auth,baja,success
1372,12.062250685056018,6.7878831544495535,268,1,79.1576615680536,4.380219049751759,Delta,database,baja,success
1373,5.597586154959468,6.572076718166938,247,2,95.66022834024045,6.375198673456907,Beta,ui,baja,success
1374,13.103892356679827,8.934202782491923,236,1,71.0669070739342,27.459977365022,Alpha,api,alta,success
1375,12.219810559483632,5.224766280099102,268,4,73.40881837217952,12.853731326758862,Alpha,database,alta,success
1376,11.077706581210968,5.598636180936916,238,1,78.22864328007851,20.469470544641307,Alpha,database,baja,success
1377,11.947134837584434,5.742218621288667,236,3,97.26288354960272,5.60405895486474,Delta,database,baja,failed
1378,13.539796784089308,8.697585546055596,291,2,66.35417227915246,10.193368323147297,Delta,api,alta,success
1379,13.386894868004983,3.9993338240488665,213,0,81.89625593411085,6.226144851507183,Alpha,ui,media,success
1380,10.273548957685493,5.121338820294867,262,2,86.54179219191842,15.621376387774944,Delta,api,media,success
1381,16.600712157314813,4.875843805615491,256,3,76.04478607323189,29.205351143067176,Delta,auth,alta,success
1382,11.853871228448483,3.212066030791811,279,1,93.18268377184162,5.784861496633232,Alpha,auth,baja,success
1383,11.456794313053743,5.256085073516981,266,5,77.65367659580231,22.796183979993156,Gamma,payments,media,success
1384,15.77847218257809,2.66997807469279,262,1,59.697824015116886,14.705026857554913,Gamma,api,alta,failed
1385,15.968165446680255,3.1843306017631257,249,7,98.9255558765968,65.95952935214368,Beta,auth,baja,success
1386,9.197320980124397,5.172202510408835,256,2,58.45315093797558,102.77716084709817,Beta,payments,alta,success
1387,8.035765312661624,7.938407626379066,239,3,68.07713430296779,149.25405656484836,Beta,ui,media,success
1388,9.177527789364722,6.3075734791947085,243,3,79.29618261966297,2.208301607519388,Gamma,ui,media,success
1389,7.296896426687133,8.44783152521116,240,5,83.36243799913974,15.543775163590908,Gamma,payments,media,success
1390,4.875212193038718,3.2856806218598935,225,2,67.96707556341674,9.091678140635633,Gamma,ui,alta,success
1391,13.242430087353565,7.493968855488774,247,1,72.88815032877405,11.804783374071121,Beta,ui,baja,success
1392,11.419558556202276,8.335891004945001,238,1,80.39080790870906,10.580383256077766,Delta,database,baja,success
1393,14.57019901476983,3.0160457033703736,245,1,65.51742673912462,2,Alpha,auth,media,success
1394,11.993362550794783,1.050268182834981,245,3,80.62544306975275,43.92019173301278,Beta,api,media,rolled_back
1395,13.636651848309405,4.45992281424454,238,1,74.40669127698091,12.575194470584393,Alpha,payments,alta,success
1396,10.015767410759409,6.220335826141831,233,1,82.40594432042126,13.320239368826151,Beta,auth,baja,success
1397,8.159568164395338,5.68864364669946,227,1,69.73938810908058,63.10211477871266,Gamma,payments,media,rolled_back
1398,15.112528898281731,6.4073615680661495,240,0,70.41490386068027,3.8511213026940823,Beta,api,media,success
1399,15.044482465311365,2.2357529629089163,269,0,65.4624776351181,2.118498532734679,Beta,auth,media,success
1400,5.0651512644670635,3.7081776892664644,244,3,47.67712388491109,93.19396174940016,Beta,auth,baja,failed
1401,15.50917860730703,7.509292840496161,276,0,87.14662811700569,18.185618014342474,Alpha,payments,media,success
1402,4.906514244265221,5.187109929598051,249,4,69.02724993703835,2,Alpha,ui,media,success
1403,11.817250702755382,4.864393374569908,266,2,56.560603046641155,36.88177826798974,Gamma,payments,alta,success
1404,10.420510984063442,5.569131420060709,264,2,87.92953988364557,16.140751976519823,Delta,payments,baja,success
1405,11.48777493431593,7.0700312634899944,232,1,87.9318822165286,48.83315773953035,Delta,api,baja,success
1406,16.38495092754647,0.7272456304934227,235,5,75.27214345366734,8.18880482017994,Gamma,payments,baja,success
1407,6.979128557520382,1.8066320013130652,247,1,88.8260523255646,8.431527324020863,Alpha,ui,alta,success
1408,NA,6.532553695207787,239,2,67.73954760408964,22.871258049195102,Alpha,api,media,success
1409,22.213209960161024,8.608601918887935,240,2,66.14999457522529,11.719216782599688,Beta,api,baja,success
1410,6.086774776197917,4.775631743401264,250,2,88.22871558098204,6.256384799978911,Delta,database,baja,success
1411,9.49364972707711,3.9730419125874947,268,3,82.94893386194371,15.981702547520399,Beta,ui,baja,failed
1412,11.835791910634438,4.9324510272881135,256,0,94.71879089157508,145.92418920187228,Alpha,auth,baja,success
1413,12.799812879329755,3.5487510636079778,259,0,65.03437722872343,4.515488702901524,Beta,database,media,success
1414,9.866777597890493,3.3238757965264707,287,2,99.12568154486883,64.29421434994069,Beta,database,media,success
1415,10.935870729263957,2.511554100251598,259,3,73.02200543083475,53.2484963058981,Beta,ui,alta,failed
1416,16.336591256474673,5.920041346074123,262,0,93.62584617420902,49.773006630907645,Alpha,auth,baja,failed
1417,NA,5.24263445696299,240,1,63.141890508126366,10.35602180287242,Gamma,database,alta,success
1418,13.006221277512934,2.977873046803688,277,3,68.25589961620767,17.854793816235603,Beta,api,media,failed
1419,13.478168940619572,4.649972707685375,239,4,85.11236164495378,2.6318734125651027,Gamma,auth,media,success
1420,13.628137037559066,5.940263685646907,235,1,61.359241984741175,5.907035775482655,Alpha,auth,alta,success
1421,13.970020076983127,3.356714062970952,224,0,72.57726552772108,27.436811906406042,Alpha,api,media,rolled_back
1422,12.21853031620923,2.764202287843424,218,0,80.09223121036753,39.25861660536677,Beta,payments,alta,success
1423,9.165303695352357,5.269413978963314,231,3,73.76029120969203,2.9542828537523746,Alpha,database,media,success
1424,11.766916990225809,6.017161660289634,270,3,87.4565941959943,8.553179439157248,Gamma,ui,alta,success
1425,8.146312711049976,3.1228464196117383,232,3,100,15.250257968902588,Delta,database,alta,success
1426,12.373573186423496,1.2218700465062593,259,2,84.34731333938882,6.088616341352463,Beta,api,baja,success
1427,10.608395466163568,5.964327651915856,223,3,74.63823763417177,42.86448561943589,Delta,ui,baja,failed
1428,11.526662247417805,3.9436546458624826,252,3,82.20820584218474,2,Alpha,api,alta,success
1429,7.6036361713003275,8.397113047596186,229,4,73.050164012969,2,Alpha,auth,baja,rolled_back
1430,10.867694350311075,5.220988825782909,250,1,91.64882701214042,5.463942328701424,Delta,ui,media,success
1431,7.64106130861756,7.120874697116426,270,1,77.23970110812547,3.332535155920841,Alpha,payments,media,success
1432,10.377337823600552,5.804096369012747,235,1,81.10473098843893,30.041032231335933,Gamma,api,media,success
1433,14.107629038391053,4.836236088122492,237,4,57.67868303996926,34.59074082768975,Alpha,auth,media,failed
1434,12.961679927101985,7.284532627921629,249,2,53.95461612741609,14.345415685325861,Alpha,database,crítica,success
1435,15.593449828997466,6.3000485316752215,207,1,78.26876505133586,14.831029392778873,Alpha,auth,crítica,success
1436,13.951872507741903,4.901706526679907,261,2,60.73755786121404,13.915986941217435,Beta,api,baja,success
1437,12.447965460790154,7.352685524324629,233,5,75.99465652817987,6.875258713960648,Beta,ui,alta,success
1438,15.993253388544877,7.955253315859033,246,3,81.33431372849468,18.32869604129105,Alpha,ui,baja,success
1439,16.766867235013684,5.606714217393837,273,1,100,7.826049140959037,Gamma,auth,crítica,success
1440,6.402449731505148,6.893328474317982,250,1,90.40302906054444,55.109062355712325,Alpha,payments,alta,success
1441,15.568590946587086,3.262971612697025,239,1,72.33973628148482,83.54728938135054,Beta,auth,baja,success
1442,15.111835881363225,6.590917185572777,246,2,71.14880001963722,2,Beta,payments,baja,success
1443,15.767658065387803,5.495324450368184,227,1,79.27319662457849,81.08200209929582,Delta,ui,baja,rolled_back
1444,8.364789150795591,7.709592803851693,223,2,34.97064517524274,56.129983794644744,Beta,ui,crítica,success
1445,21.635723377904853,5.202585006710879,238,2,71.74739569383834,21.896621278410247,Beta,database,media,success
1446,1.6229993027676652,5.0212785130064885,255,0,63.48762885036476,64.622526389316,Delta,auth,media,success
1447,12.027452150056376,2.4098570065121825,277,2,82.97439136486904,57.55289987917271,Alpha,ui,alta,success
1448,12.472426675713344,6.614209680522002,263,0,72.93254975845832,13.073330529034138,Delta,auth,baja,success
1449,11.40121069435964,6.047391149173952,252,1,71.39469382908402,8.403982914984226,Delta,ui,media,success
1450,14.991493151452673,5.169831515414881,245,0,93.31383642085848,17.02052763659131,Beta,database,alta,success
1451,12.496139227595318,5.455300721943721,224,2,56.63614305658756,8.449226555120205,Beta,database,media,success
1452,8.887781011149396,4.63036404776721,223,4,76.84320928910925,4.794205706566572,Alpha,auth,media,success
1453,17.64013322196888,5.005581611912463,261,2,79.99746223917273,11.139213435351849,Gamma,payments,baja,success
1454,10.824352767080569,6.7803207320462,261,1,72.1392070643327,5.2700007520616055,Beta,api,media,success
1455,14.442714580021498,6.87758328203474,251,2,61.58855259237658,5.331301566213369,Beta,api,media,failed
1456,9.33395968054695,3.319114981092837,248,4,70.73772997169446,8.63342775759881,Delta,auth,media,success
1457,7.760468486918003,2.701639681082022,251,1,86.9062156834069,30.277306235318477,Beta,payments,baja,success
1458,9.576645203350742,6.08368421161669,253,1,80.6367150154922,13.729572258889675,Delta,payments,baja,success
1459,7.772634316583505,2.681150608265595,287,5,69.35444215517437,8.703226771205664,Alpha,auth,media,success
1460,14.132425890699842,4.901581487411228,259,4,68.99407732891167,2,Alpha,database,baja,success
1461,5.7916295414103045,5.710200669244072,251,0,62.816259010550716,155.52226597653413,Gamma,api,media,success
1462,8.086042138765688,5.987981071819218,228,3,73.93250142446009,77.70801704718706,Gamma,ui,media,success
1463,12.10887342063991,5.6726183192659025,266,1,54.992905227015484,38.47758363981371,Gamma,payments,crítica,success
1464,5.1377107320116275,5.158197243883362,232,2,85.68034577790768,12.682768251746893,Gamma,database,media,success
1465,9.980447894029165,6.033625283435725,233,2,100,2,Alpha,auth,media,rolled_back
1466,10.780309276329717,7.310171290236866,252,2,73.7063717691105,2,Beta,database,alta,success
1467,17.384312941706618,5.228569879625969,266,3,67.68654108551976,17.46960429224826,Beta,api,media,success
1468,10.969853236813215,5.87960732782847,250,4,85.3019093214486,8.780891831964254,Delta,database,baja,success
1469,9.906850797366664,5.449718965312144,247,5,88.38596683927605,14.882132582366467,Gamma,ui,baja,success
1470,9.347128804109474,7.5991598222761425,259,3,67.21922301139618,9.638294320553541,Delta,api,crítica,success
1471,13.788884158770635,7.816954965709892,253,4,83.77025460925765,14.620128482580185,Gamma,ui,media,success
1472,10.722196072295963,3.6025146942393134,248,0,86.70142858696576,39.43923559583245,Beta,payments,alta,success
1473,9.824884600252334,8.96326997012179,241,4,79.57294144233065,3.3821297138929367,Alpha,database,baja,success
1474,10.88130623004595,7.030518816281868,235,1,62.31830707096357,2,Alpha,api,media,failed
1475,16.260930401467732,4.590270861149555,259,2,76.9954319047764,3.589112045200591,Alpha,ui,baja,success
1476,18.271314996582472,2.813356987114792,263,4,88.99679295883494,2,Gamma,database,baja,success
1477,9.427551684165856,5.532228029309047,266,0,57.96907564353053,2,Alpha,payments,baja,failed
1478,12.08208699404275,8.941089046598949,259,0,78.63320600545778,2,Gamma,api,alta,success
1479,10.703262166498059,5.599765466483344,229,3,82.63520077348761,21.420521064584545,Beta,database,baja,success
1480,19.429584088701468,3.7868932280751126,258,2,62.48718088311716,5.589994456619024,Alpha,auth,baja,success
1481,14.363055980276258,5.834506698907703,231,0,74.79866124292272,2,Gamma,ui,baja,success
1482,4.877493130414416,3.8611926411990796,267,1,50.34535653729542,98.89299965890793,Gamma,ui,media,success
1483,10.263565201698743,4.083170425944036,240,3,98.22797194444448,12.00354240462184,Beta,payments,baja,failed
1484,2.8290011531759216,4.414329467335669,243,1,70.50825165035172,19.019825487320713,Delta,payments,baja,success
1485,11.628139046193837,7.667039306610547,279,3,57.40531942125278,2,Alpha,payments,media,rolled_back
1486,14.81585781331884,3.346246970136788,221,2,71.57006341179925,39.866858551986454,Gamma,ui,alta,success
1487,8.422041514972932,3.588244518259498,214,3,73.35604961570697,2,Alpha,payments,baja,success
1488,6.869972831701525,9.117328881104338,262,0,57.464866882966845,54.295633058742844,Beta,ui,media,rolled_back
1489,17.02313669660191,5.470372992914386,277,6,52.028763169268096,9.00519300970308,Beta,ui,baja,success
1490,8.141480081646495,5.447717069840531,238,0,54.037228974021076,5.10820372402668,Gamma,auth,baja,success
1491,15.631135524256363,3.798320968503895,275,1,84.17550105933672,2,Delta,database,alta,rolled_back
1492,12.856294454676696,4.0340376804391775,231,1,75.14866231999186,6.754473868757486,Alpha,ui,media,success
1493,15.524092490995896,2.94248215580414,258,2,79.76878102279014,10.667038455605507,Alpha,auth,baja,success
1494,16.010179993131086,6.708997876503267,233,3,79.83892309609949,49.739256573687186,Alpha,api,media,success
1495,16.559642018271013,7.279774193873672,248,0,85.94620673477492,41.84422279692708,Beta,api,baja,success
1496,16.944143409231053,5.323184816152942,244,1,70.2682090740977,13.269271407276392,Beta,database,crítica,success
1497,13.1816060405707,7.302746982144879,240,2,62.12347672811687,47.59602203763543,Gamma,payments,media,success
1498,12.687044094421834,5.699787550486205,260,4,81.8743226805226,12.388072519095456,Gamma,ui,alta,success
1499,8.178442869218246,4.4716297761637325,246,1,85.96080934422497,32.027036591356094,Gamma,payments,alta,failed
1500,7.158363515773063,2.4976073114824713,245,1,65.594246975324765,7.524775508840092,Beta,auth,alta,success
1501,9.594468008653672,7.493941339012715,255,3,87.91212134088379,14.035128615796566,Beta,ui,baja,success
1502,11.456735453680459,3.0124791995402536,246,3,65.93165998708682,28.040676555519397,Gamma,auth,media,rolled_back
1503,8.050908860317957,6.336711333296153,248,1,52.04431906729597,20.08326624027193,Gamma,ui,baja,success
1504,15.32770005847307,4.746918071430291,242,2,60.95662320435132,18.788300811753793,Beta,payments,media,success
1505,8.819761934338075,4.448875054969296,266,1,67.25910119792388,4.216386150163684,Alpha,api,baja,success
1506,13.361858448063307,3.2608180794286366,258,3,88.45567348559551,26.40854095807159,Delta,database,alta,success
1507,15.481719281387658,2.9281199873095747,246,2,76.5073923576198,31.849811989905646,Alpha,ui,baja,success
1508,7.271355979014483,4.376745067882364,247,2,65.84378409783204,22.706033549194625,Beta,ui,media,success
1509,16.091575902939837,4.067622315249765,250,0,72.3983975224775,18.92083666372805,Alpha,auth,alta,success
1510,3.566261695026663,6.012480896246059,269,4,80.9834647838013,44.95809709824143,Alpha,api,media,success
1511,12.919050550797301,6.665882253646745,219,2,58.57944092575495,10.190856792032719,Alpha,ui,alta,success
1512,18.04684316621504,4.844981874050872,244,3,80.4938846613398,37.634228734145744,Delta,api,media,success
1513,14.221751956602708,9.224989798205783,256,3,80.46363120074189,27.228889747445876,Delta,payments,media,success
1514,15.659515204997488,3.715392041797765,228,3,89.31152176881483,34.89473726936157,Delta,payments,crítica,success
1515,9.786413502881937,3.2298789123931604,219,0,71.71829398321154,95.21954096349623,Gamma,payments,media,failed
1516,13.19350435804007,5.405752726540361,238,6,68.21119931005987,5.576657366041286,Beta,database,alta,success
1517,16.425518158608558,7.009536168534008,235,2,87.4232262863968,29.12545204806834,Gamma,auth,media,success
1518,6.68340166067033,3.278197660205735,247,3,47.92030748252887,9.96075465157628,Beta,ui,alta,failed
1519,16.006776515544082,6.19474549351198,255,3,74.12026773419599,2,Alpha,api,baja,success
1520,6.362784504970361,5.812408459133277,254,5,58.592340359545446,16.26831779256463,Beta,ui,alta,success
1521,10.004875901274929,3.539703624298618,260,1,69.44878050888978,24.285650431101615,Delta,api,baja,success
1522,22.49102740995381,6.924042722061415,260,0,67.58425493520545,2,Gamma,payments,alta,success
1523,14.042662264114112,3.7427008047104255,228,3,58.452269358459546,30.937179765587146,Gamma,api,media,success
1524,11.636627223123206,4.705535819307661,243,0,64.86043328974135,23.525190064764267,Beta,api,baja,success
1525,15.915062716843515,5.635891318068633,227,0,70.16815988803104,37.50576925076066,Delta,ui,baja,success
1526,11.02476537244674,8.873106870699354,250,1,87.52741532403643,36.418505058845255,Gamma,database,baja,success
1527,14.487235836854532,2.163499190360436,290,1,70.86057398472519,2.3517176437362686,Alpha,api,alta,failed
1528,10.62161912061471,2.728275638533169,254,3,74.78647846801779,4.076384882738969,Alpha,payments,baja,success
1529,2.5791018166340383,1.874506676978958,227,3,61.44408478105224,29.137118145870954,Gamma,auth,media,success
1530,13.889550533414571,3.040987667905857,241,5,68.60024656168285,2,Beta,api,media,success
1531,9.954079220852345,4.767777198983228,239,0,61.061156730511826,29.905450097208316,Beta,ui,baja,success
1532,9.705591200975537,3.272934959108325,274,3,65.82594989054805,135.39847718862765,Gamma,database,alta,failed
1533,12.015188814914412,3.484548791050619,251,0,84.22543405575064,10.234168622642756,Delta,database,alta,failed
1534,17.370203718111256,7.828462751213887,254,4,60.508920050624454,22.35171914744883,Alpha,auth,crítica,success
1535,13.18184604623765,4.386177798417046,261,3,83.18973907259266,17.660457885747245,Alpha,auth,baja,success
1536,15.367147774421742,5.31296970456822,218,1,79.6859039555181,65.30213252897587,Delta,auth,media,success
1537,14.51625719288188,5.77291205480073,260,1,63.826993983364595,18.349779932970243,Beta,payments,baja,failed
1538,12.406393597852267,1.7878104941979371,237,1,76.2280762707129,6.2085224597180275,Alpha,payments,baja,success
1539,14.68448349864405,0.5,245,5,64.08085514200796,2,Gamma,ui,baja,rolled_back
1540,11.446734501753122,6.486000757561599,266,0,64.77584796015911,28.33506785977393,Alpha,ui,alta,success
1541,7.002750987390373,1.5812589701053952,270,3,45.5726888124613,18.721969427301858,Gamma,api,crítica,success
1542,13.390540976861429,6.194573252810002,248,4,59.80949149864854,57.881265357884985,Delta,auth,alta,success
1543,2.8887453633135713,5.4407399964297385,240,0,93.20605521620078,7.161174338310957,Beta,auth,media,success
1544,8.055163275225471,5.1161297951362625,272,2,78.23148971810456,29.95064324537686,Gamma,auth,baja,success
1545,11.761834625791172,4.726117997035122,255,0,63.46033150557471,10.553220424801111,Beta,api,alta,success
1546,11.356962038103505,7.789793364139577,254,1,52.40347725302476,8.160882387310266,Beta,api,media,success
1547,10.318553918638832,4.459567740654925,246,2,76.89926372891296,23.308799605778027,Alpha,ui,alta,success
1548,15.95436406531446,5.82797454028262,263,2,92.59259344433471,10.60650984942913,Beta,auth,baja,success
1549,7.721544835565488,4.814161707403819,273,2,55.71859651074358,22.733158348982624,Beta,database,media,failed
1550,1.5454261319395606,6.176350053326275,244,3,75.24325603990216,4.663409419369568,Delta,ui,alta,success
1551,15.121807590648611,4.296128624414514,269,2,65.80974716017832,46.81157728828011,Gamma,database,media,success
1552,12.180420294216281,3.6475037192604463,269,2,61.69836854015796,2.135318551249699,Beta,ui,baja,success
1553,NA,8.165659801109463,247,3,57.42187334888908,10.40708651393652,Beta,auth,baja,success
1554,10.435102759716138,6.336339528081011,256,1,57.507126246192875,33.08473037827521,Beta,auth,baja,success
1555,5.252001982685619,2.2950902395966937,259,1,94.29498173343434,10.577898971736431,Beta,payments,alta,success
1556,8.189182179393281,2.9086660136380775,278,1,59.200710085765714,18.015044419949344,Alpha,auth,baja,success
1557,14.029656448413581,5.139370745516083,252,2,73.56484517640611,65.11317573185292,Delta,ui,baja,success
1558,12.07526439602689,3.381651013294503,255,1,77.75423175123974,32.06883197922021,Beta,auth,baja,success
1559,6.3243585056575045,4.438827817431632,233,1,70.78225703190871,88.88526662115272,Alpha,api,baja,success
1560,14.392687725408946,7.367908635474941,246,0,70.09671140782392,4.8565289153654065,Gamma,api,media,success
1561,15.145518486972911,4.131348041431145,251,2,78.03309977413784,70.48387384011384,Beta,ui,media,failed
1562,11.46146781639105,4.480113881319364,256,3,94.99643872754194,17.541876397018722,Delta,ui,baja,success
1563,11.934453929538709,5.36911851644353,245,2,68.85164665265627,94.50282825025465,Alpha,payments,media,failed
1564,17.636561632940364,2.1939873794620834,252,2,60.65324508161076,54.20512090320912,Alpha,ui,alta,success
1565,13.579354795209063,3.7203687407319466,235,3,61.019957014157974,56.27145458455411,Delta,auth,media,success
1566,16.87950051228987,5.847006115533279,235,5,64.6043289717211,18.399519770329288,Beta,ui,baja,success
1567,NA,4.088172062635616,236,1,68.0516122712129,4.340841675060084,Alpha,payments,media,success
1568,17.91795137935513,4.028897683938326,252,4,73.92754295334579,28.355185701434905,Gamma,database,baja,success
1569,11.69726485323043,3.4627033357510886,258,2,78.30804098970306,5.155963484197855,Alpha,database,crítica,rolled_back
1570,15.67099382879822,2.949869920912011,271,1,79.4801642093875,2.7507710717618465,Beta,ui,crítica,failed
1571,10.620885145030348,5.313007236727683,229,0,80.09791229532371,2,Gamma,ui,media,success
1572,7.6919893757843205,5.366021240639347,262,1,82.07827679103616,14.19750827550888,Delta,ui,alta,success
1573,16.006418909433144,5.74686189238036,234,3,86.6879678685529,62.550211739495666,Beta,auth,crítica,success
1574,21.184016163085353,6.767825912350869,242,4,79.57895387016492,11.60518529266119,Alpha,database,baja,failed
1575,10.696487538199943,4.101313015525768,224,2,66.63100529895871,48.47741804815351,Beta,ui,media,failed
1576,17.87542451411727,1.0944413368883934,256,1,84.27352197974298,95.99631405862715,Beta,api,baja,success
1577,11.052364267304563,6.119925379743066,235,1,76.93193366079392,5.446338929235935,Beta,database,alta,success
1578,15.693972471561715,5.301485451586266,248,3,67.43221202372425,5.6728275375040855,Alpha,payments,crítica,success
1579,8.043232773194365,4.452644782037304,224,1,82.50118295921617,65.9573535441908,Beta,database,alta,success
1580,13.102585113146837,7.010929057345145,254,2,71.0742638432436,5.470280986279249,Delta,auth,crítica,success
1581,8.945355625755852,2.2364754984716364,212,1,70.18758680922622,8.37603621929884,Alpha,ui,baja,success
1582,6.591552063200115,5.487785718506463,218,0,64.34452164448442,7.132353287190199,Alpha,database,baja,success
1583,14.620097640912016,5.881658267956969,264,3,82.38337500312691,19.83825537134867,Beta,api,baja,success
1584,18.43858704141983,7.793464189733349,251,1,71.46223271297757,13.305939394980669,Gamma,api,media,success
1585,8.84597213648836,9.910324951099161,277,1,71.71038071957622,12.641222734004259,Delta,database,baja,success
1586,8.464495549896018,7.665736702786155,251,3,75.00329337700975,16.15168084949255,Delta,auth,alta,success
1587,7.709941552825674,5.067381842932722,243,2,31.119371409444668,33.22378476608306,Beta,auth,baja,success
1588,10.167436074208638,6.1616060564845485,279,5,57.84452823546261,2,Alpha,api,media,success
1589,14.662588062312908,8.52975280411272,223,4,52.33073723075009,46.37782372332631,Beta,database,baja,success
1590,14.8489128496749,3.946970147670335,277,2,95.83846209884861,6.812424277164629,Beta,payments,media,success
1591,13.771816909996648,4.44113230027908,238,3,95.9752025955982,7.886671755462885,Alpha,ui,baja,success
1592,15.038349248236717,2.4352648386100455,241,1,79.06214777368838,21.607608279535363,Alpha,api,alta,success
1593,10.124489335923506,2.5563122312331443,259,1,74.67269309223232,43.495089052091224,Alpha,database,baja,success
1594,11.309160088464653,3.4030546569077695,261,2,57.091036195776866,82.605238075991835,Alpha,database,crítica,success
1595,14.72819959754323,2.1334159878466474,259,1,89.05665271194464,24.950333130999958,Beta,payments,baja,success
1596,10.873690687033827,5.386174846277722,292,2,71.97959663895837,9.489881694316864,Gamma,auth,crítica,failed
1597,8.153509704272716,7.924688862524237,223,5,71.47039632311532,16.607374001294374,Alpha,database,alta,success
1598,6.489399421069772,2.7025553839177645,244,4,74.04722627777846,30.82802487808972,Beta,ui,baja,success
1599,22.790346546553426,0.7182775290630925,247,0,82.55444342239058,12.489274308085442,Gamma,payments,alta,failed
1600,5.201139777748273,5.762349364584419,265,5,71.91475988458367,2,Beta,auth,media,success
1601,12.117266611176806,3.1367709390968184,245,0,82.3350787924725,22.784061423425964,Gamma,api,media,success
1602,19.737257344604956,2.283961387364147,267,1,76.74617892784882,38.19666936791955,Gamma,database,media,success
1603,15.350043500711852,4.644935875357576,235,1,70.68447794166147,2,Beta,payments,baja,success
1604,11.258614675661333,6.756118699781963,267,2,84.23468881908178,11.43393324315548,Beta,ui,media,success
1605,14.133316711057546,2.5969704180324937,242,1,75.2225859736341,14.412380363792181,Alpha,api,alta,rolled_back
1606,19.139824968059045,4.148496348293531,239,2,85.06339197200269,2.2696702985240536,Gamma,ui,crítica,failed
1607,12.758511279320523,5.446870616029108,252,1,61.26022951724057,2,Delta,payments,media,success
1608,9.723649951253599,5.593400684940467,257,1,63.05998229214919,7.814301665872335,Alpha,auth,alta,success
1609,17.80757177828849,3.5125011615450994,276,1,76.36323766059004,7.329666283449239,Gamma,api,alta,success
1610,19.475973810261287,4.33835344852654,240,1,84.74295241325768,2,Delta,ui,media,success
1611,8.061780425049836,6.021314170995783,255,0,57.502550815178765,40.056402977080126,Alpha,auth,media,success
1612,14.875027055617466,6.624249143484786,229,2,75.36149593936075,8.404266960918903,Beta,api,baja,success
1613,12.517389187833048,3.5570119726755935,236,4,78.12003561576498,27.965308605616386,Delta,database,baja,success
1614,14.806565235573453,3.246068349539689,248,0,70.60027610400597,12.919050592929125,Beta,ui,alta,success
1615,14.106791327549793,4.337048162348116,248,2,61.198972735104874,63.65888075228062,Gamma,auth,media,success
1616,11.91794760418159,3.3360267571362368,272,0,79.31226588721614,5.958041109144688,Gamma,ui,media,success
1617,13.753004189227882,9.275003858780059,243,0,64.0508748952417,22.223593554382614,Gamma,payments,baja,success
1618,7.157885737193852,11.117439278766344,260,0,72.5822626589308,50.66943932767239,Beta,api,baja,success
1619,6.382320224684386,4.813780855413087,234,3,61.06306188482953,3.3492306839315384,Beta,database,media,success
1620,14.882996628837247,2.2990480828886404,243,2,80.99472697194568,32.63464236158639,Alpha,database,media,success
1621,12.3441420131069,6.787595177466978,246,2,87.7282194128944,9.147729326910914,Beta,auth,media,success
1622,11.47353183436616,4.0960297361870825,292,4,88.78445411505905,2.0826238319277763,Delta,api,crítica,success
1623,5.295792084240646,3.2395464159442557,208,4,73.36029932301619,5.708498742431402,Delta,api,crítica,success
1624,9.722008036927546,2.8907649349144786,276,1,56.25998688984117,31.74648103762179,Delta,api,alta,success
1625,12.76882060358618,6.539344558716963,251,2,74.816849614073,4.349204130470753,Alpha,api,baja,success
1626,10.054708316988712,2.3423160979907953,287,2,75.06371560505494,34.26775172626844,Gamma,ui,baja,success
1627,12.3251360519755,1.494205795092236,243,1,60.28645497870359,3.9178473429198606,Alpha,api,media,failed
1628,13.539588987137186,4.090520941643552,243,2,70.90383528561858,35.97002993235021,Beta,auth,baja,success
1629,11.449992115847277,5.1225430480576115,277,1,75.47520260515228,7.954617619514465,Beta,database,media,success
1630,13.710372436956375,6.541842096691033,266,4,71.75644933434754,18.63700542694398,Alpha,database,media,success
1631,11.027742205842546,8.038499757948479,254,1,75.97957698004157,28.980213492100532,Gamma,auth,alta,success
1632,10.726588688584435,5.335203700573622,260,1,70.15356230201627,54.611971688226134,Alpha,database,media,success
1633,10.983574425967959,2.243627549427276,241,1,77.93981209629077,10.138952303677797,Beta,ui,baja,success
1634,14.555549720652262,5.759865548833076,277,0,82.87627359510162,65.92404095526066,Beta,payments,media,success
1635,15.284261532664338,7.112507711039843,255,2,83.37814053320015,54.604414832547576,Beta,ui,alta,failed
1636,21.34191634632783,3.4287592624635117,248,0,61.42890527589586,10.681427523493767,Alpha,payments,alta,success
1637,8.066769769555751,3.235284787737464,257,0,77.97642211166522,89.4830454686537,Beta,api,baja,failed
1638,9.170170239974968,4.963339006177247,250,1,78.517609948138,5.067878846079111,Gamma,auth,baja,success
1639,14.576596405399673,8.079263775359838,270,1,46.10829520201953,8.38763915374875,Gamma,payments,baja,success
1640,18.550661319784837,5.85884690761616,256,1,86.08901088443032,5.906750835478306,Alpha,ui,media,success
1641,16.906592698657228,6.397710239234984,295,0,55.94703608309656,46.11648429728566,Alpha,database,crítica,success
1642,10.129177526676752,2.2635825855894156,274,2,73.30739996747761,6.69153602242133,Alpha,auth,media,failed
1643,9.287075745048044,7.347146928560852,236,6,73.81312165695059,36.75724075532971,Alpha,auth,alta,success
1644,18.785609085321752,3.186211856752257,269,3,70.28697016488883,9.550535682588816,Gamma,ui,alta,success
1645,18.17138740035626,4.649121785240835,238,2,66.23445841582314,10.235350761562586,Delta,api,alta,success
1646,12.858110368243771,3.6871275346793277,238,3,60.93711526981096,2,Beta,payments,alta,success
1647,18.80275318300927,4.170334623482604,243,2,66.82194925212347,2,Alpha,payments,media,success
1648,11.96805268140843,3.3686414292306024,284,1,92.16752101487832,20.962998389189533,Alpha,api,crítica,rolled_back
1649,8.728398540788923,6.7404227371456304,243,3,72.90099713706131,5.19082635641098,Delta,database,baja,success
1650,11.797559318865826,4.243920693390305,256,1,72.53761814292014,7.850390329957008,Delta,ui,baja,success
1651,12.319684346196134,2.898652488142413,288,3,68.05042624509204,26.672361284410258,Alpha,ui,media,success
1652,5.76171560842381,10.683307395547876,244,0,86.79785509152632,61.699139130071075,Alpha,auth,alta,success
1653,11.31400817301483,5.923603791222028,239,0,100,2,Gamma,database,media,success
1654,10.32557162867066,5.777273216187063,214,2,74.82432222610892,2,Gamma,database,media,success
1655,13.965147272132644,1.9076884458633923,253,2,70.15789495646693,2,Alpha,auth,baja,success
1656,9.87508627507588,6.358941547330029,272,1,75.75211453429431,77.11138146712419,Beta,auth,media,success
1657,13.928880470939584,6.709654313256186,278,2,71.24167733667966,61.21740384097424,Beta,payments,crítica,rolled_back
1658,14.1451641601973,5.0496394072131565,246,2,80.26299594363277,27.30286451328307,Alpha,database,alta,success
1659,10.882703168564394,1.4153841158652094,239,2,68.87796762511017,5.665182251483202,Beta,api,baja,success
1660,11.825970941197664,7.241322748836685,267,1,49.494012989316474,3.9621765464544296,Alpha,api,media,success
1661,21.526061167838055,9.138438669316148,250,0,93.46619907137043,30.210819101815517,Beta,payments,media,success
1662,18.192124453422455,4.863578634950598,237,3,79.47413105417994,28.928142895353535,Gamma,payments,media,success
1663,18.219047994115915,4.123794048916189,270,2,62.97346344115641,19.895543373112968,Beta,auth,media,success
1664,12.232444920455652,5.068043571792693,260,3,85.90293143014112,28.232164285068805,Alpha,database,baja,success
1665,8.640884337891343,8.440799659161259,265,1,69.22455933715194,50.43443821068135,Alpha,payments,baja,success
1666,14.28449379462193,3.147455273207706,248,3,66.90151653471084,109.21635101232965,Beta,database,baja,success
1667,12.264191130252222,6.68049666031209,276,4,87.24547534317131,60.04869500990239,Delta,ui,media,success
1668,26.33863797171995,1.4197675092869124,257,0,88.6698730115101,42.46220402217923,Alpha,payments,baja,success
1669,4.272417785394929,3.1392550744394807,253,1,69.18889095379078,46.485977856288535,Beta,auth,media,success
1670,11.188669983016093,1.4914179715800184,267,4,68.28632533571488,10.950837057083845,Gamma,database,media,success
1671,17.93486081709244,5.4417627779133255,238,3,82.82433817143729,8.034698467701674,Alpha,auth,crítica,success
1672,3.6059343993419795,3.0728712707766586,267,2,62.2479330071056,30.534269369130428,Beta,auth,media,success
1673,10.961405335772962,2.904314087641499,244,2,83.28703185424743,16.157960928976536,Beta,auth,media,failed
1674,13.336271743548735,3.203417724734101,271,2,50.57072155395667,44.327550573120696,Beta,database,alta,success
1675,11.121449633467122,3.9166599333003944,236,0,86.34235339977387,7.307075244437567,Delta,payments,media,success
1676,8.272912786843573,4.652768409136771,247,1,80.81148874159746,5.942409574985504,Alpha,auth,baja,success
1677,11.511039126813696,8.305955649051489,248,3,71.89621848875962,25.690586824823598,Delta,auth,baja,success
1678,17.354113693847044,7.521026264939419,246,3,68.90371124890217,4.765829231590033,Beta,database,baja,success
1679,6.60667523982254,4.232105459484132,247,2,80.85067667158077,2.8398375829749027,Alpha,api,crítica,success
1680,17.659342898039924,6.435350015206752,253,2,71.78424919574094,9.74528706818819,Alpha,payments,baja,success
1681,15.656195782058726,5.222674236225805,233,1,63.76285178172203,81.5687760074341,Alpha,auth,baja,success
1682,7.053248326026746,4.162327506736954,254,6,74.2893077831821,4.617936495691538,Delta,auth,media,success
1683,5.996958581301482,5.916361856807722,284,1,61.40436324121695,34.10453228450833,Alpha,database,baja,success
1684,12.13815473558613,5.2459409856566195,244,1,81.86135918807028,41.25897542930661,Alpha,api,baja,failed
1685,13.145198581610767,6.3971557809872674,241,0,78.02114356056464,14.31968928873539,Gamma,auth,baja,success
1686,16.74483237538244,4.3557719722268,241,2,76.96675605601172,14.423702850138948,Gamma,api,baja,success
1687,11.849802512629807,4.1548784776364185,257,1,66.24762184133735,2,Alpha,ui,baja,success
1688,13.681486375894238,4.026344449421441,273,1,84.47548090724625,2,Beta,payments,alta,success
1689,17.156985929371068,6.315444745349293,259,1,74.62166718191894,36.75426707960187,Alpha,database,baja,failed
1690,16.68275674039847,5.873103825427004,238,2,81.11404349328018,105.42615825283572,Gamma,api,alta,success
1691,15.30437461633885,6.576936123907818,236,1,78.93477143102338,8.807017017155886,Alpha,payments,baja,rolled_back
1692,13.295668260361937,3.7760614119738434,237,1,73.90646198743228,23.22696181285887,Beta,api,baja,rolled_back
1693,13.523801645818196,4.092325532138174,241,0,60.032077481077195,8.920761175453663,Alpha,database,crítica,failed
1694,16.810478331173165,2.556497018103919,247,1,72.85514125106383,6.370528556406498,Alpha,auth,alta,success
1695,16.408823002928553,2.055965471762137,256,1,88.7065771225232,5.183974420811598,Beta,auth,media,failed
1696,11.753940240083415,6.218690730943133,232,4,69.02878596771738,21.8354157002748,Gamma,payments,baja,failed
1697,13.458359655983115,2.124202449620697,266,0,85.98587805908885,8.889952909201384,Alpha,payments,baja,success
1698,18.770209199943082,4.183380729108383,257,1,91.63290944132245,12.48919328302145,Gamma,payments,media,success
1699,17.885468049887937,5.067282890633438,245,0,60.660639997100375,6.3463136069476604,Delta,api,media,success
1700,8.091009354623523,2.737803000407831,238,1,60.30890644551259,13.512665748596191,Alpha,database,alta,success
1701,17.792806698327745,8.99834230911016,236,0,63.68293305777778,4.494341444224119,Alpha,auth,alta,success
1702,11.656577357632539,5.310712874056033,247,2,90.84535800145676,22.106132655692964,Gamma,payments,baja,success
1703,5.704920793386177,5.413078109241219,244,2,67.8788930300848,12.250493243336678,Delta,api,alta,success
1704,17.16990463786678,5.7703395547465615,259,2,80.01307127826327,12.262665946036577,Alpha,auth,baja,rolled_back
1705,12.337871022270864,4.614267216304444,254,2,75.40106248634694,4.77182975702284,Delta,payments,alta,success
1706,15.868183985920357,1.8430941550450082,239,0,58.24628908038365,31.55000359464198,Alpha,database,media,success
1707,19.756451976868075,5.402738179824939,288,0,63.71567502778974,59.31800056691495,Gamma,auth,baja,success
1708,16.319490552662547,2.0964277791640695,223,3,91.72239203829768,36.15277075565873,Alpha,auth,media,success
1709,10.585625892667387,6.029404431732689,247,0,68.94808430445201,31.198224126284416,Beta,ui,media,success
1710,11.46030750112574,4.785645339844246,276,1,89.36989069125586,14.829819727689028,Alpha,ui,baja,success
1711,NA,5.658479418464459,248,0,75.38086897561797,2.0803601863969656,Delta,payments,baja,success
1712,8.713167415758427,3.16803597262746,276,0,63.340579613344055,7.098843861576297,Delta,payments,media,success
1713,13.958123690058923,5.15754802889704,287,2,72.6413108316434,40.92369066097369,Beta,auth,media,success
1714,10.802890164362088,4.18474451186132,226,2,85.79205997337647,34.30505789614735,Beta,database,alta,success
1715,14.633019594297421,5.926496681682427,246,0,62.20423590317172,15.93642983213067,Alpha,payments,baja,success
1716,15.329638198683163,4.541562596417674,248,3,69.43636008801332,33.303489177554184,Beta,ui,media,failed
1717,13.453853044890774,5.002495096105474,253,3,96.43931074469387,24.42000109207748,Alpha,database,baja,failed
1718,10.405417365532191,4.045650925319874,259,4,41.358695726834014,53.88510010562689,Beta,auth,baja,success
1719,6.008280041977209,2.3885451645953366,226,4,73.71129056802447,27.720338272778594,Delta,database,crítica,failed
1720,12.458512701089864,4.9867002084817,276,3,83.49626350863295,9.249660328030586,Delta,ui,media,success
1721,7.848733530653482,4.980018157560661,252,1,80.33264389615154,11.515601806817507,Alpha,payments,baja,success
1722,14.583915485046269,5.0153898214901425,250,2,91.89163343420374,42.27662667430459,Beta,auth,media,success
1723,15.091381600234309,2.707815160738145,240,2,72.38591611916735,2,Beta,database,media,success
1724,13.264056632481665,6.958083610110389,263,2,66.05736374314743,9.317202765494585,Alpha,ui,baja,success
1725,7.8475487008070655,6.2314420643630895,274,0,77.87670854532456,9.785521533340216,Alpha,auth,baja,rolled_back
1726,8.979450839644585,4.519332461740277,262,0,86.16037082098279,2.7443853050752853,Gamma,auth,alta,success
1727,10.033982761229671,6.220059251835282,230,4,59.724881687606306,84.95239711793806,Alpha,auth,crítica,success
1728,12.58890298043138,2.115960218189836,243,1,69.65474709701951,9.275909677147865,Beta,auth,alta,success
1729,21.426012173141324,0.5,261,2,73.87847056524625,41.79613771833001,Alpha,ui,alta,rolled_back
1730,8.317324931576383,5.6113502978006276,244,0,81.74900539111063,47.163173271189315,Beta,api,crítica,rolled_back
1731,3.3726088671646117,8.173862850655853,244,2,78.02145255280487,2,Alpha,payments,media,success
1732,11.51839980175479,3.81784466968998,254,2,63.1082719704949,69.81561362340089,Beta,auth,alta,failed
1733,8.643022681745165,5.17933524475025,233,1,67.69612830907732,10.471710562705994,Alpha,ui,alta,success
1734,3.310240365140867,6.3086309252847474,251,2,72.81892235496629,16.371829759329557,Beta,payments,alta,success
1735,8.5027680953828515,6.924405663522862,271,1,78.65828792435661,4.446154531091452,Gamma,payments,media,success
1736,10.50568260439001,2.082181640050503,268,2,50.07840252663881,2,Alpha,auth,media,success
1737,7.591209151614306,5.004610847120347,263,1,64.70517026363237,4.009365556656581,Beta,auth,media,success
1738,14.862639442653776,2.9484082155762428,228,1,72.45460544324236,2,Delta,ui,crítica,success
1739,15.630561222736702,4.505145232639329,220,0,62.71286844149047,7.33766882121563,Gamma,auth,baja,success
1740,10.700779464859467,3.5645966066351535,288,0,43.410285705065135,28.33146281439572,Delta,api,baja,success
1741,6.073656270873017,4.636264636520486,225,0,91.91423178478021,9.801912727749933,Delta,auth,crítica,success
1742,14.376684555454167,4.390806797131025,252,1,99.61238079617706,2,Alpha,api,media,rolled_back
1743,8.580501251521822,2.549163597747216,266,1,89.42356399291063,2,Alpha,payments,crítica,success
1744,8.68032985346981,4.244383074066887,248,3,90.19235431661306,9.260699674487114,Delta,api,alta,success
1745,12.596427259856624,6.753187332235732,275,1,65.07811678314219,5.205927893834499,Alpha,payments,media,success
1746,8.095415834463811,4.531166807343856,236,2,91.1338638870227,11.703234169632196,Delta,payments,crítica,success
1747,10.821262369374448,2.68496434582477,233,0,58.89550407761638,2.4094832634579264,Gamma,database,baja,success
1748,8.916100336738612,5.054488577500977,235,1,67.39980472331811,6.0350412502884865,Gamma,payments,media,success
1749,13.56913482831497,2.019476473466535,257,0,54.77509757967391,24.5629011457017,Gamma,auth,alta,success
1750,8.614776380462022,3.336636564634378,275,0,58.11750839049203,49.00210842288553,Alpha,api,media,success
1751,8.62496027627819,4.527687345169681,237,2,69.3688707021843,4.2467151917517185,Alpha,auth,crítica,success
1752,8.152446222846926,3.1723461918762936,257,2,82.76605424660534,5.150343067634291,Delta,auth,baja,success
1753,12.044198613426179,4.388302937810069,235,4,54.436599425569916,14.54311602562666,Beta,ui,media,success
1754,16.859795861687374,7.342203152611988,253,2,73.71086030999147,10.492570293177593,Gamma,api,alta,success
1755,8.444485937046863,1.2567268898055697,237,0,58.85605800592752,12.488632254302502,Gamma,auth,media,success
1756,12.872405045786413,1.196317376303734,257,2,68.41160596825232,21.637629344051174,Delta,auth,alta,rolled_back
1757,9.375532001571848,5.028245471516882,240,3,81.93280073346482,7.602709271013737,Alpha,ui,baja,success
1758,7.645936610877345,4.228471552201615,257,4,83.779624566208,13.923744700951069,Alpha,auth,baja,success
1759,16.364523592430793,4.661010255633997,225,1,75.725201793247,6.550844001378171,Beta,auth,alta,success
1760,9.723090713368805,5.953285409815546,280,2,63.70237597456509,57.52118833529039,Alpha,auth,media,success
1761,18.4832405223624,7.093367967281964,259,4,74.64942730732001,13.574358209967613,Delta,api,media,success
1762,9.252046217665036,4.342488605800323,260,2,98.52645302574177,23.293834128204885,Gamma,auth,baja,success
1763,14.627986814274529,6.926365033506631,236,2,68.48801225174614,21.57250305164366,Beta,auth,media,failed
1764,16.442768860938816,8.33647635618244,280,0,55.89052453810049,3.9668238200247288,Alpha,api,baja,success
1765,20.562882920265316,2.8312937502236877,250,1,43.37690263865164,5.4224558032587105,Alpha,auth,baja,success
1766,8.676112763470416,7.204164615166143,243,2,77.86975599475882,58.00879834289876,Alpha,ui,alta,success
1767,12.305623424792541,8.441459428951042,240,2,75.0585003635699,2.6352480053901672,Beta,auth,alta,success
1768,15.743297784796212,6.6437564534282645,237,2,76.61819830383179,47.02438746191083,Beta,auth,baja,rolled_back
1769,9.99333318854076,6.78605426149092,234,0,79.69800089126566,43.91293966568528,Alpha,database,baja,success
1770,14.37941385540472,2.975766746650641,235,3,55.85338982599572,8.489647921174765,Alpha,auth,alta,rolled_back
1771,10.277395323454517,5.364088928605835,255,3,63.84321369367678,70.40301586263544,Alpha,auth,baja,failed
1772,7.466643789308835,5.7484157976224886,227,1,76.59127775429958,3.2773840188332626,Alpha,database,baja,success
1773,3.051313760921479,4.565208233567464,232,2,79.09853995939581,11.987141266465187,Beta,payments,alta,success
1774,14.058558289772568,3.381825571771015,237,1,77.13364577829113,12.09654617469555,Delta,api,baja,success
1775,10.632371539348311,5.4233046623324395,258,4,68.57707904785867,26.39771995185671,Beta,auth,crítica,success
1776,18.871509715277156,3.2461923262927734,248,6,51.00166952739447,2,Gamma,ui,baja,failed
1777,7.534488365368155,7.567436923504887,273,2,61.76191174493169,7.169211835428349,Alpha,auth,crítica,success
1778,10.046081523348612,8.235798851216515,253,1,78.07871512659533,17.543918635615633,Delta,api,media,success
1779,15.229329173631033,5.359049380595529,245,0,58.47586033029936,14.44849044084549,Gamma,ui,baja,success
1780,NA,1.9148834050361696,265,1,89.59112230840859,51.113961648896606,Gamma,ui,alta,success
1781,13.952239671306316,6.927106310144003,245,0,90.35723411492691,14.248204462230206,Beta,ui,crítica,success
1782,17.41113528387804,3.246140096116992,240,1,70.94451322578395,19.179759221423538,Gamma,auth,baja,failed
1783,20.70726236523702,7.0452029107132565,238,0,72.25717861239849,21.68842452663689,Alpha,database,media,success
1784,12.205548444827352,8.437461542056145,221,2,49.341212314558035,2,Delta,payments,baja,success
1785,8.647618219058343,5.663980519878543,263,3,73.71514012094917,4.54598905518651,Beta,payments,crítica,success
1786,7.6615399627663106,6.182674357421225,239,1,69.37730802324958,38.4312749345397,Beta,auth,baja,success
1787,9.813868923706632,4.893393775671826,260,1,81.61093011138487,30.459957360213096,Beta,auth,alta,rolled_back
1788,10.293961181181178,4.011428385660672,217,2,93.46047734095836,130.85486666152443,Delta,ui,media,success
1789,7.156009778400857,3.231952905887226,235,1,82.00545740318198,102.42141688992646,Alpha,database,media,success
1790,14.391171991116101,4.765707533851401,248,1,82.10346088220793,38.16066379643498,Alpha,api,media,rolled_back
1791,17.69558315633574,7.778595064083323,242,0,63.41063474754277,7.65335751324892,Beta,ui,alta,success
1792,10.226805497766618,6.402444981005924,282,3,93.40573297683667,6.5015232192832375,Alpha,ui,alta,success
1793,7.8386661373028454,4.590312276499792,235,2,92.01158305836827,54.031361234143645,Beta,database,baja,success
1794,6.90441168637101,2.935551912451649,247,2,68.72667705428685,7.7003802470862865,Delta,auth,crítica,success
1795,15.080606448047186,4.344724338477131,235,1,56.36854679197936,2,Alpha,payments,media,success
1796,12.126090487906117,3.252358176746089,248,0,76.51902587597499,10.767627865076065,Beta,ui,media,success
1797,4.380580994246933,6.388037164959099,226,0,88.40197243367082,8.620367098599672,Alpha,auth,alta,success
1798,11.504979291417717,2.3224522780570647,220,1,78.43560877034919,2,Beta,api,baja,success
1799,12.001313508853753,5.337271206268197,247,2,91.14695946311306,2,Alpha,ui,media,success
1800,8.624886621084572,7.2897653437574235,249,2,88.02951782658991,2.0761729697225713,Gamma,auth,alta,success
1801,7.114666518284293,6.135391640038018,260,1,62.44545485579938,12.161601070314646,Delta,database,baja,success
1802,10.188056025537973,4.471131986714512,253,0,78.07522968538669,15.822869416326284,Beta,payments,crítica,success
1803,9.19072027487549,7.067644474757989,257,1,69.88856574867317,23.206689555101477,Alpha,api,alta,success
1804,9.302478458059495,9.26294483475644,268,2,61.80273585908651,89.31684435399916,Alpha,auth,baja,rolled_back
1805,2.7879072380563716,4.983794605469896,248,2,67.66599153335243,28.527191965763862,Beta,payments,baja,success
1806,11.402668380868509,3.291225094738389,219,1,67.5168559055042,24.28594526587032,Alpha,ui,baja,success
1807,15.794758359880515,4.2890267404112565,246,2,85.664384394312,2,Beta,database,baja,success
1808,16.62544984209427,7.289439083346245,248,3,83.58159840249562,2,Delta,database,media,rolled_back
1809,20.29740994359047,8.29172267136607,220,0,59.24759150288499,90.53792582722816,Gamma,payments,media,success
1810,13.061159881285835,4.489843579958523,226,5,64.18484454049087,3.1181266084313393,Beta,ui,baja,success
1811,7.7919846834381365,4.224022726703919,236,1,59.088220545644624,7.788815651088953,Gamma,auth,baja,success
1812,14.009368944874518,4.279509619101859,235,4,64.05869929354786,55.34353480930653,Beta,api,alta,success
1813,16.39938009248747,2.288910961091979,265,3,96.6758468058386,7.296188078820705,Alpha,payments,baja,success
1814,19.546019321656694,5.525400796846332,275,3,82.33922240483786,72.99919616772767,Alpha,ui,alta,success
1815,15.245014002757582,6.587117356735847,243,0,79.00720919867814,22.894077210610202,Alpha,auth,crítica,success
1816,17.67297523517584,4.842716260758776,243,1,83.61119852849447,12.386276375502348,Gamma,database,media,failed
1817,13.756679606811813,7.265673242873328,229,0,67.42776692079774,53.132286043829694,Alpha,ui,media,failed
1818,6.889993565595603,5.856036524127241,272,2,64.84668020411222,4.105262364928328,Alpha,api,crítica,success
1819,8.554507179154227,5.696628349644668,272,2,100,7.711778216063976,Beta,ui,baja,success
1820,19.547943499884354,6.30773580340399,292,4,74.7727446803851,2,Gamma,auth,media,success
1821,14.816349252731616,5.748469475589356,263,4,87.4091042000563,24.827903387818488,Beta,ui,crítica,success
1822,9.329117898671882,3.5607066541898877,265,0,68.55163277889964,48.65245163239061,Beta,database,baja,success
1823,9.177142631771387,8.080268976044396,226,0,75.98951400903638,18.169318473115013,Beta,payments,media,success
1824,8.317125680342494,3.5032286443431015,242,3,88.17599573599034,17.94077467817574,Gamma,auth,baja,failed
1825,12.593893167984115,2.234702418973766,229,3,53.74481584642284,32.230560130362804,Beta,api,baja,rolled_back
1826,10.999930555468906,3.938248196456262,252,1,69.97167440007483,50.54844481017779,Gamma,api,media,success
1827,8.232924183554804,5.397855468657361,268,0,77.08715107177213,32.68202952939778,Beta,ui,alta,success
1828,16.856796074555696,2.915511137506224,236,1,78.15741213915783,3.8926865768130625,Delta,database,alta,success
1829,12.074265732000905,7.118782108059801,213,4,82.01652791963679,12.635437164455652,Delta,auth,media,rolled_back
1830,15.031326797830191,5.433955639330209,247,3,73.04036754504529,7.888293206691742,Beta,database,alta,success
1831,10.479749200015974,2.892601904246893,256,1,59.503393679549504,2,Beta,payments,media,success
1832,12.699794853388875,8.87381279038648,252,1,94.54665357364415,2.055222582395138,Beta,auth,baja,success
1833,16.13409323609904,5.036374323300125,230,1,86.60805165789046,34.67510980166016,Delta,database,baja,success
1834,14.702895981729881,2.6564805087802017,246,1,65.36566287603317,39.107027781973464,Beta,auth,baja,success
1835,15.76512497165028,5.304994862490626,246,1,72.46420345215482,2.155486587435007,Delta,auth,baja,success
1836,4.6934797099442065,8.76878591993561,256,0,86.85877134446966,58.73821835842955,Beta,payments,alta,success
1837,12.708817525186252,3.3361567175743088,240,3,50.83333063801564,5.845408167690039,Beta,auth,media,success
1838,11.232768552210924,2.0458810287657587,239,1,79.17344348091127,20.878268009906105,Beta,payments,media,success
1839,9.399205159960683,3.9379902436737417,242,2,66.67212878608225,2.940859727561474,Beta,api,media,success
1840,9.757214634959997,5.858457645496734,223,4,63.409936669412374,2,Gamma,database,media,success
1841,18.703063173199773,4.401947267940478,272,6,80.15373581439712,61.67296940986888,Delta,api,baja,success
1842,13.722138401756963,5.7757302192917255,241,1,76.60479440476435,49.1586101780039,Beta,ui,baja,success
1843,11.421573518571014,3.600796356875227,251,1,55.918128325093235,11.373076900238642,Delta,payments,crítica,success
1844,15.756102848576404,5.862562641601111,267,1,76.24532660108096,36.35697264767705,Beta,payments,alta,success
1845,9.818013001906834,5.913482033725502,264,2,79.30766961133759,12.315296743065119,Alpha,database,media,success
1846,12.555401452862583,4.752283072226258,264,1,70.82952966509883,63.56688321824399,Delta,auth,media,success
1847,17.78744925341021,5.5233176646312065,249,2,87.30201726380928,21.27626717141496,Alpha,database,media,success
1848,10.669487655397857,5.53110233870429,252,3,58.44582236666818,14.472726859152317,Gamma,database,media,success
1849,8.803374910947145,5.836506688504906,280,2,69.5568243212275,40.06262348390637,Alpha,auth,media,success
1850,9.80682901947037,7.738028357017376,240,1,68.82317680507686,2.2370798689357674,Alpha,auth,crítica,success
1851,7.7968151819223275,7.22540175641897,273,1,64.82484152493723,3.063480918158824,Delta,ui,crítica,success
1852,13.010649964133314,9.148851827648546,269,0,88.7063545732745,19.61480464685469,Alpha,auth,crítica,rolled_back
1853,13.31144741598119,9.242528917056832,259,2,70.16809930715172,2,Alpha,auth,baja,success
1854,15.422689601962013,4.577199509470593,244,1,74.38167323757051,25.16875867444783,Alpha,auth,baja,success
1855,19.20704908650997,5.220961321335012,247,1,96.19789446454682,4.959633316844702,Delta,ui,media,success
1856,17.620963246994936,2.973393488559742,261,2,81.41860864162388,2,Beta,auth,media,success
1857,6.996832823457334,1.4958265179993142,244,1,89.80992608607792,3.3099231384694576,Alpha,api,media,success
1858,19.996435417891014,7.0725836803302515,242,2,91.2757099026338,23.33120400392813,Beta,api,baja,success
1859,12.557113950368588,5.755489459095873,250,2,56.961987364165914,29.867642148320968,Alpha,ui,crítica,success
1860,10.453323586241105,11.675093032041016,266,3,74.1536052413914,17.297321999126435,Beta,api,crítica,success
1861,19.4225427617739,5.120502320779281,249,3,67.10992886764093,14.709280259907246,Alpha,payments,baja,success
1862,13.71542153790512,4.574177814655656,243,3,71.67883360238272,2,Gamma,api,alta,success
1863,18.92316055835908,6.6040707663238445,260,1,63.472921654397915,9.187560606747866,Beta,api,media,success
1864,11.82590530344272,1.8783999118126116,257,1,79.03355338893599,10.428791407495737,Delta,payments,alta,success
1865,9.07565676744996,3.350620298004854,263,2,67.54026534414709,6.922100946307182,Gamma,api,alta,success
1866,4.136143695117481,7.164067297027179,229,1,88.57167762094997,8.445019673896155,Beta,auth,baja,success
1867,16.507461260754084,5.493471155213637,236,2,94.02070236322314,79.41339552996912,Alpha,ui,baja,success
1868,8.447662446263541,5.649825226196018,240,1,80.51038283036128,2,Beta,payments,media,success
1869,15.485437041567968,5.225236800387332,281,1,96.03818083218667,2,Alpha,payments,baja,failed
1870,12.479574266465363,2.551931932922217,241,2,88.01364568046344,27.683103359227474,Beta,auth,baja,failed
1871,13.889739779213617,1.447393805281283,243,2,94.57826837073927,24.76018099386006,Gamma,auth,baja,success
1872,17.066559639280236,1.6687730365060864,261,3,66.76805718362179,26.83266320338537,Gamma,auth,baja,success
1873,10.058734484212392,6.499147842430256,248,2,76.53832308859856,18.431814706807426,Gamma,ui,baja,success
1874,10.153865655262628,4.913045665206613,236,2,67.85141267977501,2.387537397444248,Gamma,database,media,success
1875,11.07296665088494,4.894730987221913,266,1,75.20133621257106,35.27645449138699,Beta,ui,media,failed
1876,NA,6.848447399036609,243,2,68.20145592342527,46.97528140045224,Beta,ui,media,success
1877,10.100857181994913,7.382851901466154,231,1,63.29949386429014,28.302209391181762,Beta,ui,crítica,success
1878,11.297958876169142,2.269366128168365,238,2,58.10080450627861,28.704250841324622,Beta,auth,crítica,success
1879,15.185297996356582,5.965839495251911,243,2,81.75663957677745,2,Beta,ui,baja,rolled_back
1880,15.11498126341228,8.234770548931326,259,3,64.41303857133305,45.255186132310364,Alpha,ui,baja,success
1881,15.187210264984376,8.382407513392005,244,2,60.37796380950973,22.39665479115151,Gamma,auth,baja,success
1882,12.19620629134535,5.008885990019135,247,1,65.77025780607859,24.975571989004905,Alpha,auth,alta,success
1883,15.050451739339291,6.856925946899784,234,0,64.44213257994825,19.335187285130313,Gamma,ui,baja,success
1884,13.143972278545586,6.46297685917132,238,3,89.67029577876633,12.779242035001516,Alpha,payments,media,success
1885,9.468739847388692,8.525791734847974,252,1,82.66809433597783,17.96813382759045,Delta,database,alta,success
1886,19.217537923204386,8.520612282420844,235,1,53.88426775849375,16.316119451075792,Delta,auth,alta,rolled_back
1887,4.5479561079430075,3.0768246128352015,231,5,78.45466320418672,2.012096643447876,Alpha,auth,baja,success
1888,15.382113524852224,3.4243439043852297,234,3,67.12888459208378,15.131778683513403,Beta,ui,baja,rolled_back
1889,13.366670731578424,9.154119949944567,272,2,71.85109554219096,44.972184149394614,Delta,database,baja,success
1890,12.091110424573875,5.891889376370042,271,2,72.63025306717337,57.55147018470719,Beta,payments,media,success
1891,9.554400046213424,4.164327488730992,240,0,89.41476357288167,7.0643535080387885,Gamma,ui,baja,success
1892,10.957892910100988,6.1502802167783575,243,2,78.41356933316625,9.134729146957397,Alpha,auth,media,failed
1893,19.222681258572152,4.294695175956384,269,6,68.6974998526641,10.112472552806139,Gamma,database,alta,success
1894,11.612002931985398,6.389466166151822,263,2,100,7.828632641583681,Beta,api,media,success
1895,10.46205320085977,3.644056832619266,252,4,71.71697691703724,3.5829926691949368,Delta,api,baja,success
1896,8.486551429979945,6.178456396540302,272,0,70.22850402058984,51.58234181056996,Beta,api,crítica,success
1897,10.017685912252325,7.851580827250771,240,1,71.16416117355863,24.763408452303015,Alpha,ui,crítica,success
1898,11.662830185702193,5.981928598525971,292,0,77.01091369397479,54.14285646076527,Beta,auth,media,success
1899,6.569111731780021,5.431990468382828,240,1,76.82715752353599,7.052928473800421,Alpha,payments,crítica,rolled_back
1900,16.570791267068298,1.2261099472447166,259,0,95.69441804237785,12.028056096285582,Beta,payments,baja,rolled_back
1901,12.391308149788754,4.555050065702914,223,2,61.53222863718527,41.753303372319834,Beta,auth,baja,success
1902,17.86008411438705,5.066646049177311,251,1,74.00161409569898,9.518363144248724,Gamma,auth,alta,success
1903,15.961743410897155,6.042030598806969,248,3,84.07806066370179,2.249822683632374,Gamma,payments,baja,success
1904,17.657547002889096,4.393006516377001,237,2,64.12070033592903,30.255092537885005,Beta,auth,baja,success
1905,6.6564089227466345,4.8566653097305945,228,0,73.73655891260283,2.9736779822395283,Alpha,database,baja,success
1906,14.318334553573045,5.647724191020162,291,0,74.66557585480106,38.194477064381225,Gamma,api,baja,failed
1907,10.552715142805408,3.642367300848701,267,3,82.65435765724064,4.253323718905449,Gamma,ui,alta,success
1908,11.812590201392856,5.345890876901146,258,2,58.159756785109934,10.701143022719288,Beta,database,baja,success
1909,9.602090114352915,5.125342696545411,264,0,61.38305941993174,5.894295562058687,Alpha,database,media,success
1910,12.860417972891332,2.2050114332273627,224,1,85.55704003333933,2,Gamma,database,baja,success
1911,12.374525941916163,3.9795649798878427,253,1,84.9593722264171,47.569914935002906,Delta,auth,media,success
1912,3.5206623394746117,4.552958745939108,261,2,80.10652737295399,17.882203861062816,Alpha,auth,media,failed
1913,15.409772355298816,4.548460830327192,244,0,75.27379068105711,17.17296702313929,Gamma,ui,crítica,success
1914,12.617498289253039,2.5036898715321687,271,2,73.9814778672261,3.4181855879724026,Alpha,ui,baja,success
1915,8.112553439178338,6.561827522200721,236,1,70.01094784894491,8.149496421217918,Delta,ui,alta,success
1916,7.59428865630746,7.355477329796883,255,0,85.18002389504055,14.322942160069942,Alpha,payments,media,success
1917,9.239020446811608,4.66854458890987,269,0,89.85688860011926,19.576158708815864,Beta,payments,baja,success
1918,5.6654603111550115,2.628226749372964,249,0,71.77258342265954,4.788032401353121,Alpha,api,crítica,success
1919,12.551064266055343,6.111911088724233,244,2,88.20392146437845,30.542653216903503,Delta,auth,alta,success
1920,18.009375819851307,6.082219476538119,247,0,55.42179015287437,35.53634929829053,Delta,auth,baja,success
1921,12.77152634859309,2.9385455007111907,254,5,69.78251281820637,2,Delta,auth,baja,rolled_back
1922,14.1086189380953,4.635237924798018,244,2,53.52901065978341,2,Delta,auth,alta,success
1923,6.067174835190478,5.665896296226631,249,4,67.7888924450655,21.464667609815887,Beta,ui,media,failed
1924,5.843197106762374,2.45748256991301,214,1,82.1352120613893,9.508401352912188,Delta,database,media,success
1925,8.414268452342709,4.855672108254055,217,2,61.35694714843838,2,Delta,api,alta,failed
1926,14.884279918992883,1.6324753108214232,245,2,70.75968723470862,68.1004743535721,Delta,auth,baja,success
1927,8.461992221253826,4.737664370658668,250,0,63.83680301849751,37.91784575158023,Gamma,api,baja,success
1928,14.23439410283421,4.393793352048861,233,2,82.97403787513878,22.318575749735626,Beta,ui,baja,success
1929,11.125049980614843,5.125788621822005,232,1,81.41942969569962,2.743669324903384,Delta,payments,media,success
1930,13.53449392954639,6.4619526392864035,264,1,70.67849601704356,42.30644995294717,Alpha,ui,media,success
1931,7.843519559012631,4.323590817867903,230,2,83.88413337768483,4.552378837019205,Gamma,database,baja,success
1932,8.204031005716692,8.670606448922769,257,2,88.017527735483,5.03062704205513,Delta,ui,media,success
1933,11.583356184066192,3.5396003696550427,250,1,83.06711029605054,7.3734299428761005,Gamma,auth,media,success
1934,11.16515558910437,6.631680340590868,255,2,87.6590502606845,96.45964528116134,Gamma,ui,baja,success
1935,4.845079218991305,5.336609118451987,250,0,95.03085252094735,10.711346246302128,Beta,payments,baja,rolled_back
1936,14.14833768434602,6.019322716722819,212,0,100,52.25079528684941,Gamma,ui,baja,failed
1937,4.2012157196286415,8.353217844192306,237,1,59.53162857224342,17.75314548510819,Alpha,auth,media,success
1938,10.339062153787136,2.891694382370322,260,3,79.89598688046898,17.88347178596764,Gamma,database,baja,success
1939,12.220518682372072,7.057228447618648,262,1,78.33557785182659,19.448803937917045,Alpha,ui,media,success
1940,9.19200112364491,2.3718466140456655,250,6,53.478377499718704,14.856872476637363,Beta,database,media,success
1941,6.3846438697040995,5.8229847884823736,239,2,55.56488179083837,2,Alpha,payments,alta,failed
1942,10.404704276429918,1.9720291106959005,229,1,100,14.432910662144423,Beta,api,baja,success
1943,11.55831280174078,3.297309704631222,257,1,69.43479247635413,66.44090316887227,Alpha,api,media,success
1944,8.303686194906405,3.7066456055280295,246,2,61.16372936520858,8.956981290131807,Gamma,auth,baja,success
1945,6.571027998336977,0.8313038512520707,256,3,55.999210746611865,51.70012311334935,Delta,api,media,failed
1946,7.221582068994852,4.26008774352488,251,4,79.52056121981934,2.9640461525785264,Gamma,database,baja,success
1947,9.88604888284885,2.293116392004774,253,3,90.47605337228384,105.96132253819665,Alpha,payments,media,success
1948,10.189492453116202,0.5,247,2,80.72108503259219,19.237028649931244,Delta,database,baja,success
1949,17.677940772645357,4.6684119272716575,238,1,70.53560520711888,30.042951173072154,Alpha,payments,media,success
1950,6.857275421937135,6.3374261798523035,246,1,81.94471413170508,40.22095624900876,Beta,auth,baja,success
1951,13.524595757447912,2.615319124173998,234,0,74.6117041626705,11.850107923150063,Gamma,database,baja,success
1952,10.330125595608903,3.7522987181905343,260,4,59.474181415436526,28.93588361788302,Gamma,api,baja,success
1953,12.371445683150943,5.344394620318456,239,4,72.1041045339042,11.963700011372566,Beta,database,alta,success
1954,9.345661856895115,4.4359663317713824,237,3,81.29641959352654,10.315517853945494,Gamma,api,crítica,success
1955,15.211309558030225,4.157964394810934,241,4,60.75898519365984,37.35238180852948,Beta,auth,media,success
1956,5.187669418421787,7.470270740962357,254,4,76.08812877280326,5.343867626041174,Beta,database,baja,failed
1957,12.615628290259371,7.754439816150812,231,1,67.14631416339128,31.053104235713775,Gamma,payments,baja,success
1958,12.104301999685452,4.623481674179887,272,5,67.19531614890171,23.196378742664336,Alpha,database,media,success
1959,16.223453516340435,6.185913615488223,249,3,94.55604457309124,19.663139439111045,Alpha,api,alta,success
1960,NA,4.453273846151461,250,3,62.2364263572435,16.185912117362022,Alpha,api,alta,success
1961,13.986385557492147,5.287611588715907,263,4,83.40650727624735,17.128260030334285,Alpha,api,crítica,failed
1962,13.598535818547337,3.7247667826459727,263,3,83.46759109200906,3.5218584425747395,Beta,auth,baja,success
1963,9.412348997258047,3.153634696212828,274,2,63.570324615969994,7.268733474395333,Delta,database,crítica,success
1964,11.664948940849863,8.050664709039808,242,3,77.55757926261488,2,Alpha,database,baja,rolled_back
1965,11.465515199961924,7.482326496808174,261,0,100,11.128582712262869,Gamma,api,media,success
1966,16.478415421896763,6.081562802925144,233,5,74.94920886237682,13.81515945866704,Alpha,auth,media,success
1967,12.956883890330417,0.515108305392479,237,0,72.20301289492662,2,Beta,api,baja,success
1968,13.16240886343142,3.870449520924068,241,2,76.63548733539282,14.618077866733074,Alpha,ui,alta,success
1969,21.37440567367455,2.49062242525434,257,0,68.94344951252029,5.484967458359896,Delta,api,baja,success
1970,13.665192449545598,6.288364642425356,256,3,80.72064674581895,25.11358040470391,Alpha,auth,alta,success
1971,13.449924311477126,6.156038269224473,232,2,62.10494108986444,25.626045348195532,Alpha,ui,crítica,failed
1972,14.126730501904484,3.739392040577387,227,0,63.685987857885294,14.827298775315285,Alpha,ui,baja,success
1973,18.19216895335924,7.086058446887106,264,1,71.97621543445415,76.41442787243959,Delta,ui,alta,success
1974,NA,6.738623297605443,267,3,62.7219715462451,10.351887494370544,Alpha,database,media,success
1975,13.353744714425853,3.1625054249345252,238,2,70.59843073551879,14.33803590014577,Alpha,ui,baja,success
1976,9.556187982923552,4.8961404062127105,257,4,42.43315107900841,89.78682389041337,Alpha,database,baja,success
1977,13.428208201640793,4.87916671284251,257,1,60.43359581263157,6.693394188736157,Beta,database,media,success
1978,12.566034719508753,3.9759276732154936,247,0,81.18947040074548,2.844291547309364,Alpha,auth,media,success
1979,4.654834624885402,3.5727762971039616,268,2,71.38081476460545,23.604156418626598,Beta,ui,media,success
1980,5.835875814424643,5.792776087343906,263,1,62.405832098797305,2,Alpha,api,crítica,success
1981,4.822468542328531,7.603257017772008,307,2,67.51199409251092,20.579094058757118,Alpha,payments,media,failed
1982,17.658059633834956,5.698482828267137,262,4,53.08067122075325,15.333315398544073,Alpha,api,baja,success
1983,14.473351567043903,6.785546303025314,231,3,72.3692583412764,35.51513291471581,Beta,payments,alta,rolled_back
1984,2.598178451202882,3.12316631809415,221,1,70.19271523547313,16.079840529710054,Alpha,auth,media,success
1985,13.868126344376462,3.1046204575987826,260,1,81.82593707398394,12.211915489286184,Delta,auth,alta,success
1986,12.25532775257405,5.824164300989517,258,0,100,39.88166771627484,Delta,auth,media,success
1987,10.974958232718905,3.21054356519572,265,2,70.6857843486589,2,Delta,ui,baja,success
1988,9.021911846986521,5.327165495597973,236,2,75.64546985188151,23.730732924228004,Delta,ui,baja,success
1989,6.923898893823094,2.8863705020502497,232,1,78.35837367655793,15.349533699452877,Delta,database,baja,success
1990,15.450512031723163,4.2257030505849436,263,3,46.38705619280289,6.370294142514467,Alpha,ui,crítica,success
1991,9.692261312411938,2.791605616883762,263,1,72.68549450999159,2,Beta,auth,media,success
1992,11.470930606839879,4.63835243939695,251,1,87.80326890582032,8.761788077652454,Beta,ui,baja,failed
1993,14.347312402351973,3.8236915916544554,245,0,68.1895552285865,16.62186871469021,Beta,database,baja,success
1994,14.140001107990406,7.1432367234821275,254,0,71.95408541464182,16.444631315767765,Alpha,api,media,success
1995,10.426360252130987,5.812118426981328,210,0,92.3421665493944,18.559515505020908,Beta,auth,baja,success
1996,9.837562331162555,5.007508596200246,257,1,92.17402454771786,43.11726155675469,Alpha,api,media,success
1997,13.037803660938327,3.3602227651920944,243,2,84.1118408746149,25.537473454063232,Beta,database,media,success
1998,7.286884955964563,5.966568904219404,241,1,81.09485196670987,9.044937644147222,Alpha,auth,baja,success
1999,13.224553914194685,5.753314601159433,275,1,77.39444706299426,17.454793179646934,Alpha,database,baja,success
2000,12.693924916481414,3.794276854406777,258,1,82.39853063430803,18.301725200300506,Gamma,api,alta,success
2001,13.002312268680843,7.832682869716955,249,3,71.99114789485105,15.54883336275816,Alpha,auth,baja,success
2002,10.888303803355942,6.1144679700263325,223,1,68.48852906538858,29.90092918921023,Beta,auth,media,success
2003,5.101057062948623,6.9624826264789945,222,0,62.4733547900201,2.085652682930231,Delta,database,alta,success
2004,3.9731802245772503,3.827634281948237,253,3,51.86140113454988,19.623937546198658,Beta,api,media,failed
2005,6.8327666781261645,6.878341151107824,210,3,79.81624557942038,23.001615106051258,Delta,payments,baja,success
2006,13.463352913933182,4.87059789449791,242,2,57.722845407791155,50.92118500485802,Alpha,auth,media,success
2007,11.391186984366275,4.49114958606093,230,1,80.67225199984034,17.720444998627,Beta,api,alta,success
2008,9.063623639695166,3.2660945392692815,235,2,79.48076368356566,50.75093729350169,Beta,database,baja,success
2009,8.872111772073637,0.5848863794670764,235,3,78.21280741364644,4.341548133641481,Gamma,payments,baja,success
2010,14.206268139250835,3.169131097158961,256,1,85.50960619157499,49.49507979847013,Gamma,database,media,success
2011,5.556636062279728,4.510072243973696,252,2,60.79537445296047,2,Alpha,ui,baja,success
2012,14.992705732361774,7.1524897034403185,241,4,88.17685522467954,27.572209394460018,Alpha,auth,crítica,success
2013,13.79718404495035,5.64020343558194,244,4,77.23859428808525,50.525203160031936,Gamma,auth,alta,success
2014,8.519749918225381,5.257549302476859,263,2,71.67555322978967,2,Alpha,ui,media,success
2015,11.609008274568238,5.215615197608898,252,2,91.44509557578998,5.8476344923211485,Gamma,auth,baja,failed
2016,15.572400854865062,5.5350366251501555,263,2,78.77320886630679,2,Gamma,auth,alta,success
2017,17.40366038106501,5.235721603759898,277,2,88.14620244774127,41.95285840108275,Beta,database,baja,success
2018,17.955881577234003,3.1545937847672727,262,1,76.25810534464478,21.65035778928309,Alpha,auth,alta,failed
2019,13.484268851389071,7.648297793692793,237,1,87.22740715574552,15.752813648432493,Alpha,payments,baja,success
2020,11.142107025949723,4.332499170700065,247,4,63.09360462946798,18.061788237576774,Beta,payments,crítica,rolled_back
2021,13.82197835975658,8.027402880582132,226,4,69.90742383103114,19.766157275920204,Delta,payments,baja,success
2022,10.967555558975727,2.457299045839661,261,4,72.0496058884537,2,Beta,api,media,failed
2023,7.988304991583534,3.836337605881971,249,2,76.31387467164366,8.914079792797565,Beta,auth,alta,success
2024,15.376573931191762,2.7461161014246827,247,2,78.32668007905089,63.00247929687825,Alpha,auth,alta,rolled_back
2025,14.778635103586538,4.990368636110137,256,3,74.0976180929021,3.488122880458832,Beta,ui,alta,success
2026,17.04401499058921,4.873209636707841,256,1,83.76956358133718,14.96100191026926,Delta,auth,media,success
2027,18.666237157350686,6.155931345272069,257,1,75.70817460092951,66.08573247189847,Gamma,api,alta,failed
2028,17.887431752357372,6.192028779194873,241,2,84.97430100351013,39.376964581976516,Beta,api,media,success
2029,15.15726282033772,5.186232192895205,261,1,69.04222367105581,5.662290336793802,Beta,api,media,success
2030,11.854182915266627,7.944154183559437,244,1,76.13971624132583,7.210838198661804,Gamma,database,baja,failed
2031,11.634866893429992,6.321666987059047,264,3,84.30978829689685,34.630733636985404,Alpha,payments,crítica,success
2032,10.348548243832392,2.783382289281519,279,0,97.98771843163354,22.786461039369396,Gamma,database,media,success
2033,8.875755206719674,5.328767008589244,269,0,81.77363145781767,20.351294586573587,Gamma,auth,crítica,success
2034,10.439628858352474,6.736810232726006,242,1,58.30445972445746,44.210235017321125,Beta,api,crítica,failed
2035,14.45535048803703,4.236072227452552,249,3,74.94715201418867,31.520732267682845,Alpha,api,baja,failed
2036,13.538708081332969,2.742608504162953,298,5,66.54241429537402,9.838903147727251,Beta,auth,baja,success
2037,7.177373400726506,7.68189235203576,267,0,48.75006804931631,34.432780397902114,Beta,auth,media,rolled_back
2038,16.791404880056152,4.323268832634919,272,2,74.34262729080919,2.3097923939407154,Alpha,api,media,failed
2039,17.16456506662741,3.8916511623158274,272,3,73.1529427757989,3.3282371051609516,Beta,auth,crítica,failed
2040,17.932286410082096,4.757753673175244,249,3,67.13920799005624,19.588639586155704,Beta,ui,media,rolled_back
2041,7.10561905675363,4.389673220138068,266,2,61.82347519388913,6.741139613091946,Alpha,ui,media,rolled_back
2042,10.347301462515881,6.475487349610983,258,1,58.60198468218691,21.98011576283484,Gamma,auth,alta,success
2043,10.361676535150822,5.892368180975286,258,1,67.43965624517875,3.0508889369666576,Alpha,payments,media,success
2044,10.195341126951178,7.479922786481634,237,2,84.26201175400399,6.765497837001751,Alpha,database,baja,success
2045,9.741204193087428,4.757126133211211,255,1,69.0050742754707,4.3773202512938045,Gamma,ui,crítica,success
2046,9.759958662013192,5.268773340161921,261,4,76.68170162769536,2,Beta,auth,alta,success
2047,8.117767732031181,3.921804048931171,244,1,60.22764147879183,3.552699171105099,Gamma,auth,baja,success
2048,9.748705815306279,6.262666994477344,248,0,66.57627353343128,30.811994432394798,Beta,auth,baja,success
2049,10.671854226807124,2.6712540405257537,258,0,73.09856874616746,50.76797228966089,Beta,ui,media,success
2050,12.774600438997185,4.9773830660325356,240,2,60.904334909556184,19.85179585270255,Beta,payments,crítica,success
2051,14.422571425088883,5.7779570109161655,260,4,81.33613947301393,94.69705058130171,Delta,api,alta,success
2052,15.831494397700029,6.427134995542588,261,3,69.54754127475913,14.471317112445831,Beta,api,baja,success
2053,8.796726244062413,3.7217857244196666,233,3,67.32231684967817,39.58498669959126,Delta,payments,alta,failed
2054,12.170194622420968,4.314970934315339,232,1,78.1128039299909,50.18086365677225,Beta,payments,alta,success
2055,21.34280344805363,3.9929047482800506,247,1,54.58509341689686,13.928703144192696,Beta,api,alta,success
2056,10.15253017671206,6.398280627216004,257,4,55.228839228582245,9.447583191096783,Gamma,payments,crítica,success
2057,14.961719624162628,6.560550761377421,258,3,86.82090640476233,48.32482265099337,Beta,payments,alta,failed
2058,9.20662135727093,4.309631806431939,232,2,86.46884662704252,6.3043826269340855,Gamma,ui,baja,success
2059,16.261475605822497,3.7736697677438826,262,1,80.98902165729005,7.483598251724397,Delta,ui,baja,success
2060,14.18206728535505,4.442753530835815,240,2,82.42976325516184,5.271637577177593,Alpha,database,baja,success
2061,8.327162719027179,1.7309190887006296,261,0,90.86401640430353,20.86406601223104,Alpha,auth,baja,success
2062,16.100765374704274,1.8703408593733375,255,0,78.96005982821276,22.88456942785292,Alpha,database,media,success
2063,16.502953611624523,2.4279926111453434,230,3,70.04328592443063,2.420409374502317,Beta,payments,alta,success
2064,15.531201539993623,7.159558377851571,253,1,88.4737049590903,14.352422777563334,Gamma,api,media,success
2065,1,6.575012434363239,278,2,44.746739744832574,15.672773268073797,Delta,api,alta,success
2066,12.575306315425056,3.2137106654278167,222,2,71.15676902407115,11.05951015278697,Delta,database,baja,success
2067,18.079532500607215,6.295726297965039,229,0,57.48577325326444,28.529122776274974,Beta,database,baja,success
2068,11.314735687915734,4.481378760750465,282,0,70.32556668764056,17.509893061862428,Beta,auth,baja,failed
2069,9.367420002728197,5.817371562143611,249,3,65.94285035209278,29.034713721757228,Alpha,api,baja,success
2070,11.38282159165445,7.414177161150848,255,2,61.07259528484731,3.919376850128174,Alpha,database,crítica,success
2071,2.4678427346531855,5.445429631275247,246,2,59.79844955619265,35.83143125272809,Beta,api,baja,success
2072,7.446811634873586,6.593992829672276,270,3,71.46411871545112,9.688489392399788,Alpha,ui,media,success
2073,11.650977868749845,6.562566061913952,241,2,57.26305273863872,17.87727952647715,Alpha,payments,baja,success
2074,15.34130688257681,7.516590068121122,242,0,80.44362679185437,36.29582530058442,Alpha,auth,alta,success
2075,12.848443472766023,6.92852890275602,262,0,69.77080911653402,36.41855089115096,Beta,ui,baja,success
2076,14.565385205618218,7.096826886670982,262,1,86.44126744741003,49.59788699246465,Alpha,payments,media,rolled_back
2077,7.871596128856409,3.9413919886563473,236,1,71.60741976226875,42.4055523771805,Beta,database,media,success
2078,17.943082615012415,4.542061266266557,250,1,64.59194095680586,12.413943842053413,Beta,payments,baja,success
2079,16.761904989111635,6.399873912340196,279,4,57.533133189914494,37.45048418439446,Beta,auth,alta,failed
2080,14.468906925905742,4.6884524818763795,246,2,77.98503106638651,6.655020727666686,Delta,api,crítica,success
2081,11.308246702136515,6.62394531263495,283,2,45.67920133654212,2.2651123479008675,Alpha,ui,media,success
2082,15.4463217630279,4.533619015682578,261,1,58.39779334826933,78.30635100199815,Alpha,ui,media,failed
2083,9.519656301822236,6.3570359795928875,262,1,64.64263937277852,16.01465977728367,Alpha,auth,media,success
2084,8.48714781092638,1.6601305600573664,271,2,52.80700672457527,21.541571770369963,Alpha,auth,media,success
2085,3.085619412495177,4.173445388415839,243,5,87.34722219882133,12.776101849973202,Beta,api,baja,success
2086,12.773052901070008,5.510637587778502,218,0,81.72098318446454,6.218679931014776,Alpha,ui,media,success
2087,2.749373132238773,9.609447722504578,270,3,69.56964048893454,20.417941056991616,Gamma,payments,baja,success
2088,11.902664831457075,3.8601412590628943,258,3,97.33526691672643,35.34753857351361,Beta,payments,alta,success
2089,13.765362356956208,6.132996350937049,207,0,69.13347826054368,36.761053560147865,Delta,ui,baja,success
2090,15.158307015078272,7.6352361709466745,242,0,73.29507887922621,10.329152830941748,Delta,payments,baja,success
2091,16.087278506730893,3.4729249092658048,257,2,75.31787866519333,2,Beta,ui,alta,success
2092,14.461044638148385,1.8888650401835192,266,2,79.30339597813315,26.37495613742381,Delta,api,baja,success
2093,8.561688575325636,4.044480021242195,254,0,86.5764015225872,4.895097926259041,Alpha,payments,baja,success
2094,15.562995905475907,6.08876120212672,245,1,72.85435087357506,15.167545940726995,Gamma,payments,baja,success
2095,12.253098989949613,3.1430139666391685,247,3,67.5037567134235,2,Beta,api,media,success
2096,4.541355777760113,3.5870100656237947,253,1,81.1006383283317,39.67286501575523,Delta,auth,alta,failed
2097,11.547452596307199,6.4190018454027875,236,0,74.7773974340261,3.01217158511281,Alpha,auth,media,success
2098,4.866454496499361,4.969588598776311,253,1,70.75977829312525,22.23668336022406,Gamma,api,media,success
2099,7.786038237105351,7.465639153093658,250,4,53.0584482590486,5.8699134439229965,Gamma,ui,baja,success
2100,9.522581290781345,1.3204716171077404,264,2,74.28345867243738,12.805815517902374,Gamma,database,alta,success
2101,9.652245693923444,5.1499718106367425,230,4,62.654632771615994,39.448169749172536,Beta,ui,baja,success
2102,15.707902927774356,5.029325277650995,251,2,70.2308996675425,92.93187452348616,Delta,payments,baja,success
2103,11.738376618649996,6.4534414228278,264,1,73.65434463721202,27.788886665289695,Beta,database,crítica,success
2104,8.251552964899343,7.614012688415259,240,2,89.15371674757765,25.22199270028382,Alpha,ui,media,success
2105,9.464562264954338,6.605295828569166,227,1,84.59802997289336,2,Alpha,database,media,success
2106,9.699102855939728,3.844423980899734,220,1,77.9298237846384,12.71377370506525,Beta,ui,media,success
2107,12.75288416703734,5.736197964687246,258,1,79.92542308740872,4.449018739163876,Delta,ui,media,success
2108,14.158623897851726,9.068522217133804,259,1,75.24325675789864,3.395938052412623,Beta,api,crítica,success
2109,10.316463721371953,4.067485585471561,243,1,89.30229267706002,10.088538710027933,Delta,api,media,success
2110,10.642133760091658,3.6833356163520694,238,0,56.67322920369288,11.824607212096453,Delta,ui,baja,success
2111,14.07232155345302,5.962392373064367,270,1,63.87980028882208,2,Alpha,payments,media,success
2112,8.522449515947102,9.831493572888522,253,4,76.7358063086288,2.2292045541107655,Alpha,ui,crítica,success
2113,11.357316343380695,1.2434637634851957,262,5,89.05985662375707,10.777211570184178,Gamma,ui,media,rolled_back
2114,11.429532853579836,2.638185952181486,252,1,77.3583027013629,46.219239724646194,Gamma,api,baja,success
2115,8.939156128623184,4.263651028519317,257,1,65.77677937643867,2,Alpha,ui,crítica,success
2116,9.360797714731941,3.3879043875066843,253,1,81.3084775058061,2,Delta,ui,baja,rolled_back
2117,10.770378238346233,7.36534300586475,260,3,84.8454705532493,3.7320797257125378,Gamma,database,baja,success
2118,8.472290199175928,4.200068099107325,262,1,68.46598452578472,13.316666342318058,Delta,auth,media,success
2119,11.618619365006294,8.468640559973263,244,4,62.86978924181687,68.7055582948268,Delta,ui,baja,success
2120,6.89612250770358,2.3769744659278547,247,1,87.06321592042931,2.015171203762293,Alpha,payments,media,success
2121,13.502339935859224,4.870457116916749,203,0,82.54294459383286,49.92421491141644,Gamma,api,media,success
2122,10.123078509614578,4.776015948718115,233,4,78.19327371938773,61.439127486899764,Gamma,api,crítica,success
2123,15.195732814476841,7.487242004129,259,4,72.79273821477953,41.892137376437766,Alpha,payments,crítica,failed
2124,13.70515279703486,3.1352513509483737,247,4,100,26.308296113198097,Alpha,payments,baja,success
2125,9.951471947225977,4.282020241219211,249,1,88.04750971721256,11.851342672974868,Beta,api,baja,success
2126,10.60993785209707,6.057060081181449,244,0,87.09866991452071,6.3638538010418415,Gamma,ui,media,success
2127,14.437570985547893,4.0054132338891355,218,0,60.00672497310844,43.506005295005394,Delta,auth,media,success
2128,14.941857272146796,6.978071024390334,281,1,70.4083157219215,5.834688986570377,Beta,database,baja,rolled_back
2129,13.906834242693293,5.756711801878382,233,0,85.31907586413695,115.37986036530191,Delta,database,media,success
2130,13.313143067127811,6.034862141513547,269,2,78.97664848957231,2,Alpha,auth,media,failed
2131,4.874930098985522,5.1662883735539396,233,0,72.73469747481704,14.021081294864416,Gamma,api,baja,success
2132,12.477585685381595,6.682287364738444,258,2,79.19362665141065,18.39658201819296,Delta,api,media,success
2133,6.326818511933925,8.875745079137394,250,3,87.00890923139924,6.0118862092494965,Alpha,auth,baja,failed
2134,12.304137510615508,5.323501352101817,235,2,79.87345965662706,99.60833729299453,Beta,payments,baja,success
2135,9.356667031156597,4.25279131038266,259,1,54.83588799198585,12.22492166608572,Delta,ui,crítica,success
2136,11.577975815766122,5.018610388107451,276,3,73.00398543781608,23.139663962081656,Delta,database,alta,success
2137,7.279656449652302,5.488863838418425,257,3,72.81541022545318,11.844737481325865,Alpha,auth,baja,success
2138,11.342563254149052,4.988185420536006,266,3,90.92542860860001,6.036007080227137,Alpha,api,alta,rolled_back
2139,18.0777630972704,8.76294028093805,248,1,64.1162400285828,5.74482835829258,Beta,auth,alta,success
2140,19.300660312694582,5.358073835203164,242,3,82.37674796766382,10.310538925230503,Beta,auth,baja,rolled_back
2141,2.0454405993858717,5.314011218638603,249,2,63.601599452755096,21.306266336624912,Alpha,auth,media,success
2142,5.382710998441066,8.945766284963039,267,2,68.25238325619435,12.724887192249298,Alpha,payments,baja,success
2143,6.3165788745123335,4.687031132523344,237,3,91.78268261362544,57.83237782335085,Beta,api,media,success
2144,6.89481373499264,5.437466763600483,217,4,75.6793365934397,13.010589949786663,Beta,auth,baja,success
2145,20.316403197490214,6.994513846767491,233,1,83.67137810635802,5.610525282550226,Gamma,auth,alta,failed
2146,16.062144082729155,5.199056942958813,260,2,84.31213964462647,2,Delta,ui,media,rolled_back
2147,11.561548735299846,4.591594330740907,248,3,95.23359839555887,6.805960156023502,Alpha,database,alta,success
2148,15.92607552411725,4.111677713444218,255,2,93.31507203315209,10.705445073544979,Gamma,ui,media,failed
2149,21.04538882724249,3.4652664414978225,280,1,78.3384182471436,9.378841180354357,Delta,payments,alta,success
2150,14.548359695214245,7.098774291813427,209,1,76.72196662827666,12.586360707879066,Alpha,api,crítica,success
2151,19.102146171387965,2.70819185228761,258,6,84.76025057238715,23.683551660661987,Beta,auth,baja,success
2152,7.409993810120788,5.271303937547699,266,1,78.80423473014541,20.18091747341711,Delta,ui,media,success
2153,7.682709624981818,4.387070457762689,247,1,73.55163102441334,23.3721576993516,Gamma,payments,media,failed
2154,16.271799435169708,2.142321970064805,239,3,79.29561241814264,2,Delta,payments,crítica,success
2155,15.56701276545704,4.702655967411382,260,1,76.52821864952422,11.385930854827166,Gamma,ui,baja,success
2156,15.480386039758832,7.041922800523661,250,1,80.77709481529148,74.58757173611757,Gamma,ui,alta,success
2157,13.943049859474241,5.80094240462874,268,1,73.7181916991205,11.105409432202578,Alpha,ui,media,failed
2158,10.115625228615794,3.4618117688915873,270,1,89.62300613549726,32.61275837469607,Gamma,api,baja,success
2159,15.798519975282183,6.240451137523168,243,3,65.71737572941801,2,Gamma,ui,baja,success
2160,19.39091036516828,5.808999520395041,253,2,62.63250470307824,27.99175985801726,Alpha,api,crítica,success
2161,16.96162971548293,5.206289496245378,246,0,83.52991643128618,5.2032757848501205,Alpha,payments,alta,failed
2162,6.476743126595037,5.59953674300571,223,2,71.15935276534421,4.275401841849089,Delta,ui,baja,success
2163,13.898707509165927,3.921756525404313,255,1,77.65364838924184,2.561119582504034,Alpha,database,crítica,success
2164,12.04938543195078,3.6041397651029214,242,1,55.592312470734385,60.73690308328,Delta,payments,media,success
2165,12.348399749142907,1.284022695726581,224,1,75.24651689752359,41.63776123322068,Beta,auth,media,success
2166,11.270527224946699,3.413495301370724,240,3,77.05546220913266,45.598656130800826,Gamma,ui,alta,failed
2167,6.937318936698733,5.312914531421461,253,2,67.73643027504775,81.86639374091264,Delta,auth,baja,success
2168,13.325135651762956,5.043940143401367,234,2,83.47795971982569,2,Gamma,database,media,success
2169,17.406914523946583,5.860572409770944,286,1,67.71510677727542,11.772874105721712,Alpha,database,alta,success
2170,18.546262945050756,2.2953998463345684,239,3,78.6346054051837,2.1496646439244973,Beta,payments,media,success
2171,13.919728915410747,4.3929597097659165,249,2,79.58453708640558,55.90868661995259,Beta,api,baja,success
2172,9.05473635496857,5.046138240167179,255,0,90.03977175605122,24.727133585994537,Alpha,ui,media,success
2173,9.667933522345596,3.4175022942780817,242,1,51.31111960372052,24.880928433423335,Beta,payments,alta,rolled_back
2174,9.554272072194456,7.098897542882583,246,1,78.66094682175951,3.135824270971291,Alpha,database,media,success
2175,14.413400174443566,2.4733085938523987,264,1,92.16922442765159,18.855184457187942,Delta,ui,baja,success
2176,11.056946642570756,6.0844550513531575,264,3,79.60579730959815,63.77997354860631,Beta,payments,baja,success
2177,23.616864366493544,3.7513626495032995,238,3,82.25574576115703,46.80160559512196,Delta,ui,media,success
2178,10.926834882738333,5.401702796442996,225,3,77.07938934516359,63.442747545197875,Delta,database,baja,rolled_back
2179,12.592371393612165,7.774457702715353,266,1,58.70462003745912,2.9982192926108837,Delta,ui,baja,success
2180,11.172820068658863,5.487035737469538,228,1,35.52566820451632,36.34496010638295,Delta,payments,media,success
2181,9.42975944619381,5.056951539927891,222,0,85.20559659037241,2.553881451487541,Alpha,auth,baja,success
2182,15.390287295538272,8.584932195191453,245,2,72.438243627757,3.54367184266448,Beta,payments,baja,rolled_back
2183,9.889711494397382,4.306600009190493,249,2,64.50901143291794,11.887687437236309,Beta,ui,crítica,success
2184,12.009483028432527,4.314945339137343,221,3,58.2041370491614,9.507100056361125,Delta,api,media,success
2185,10.87247906579487,4.627186865374345,249,3,86.59802696706946,24.228284283464248,Beta,database,alta,success
2186,1,4.943442896868313,216,2,77.45616111508596,8.624301709234715,Beta,database,baja,success
2187,14.603721265310792,6.283975307634854,249,3,79.41950169221272,26.180049461216882,Beta,database,alta,failed
2188,12.631036684453335,3.5396122354218296,214,1,65.502954756103,10.038108475506306,Delta,database,baja,success
2189,8.586251909338525,6.442571560969867,249,1,63.32070566628437,5.090976879000664,Gamma,payments,crítica,success
2190,17.452400343896283,3.8944681596988078,242,5,91.00777447802324,16.796981423085025,Alpha,ui,baja,success
2191,6.948415315315376,0.9376209040722658,252,4,56.491061236075325,177.13597824161343,Gamma,auth,alta,success
2192,4.888213817117049,5.057581701878964,261,2,62.03979751567225,23.5855068392912,Alpha,database,media,success
2193,9.252321419697765,4.009403261729506,210,1,69.38108436260632,23.56104368634932,Beta,database,alta,failed
2194,7.262657910826969,5.732462457321316,249,3,67.2788870916219,50.55302841658917,Alpha,payments,media,success
2195,15.15870920691059,7.889173411819604,245,1,72.1147093767836,13.844843029975891,Beta,ui,alta,success
2196,12.343855083801074,3.064549611706876,260,1,60.15947578555607,15.435499593615532,Beta,ui,baja,success
2197,10.519754229682388,1.3807603036182714,238,3,76.67928717674711,7.197039574611796,Gamma,ui,media,success
2198,12.037345468172308,1.932547081974021,255,2,79.8947650229531,5.425837118178606,Gamma,auth,crítica,failed
2199,8.195761633308706,0.5,226,1,100,62.98312546010342,Gamma,payments,media,failed
2200,12.726870845591218,1.085772953691984,240,0,54.51535806594556,2,Beta,payments,media,success
2201,12.761359376131427,6.499179463588579,255,0,85.15515203681811,64.70574702020016,Delta,api,baja,success
2202,11.713044922407523,6.4795876523353275,237,3,99.53115365403764,17.21012183177977,Alpha,ui,baja,success
2203,11.988593159797622,3.887619593906675,218,2,74.94623767639968,26.934299780910308,Alpha,payments,media,success
2204,7.567124152350094,3.8368621993983814,241,1,73.13579453737269,13.956174675375223,Alpha,api,alta,success
2205,15.740767069494378,4.342448174234906,257,3,80.42704929738112,23.05554683102833,Alpha,payments,baja,success
2206,6.056642193050687,6.911484243878889,257,1,84.56117228387322,5.244732700288296,Delta,database,alta,success
2207,20.914167593706033,6.052795979758191,259,4,67.83004601147033,2.488387797647037,Alpha,api,media,success
2208,18.496540890151184,5.627524051791625,250,5,85.65788905527069,37.15366565979539,Alpha,api,crítica,success
2209,14.079058501013339,4.117981268578603,265,2,71.87523298176056,9.656945016235113,Beta,api,alta,success
2210,6.591885452952004,4.077957766526678,199,0,67.49646207657906,2,Gamma,auth,crítica,success
2211,13.704495310515364,2.137659857596994,221,1,77.18174596782418,21.001236117368034,Beta,payments,crítica,success
2212,5.347249659173306,0.5,263,2,71.80008515887185,45.0584337989193,Beta,ui,media,success
2213,10.920225512676002,5.216825973657786,256,0,59.9056891536033,64.11062849755612,Delta,payments,media,success
2214,15.16316383909551,1.618512321470181,271,2,68.76070389413938,6.548116609454155,Alpha,payments,baja,success
2215,15.362434555091996,3.663894795331819,234,1,74.21424471938798,7.120374117046595,Delta,api,media,success
2216,12.131877939401857,4.815092557356741,246,0,65.33887150795039,6.495861207863892,Beta,payments,baja,success
2217,11.047344984605818,5.840904122639058,261,2,85.31108192862195,8.18886486813426,Beta,payments,alta,success
2218,13.054209144603272,5.644304936167999,267,2,85.57951945226866,23.44828364152222,Alpha,ui,media,success
2219,5.632859303739154,3.9975999742142703,260,1,70.53448943685748,26.396272971217925,Beta,payments,baja,success
2220,10.495059724612261,3.7394146593053947,249,1,57.29244618925841,8.186855130772019,Beta,auth,alta,success
2221,19.2501085996415,6.604926725331748,240,2,73.05176009347201,6.349144075065851,Gamma,ui,media,success
2222,5.047601269528435,6.666886978295819,239,1,100,13.27023159340024,Beta,database,baja,rolled_back
2223,18.51644460298122,3.1083180062785685,256,2,71.4515479661892,75.9823891868941,Beta,auth,crítica,success
2224,14.112421765954029,3.1190691904671572,253,2,83.21266608207851,8.562602742739331,Beta,auth,baja,success
2225,10.558223253609782,4.820623346672394,246,2,55.81355455785069,14.731501635164022,Alpha,database,media,success
2226,20.950467562447265,8.104060670129158,269,1,64.47778306267244,25.666701884008184,Alpha,ui,baja,success
2227,11.83920153010015,5.211535930362873,267,1,74.2061038330253,36.68443666196881,Alpha,ui,crítica,success
2228,19.576501326255993,3.667335235762576,271,2,61.84300476771174,5.999547153711319,Alpha,api,baja,success
2229,12.099218599750657,2.753189038712161,265,3,71.80035023519822,19.71726445193073,Alpha,api,alta,success
2230,14.213701612401781,5.399077290013885,245,1,95.26042584967587,12.113112810999155,Beta,api,baja,rolled_back
2231,9.702596218231129,5.501682780212935,232,4,77.07403792763293,7.098537437617779,Alpha,ui,crítica,success
2232,8.286651974241986,0.9099708130160913,277,2,88.8964642734302,12.096088249236345,Gamma,ui,baja,success
2233,3.9982982348207337,6.428690944781204,250,2,59.14570512797438,2.642025075852871,Beta,api,baja,success
2234,9.511725214803342,5.523272756592872,270,2,75.75714495276965,23.088042608385376,Delta,database,media,success
2235,14.90858226594097,6.8384648319164425,249,1,81.42568685583329,9.571720799289896,Beta,database,alta,success
2236,7.591266787018592,4.777829750300707,236,3,82.8101818164544,6.858891673386097,Alpha,database,baja,success
2237,7.362148916586576,3.817438592843488,248,2,92.20143274676072,54.76773873409805,Delta,api,baja,success
2238,10.244377440989123,5.2435853355759745,234,1,77.69707720322018,41.12109888888417,Alpha,api,alta,failed
2239,12.636536827054213,2.995908637400877,253,2,70.77019433798615,5.511241972446442,Delta,api,baja,success
2240,10.02159725786792,7.358282807008088,242,0,84.57151791671146,10.143112868070602,Alpha,api,alta,failed
2241,16.849471382324126,2.3505446993439034,247,2,75.60757240434519,31.58216167140513,Beta,ui,baja,success
2242,13.170529703647311,5.489973953634072,257,0,73.57093380438289,49.769922314057936,Beta,payments,media,success
2243,11.85583015587055,5.786705483155234,234,2,69.97645573806832,4.851841257786233,Beta,database,baja,success
2244,7.5895355897352665,4.278401545535732,245,1,53.43999063061237,4.921173758804798,Gamma,api,alta,success
2245,8.257438852203723,5.603069823406032,226,0,69.1309574387561,2,Delta,database,crítica,success
2246,13.843349307281215,3.4405801070646698,236,2,62.866226885831054,28.133737518375213,Gamma,database,baja,failed
2247,10.670546149557504,8.293670887068838,234,1,97.58421404512663,92.28431023153212,Delta,ui,baja,success
2248,16.424653075289772,7.44093487914377,246,1,76.72878259296974,5.694849818944931,Beta,database,alta,success
2249,5.46522558059548,3.9335068948175467,248,5,71.11219911471358,2,Delta,auth,alta,failed
2250,13.34077120238149,7.525978586163261,254,1,64.1395271915316,72.74196534565442,Alpha,payments,crítica,failed
2251,9.90137022003943,5.357152342468435,272,2,72.06871352935563,8.529973067343235,Beta,payments,media,success
2252,17.85348430120882,0.5,238,0,71.034128249834,20.685439354663185,Delta,database,baja,success
2253,13.708712167946326,6.45129695848874,258,4,80.86222291098524,10.313472256064415,Beta,ui,media,success
2254,7.899480719294608,5.74099487543149,222,0,71.24088609683852,2.6924059577286243,Gamma,ui,crítica,success
2255,6.767766714708779,2.718345245802573,262,0,62.70714425536968,11.981696493923664,Gamma,payments,crítica,success
2256,12.918407546514533,4.539925684483636,252,1,56.163960160565686,20.86866491014508,Delta,database,media,success
2257,10.771914888752349,7.61671281547436,241,2,80.84461434954906,10.426930367946625,Alpha,api,baja,rolled_back
2258,11.66466760183126,4.848889128996994,257,0,93.49105630913311,30.184882610028083,Delta,payments,baja,success
2259,11.33707263755574,6.476860132513091,252,1,76.7495941708681,5.454855859279633,Gamma,api,alta,success
2260,14.620050234654004,6.336085245532365,247,0,85.88593848562353,2.6125499345362186,Alpha,auth,media,success
2261,7.7006610872898795,2.938325641378112,248,1,57.99053958425255,14.354838073253632,Gamma,api,crítica,success
2262,25.883638413863594,5.715408860135442,286,1,87.77721454802207,6.666135935220569,Delta,auth,baja,success
2263,13.17632356953607,5.987551505344005,249,3,77.18401741577914,11.700860515236855,Delta,payments,alta,rolled_back
2264,9.854504614614436,5.892584309641483,232,4,95.62795008605023,30.736008501534755,Gamma,database,baja,success
2265,11.420906018217185,2.1644623392916293,243,2,56.086877877325215,10.159993708133698,Delta,auth,alta,success
2266,14.168522111362211,4.305728270567822,236,2,66.73392465718952,13.577860549092293,Alpha,database,crítica,success
2267,14.536700772769635,0.5,247,2,94.2569452191995,90.172732582267,Gamma,payments,baja,rolled_back
2268,4.9005757243802535,6.185832026216446,249,1,43.15369449615154,27.99520739067107,Gamma,auth,media,success
2269,3.735456461253751,5.765033087557973,251,1,84.72143141769016,32.48899416524678,Gamma,auth,baja,success
2270,11.640372362147152,7.119884201785393,243,0,89.09201330265009,12.105347324162722,Delta,payments,baja,success
2271,15.34720871223475,5.0372724779413485,278,1,72.00004768067559,81.93936770751115,Alpha,payments,baja,success
2272,12.664963332374128,4.804056074932623,247,1,64.21573284353161,19.347066945319465,Alpha,api,baja,success
2273,16.10210229378449,4.531027507609643,245,0,81.06713828142463,14.321816504001617,Beta,database,baja,success
2274,13.612753832531743,2.942712994228879,262,2,58.31379832566528,4.532638493925333,Beta,payments,baja,success
2275,13.6463684794512,4.380009803574072,231,2,75.67492160557808,16.889773676898997,Beta,ui,media,success
2276,18.720747312089788,2.811834048857463,257,0,75.63771651507655,3.9822601675987244,Delta,payments,alta,success
2277,7.751569707059655,10.11049573207039,260,0,79.69729366223896,18.653912610297493,Beta,api,media,success
2278,8.83505740128738,4.875170634008782,246,2,72.29695929653869,51.81802492798856,Beta,ui,baja,success
2279,13.55404909664394,3.7480099684260257,235,2,79.84257309017063,9.235387075692415,Alpha,payments,baja,failed
2280,13.015993997801495,5.080808632302876,253,0,70.64228250424152,2.6195785626769066,Alpha,ui,media,success
2281,3.251326829656099,8.93417797215696,268,2,67.6616133892441,15.637172441929579,Gamma,payments,baja,success
2282,14.151201733133885,6.713990930115214,243,3,55.63207715237534,24.344603015964324,Alpha,payments,media,success
2283,6.840454353172675,11.257588472526368,258,2,58.840560684941394,5.011625437869812,Delta,api,media,success
2284,7.097824119364937,2.711106828567276,259,4,81.2732360780377,8.746588323265314,Beta,api,baja,success
2285,18.908454211103013,5.69499897985593,263,0,80.66215214075305,3.14618856087327,Gamma,ui,media,success
2286,16.64143121316121,4.34034496780146,228,4,82.34223702115476,6.6363866329193115,Gamma,database,alta,success
2287,9.00735366499352,5.460017472329252,241,1,78.01892124420094,9.809003010392189,Alpha,ui,baja,rolled_back
2288,18.66668929972163,6.051448193172813,279,0,92.06001408187544,6.328997991979122,Gamma,api,crítica,success
2289,9.881210301714738,6.345814471362065,226,2,64.26370069409286,10.080060213804245,Delta,auth,media,success
2290,16.114593402557063,3.919882741588038,253,2,66.89181961965991,3.6671407967805862,Beta,ui,media,success
2291,17.506871964259616,3.7137129838652694,246,2,81.19460753976624,3.2069321462595095,Alpha,payments,alta,success
2292,17.324011833050587,4.3560048601485954,286,3,81.82082425629002,47.31593875385342,Alpha,auth,baja,rolled_back
2293,17.018623797743402,5.3116250427413805,267,1,59.524281383803824,45.43181347645341,Gamma,auth,media,success
2294,10.850661784762929,4.56458192343541,244,3,71.51647631504676,29.478022365753944,Delta,auth,media,success
2295,9.813057927363658,11.026899805963073,221,0,87.781710709087875,2.7560097500681877,Delta,ui,baja,success
2296,17.01570988426002,6.743203221943287,258,0,83.57900002804327,10.179330792278051,Delta,auth,media,success
2297,11.713108324163956,2.8782937539907354,263,3,69.70780297768472,66.72725593640443,Delta,api,media,rolled_back
2298,9.270253514942926,0.9379203467148587,274,0,78.33291961369375,25.702113787209097,Beta,ui,media,success
2299,7.900014166857322,8.38255347215343,267,3,81.0151022042524,32.139664336030776,Alpha,auth,alta,success
2300,17.206311258866137,3.99314742287193,232,0,70.81404521380601,27.48674849319964,Alpha,database,alta,success
2301,15.032243301626737,8.267122356159764,262,4,63.982519308671925,2,Alpha,payments,baja,success
2302,17.918457341504798,3.9965141897689254,283,1,78.73960428712168,13.948625642806292,Alpha,ui,media,success
2303,9.521750374341472,3.8091174976213704,249,3,85.45586905959638,16.329993959516287,Beta,database,media,success
2304,13.038748909024918,5.152077682941827,245,0,94.57970591236993,3.464531929095064,Delta,auth,alta,success
2305,7.653916300090521,5.084003807522358,247,1,71.64785614509243,16.52194505184889,Gamma,auth,baja,success
2306,12.3448942527759,2.0650160139136275,244,2,80.575345742793,17.42500118163742,Gamma,ui,media,success
2307,8.615190203789577,5.381816107468819,246,2,83.34247403307847,3.5289615691647818,Delta,database,alta,success
2308,13.555623457481554,5.926651668035563,264,3,100,21.200916207318595,Beta,database,alta,success
2309,11.849456738614435,6.063537101798043,239,4,96.4221409635165,4.246003704212724,Alpha,api,baja,success
2310,17.782406595703304,5.248605511192845,251,0,75.67032236974438,12.635717611759901,Gamma,payments,baja,success
2311,13.26889792841074,2.848914744623585,249,2,84.33650612982501,15.148260913789272,Alpha,auth,baja,success
2312,10.384078036723638,6.937608920763335,251,0,65.35149481052271,9.19511957854267,Alpha,database,baja,success
2313,5.039050678099027,3.9521314846525355,235,3,71.99099871763123,23.30473331261187,Alpha,database,alta,success
2314,10.188714884319527,2.4444589736460007,249,4,73.60686133074303,43.50021206909941,Alpha,auth,media,success
2315,9.65564997376162,3.3060021531242203,234,2,49.74490988527574,31.74710849571734,Beta,auth,alta,success
2316,16.59167617726555,3.322598821826767,265,0,73.70529594589846,5.0690445229411125,Beta,payments,baja,failed
2317,13.829453038578773,6.473456204349795,240,1,61.38435386592053,6.66685289517045,Alpha,ui,media,rolled_back
2318,9.648774551765712,9.59222266123755,249,1,64.15716914106402,2,Beta,database,media,success
2319,12.911659762779786,5.982371623217369,255,3,73.36233962582425,11.861812446266413,Alpha,api,media,success
2320,12.536590967384983,4.96806764437583,256,2,55.73479784488176,35.81622546797698,Alpha,database,baja,success
2321,13.317311088457032,5.872646627217833,275,1,80.04059636012018,34.046981561121065,Alpha,api,media,success
2322,10.809951145428823,3.312708935483534,221,1,55.18710916986085,65.03316355939236,Beta,ui,baja,success
2323,16.73995189225809,3.9994355271705926,234,1,89.64015430929791,10.317480911737098,Beta,database,baja,success
2324,17.238141546501076,5.699765764936175,239,0,59.16822178304552,36.738713709483726,Beta,payments,alta,success
2325,7.318178939538272,3.7668992854034413,248,4,58.388003219674715,48.91226666964113,Alpha,api,alta,success
2326,15.984475465200454,3.980358502912792,239,3,63.58002221164201,31.703895403926666,Gamma,api,media,success
2327,9.012011933239764,2.952212797291479,242,2,55.83107084036314,2,Beta,ui,baja,success
2328,12.887470625862328,6.5125779778142,230,2,54.08894591350841,12.114922496874751,Beta,payments,alta,success
2329,16.00378092472999,6.80234803509719,250,6,77.01203547522444,25.964760168378646,Delta,payments,baja,success
2330,13.976573034237175,7.059260669677407,244,2,82.70306487066858,31.454808956866557,Alpha,payments,crítica,rolled_back
2331,11.966222329861456,6.31831214055196,226,1,62.421785182524545,11.93214114010334,Delta,database,crítica,success
2332,12.3845479421315,7.25464190990164,249,1,81.80572866542937,82.56120425059434,Beta,ui,media,success
2333,21.002820956732826,9.543274302841361,243,2,46.96174193628333,62.33941237325993,Beta,database,media,success
2334,17.746538765426006,4.7195397287605445,244,0,68.0868324553464,4.125913976594692,Beta,auth,alta,failed
2335,12.041630998153948,4.463672781424172,238,3,68.69300042143763,2.76767410710454,Beta,auth,media,success
2336,10.71683243392749,3.736221334645342,241,1,66.73005537432512,24.35847147536768,Alpha,database,alta,success
2337,19.366699469048115,9.246933305655435,226,0,71.51466589556773,53.5612281977686,Alpha,ui,baja,success
2338,12.359698900901366,5.700303244767462,236,0,73.74410876520531,2,Delta,ui,alta,success
2339,13.611171272467166,2.4996246570435545,247,3,55.56570410994664,36.71592552758275,Beta,ui,alta,success
2340,17.23757481862997,5.473997910014098,278,3,100,87.9459292783884,Beta,auth,baja,success
2341,9.546983109098356,4.365239287929583,242,2,87.47519136196603,34.35674527085839,Beta,auth,media,success
2342,10.258079660322272,5.374929187548451,240,0,66.2513466631233,9.99251839943677,Beta,database,alta,success
2343,10.471575662916797,3.6925623704083703,251,1,98.36299053487981,23.998082318232406,Alpha,payments,alta,rolled_back
2344,12.685312704439726,4.751198485355021,253,4,54.29867118444936,19.593687034135154,Gamma,auth,baja,success
2345,2.333750146212422,6.980307803246316,241,3,85.29839079833741,6.8218178353855885,Delta,auth,media,success
2346,10.327314253655,2.1951613040654774,253,2,66.28336880940103,6.017103239893913,Alpha,api,baja,failed
2347,14.828782259601986,2.2724911758122794,230,2,78.60412165528902,36.57960685284071,Gamma,api,media,success
2348,13.247230141267918,4.647755986223827,268,4,61.96610763387976,11.282117296010256,Beta,database,baja,rolled_back
2349,13.40256062712955,2.596468941373403,307,1,72.52422995355464,4.209049813449383,Alpha,database,baja,failed
2350,5.652538349496178,4.937529240130967,290,1,75.47359144853223,9.602998138935973,Beta,auth,baja,success
2351,12.866086616318773,9.500326672821066,258,3,65.27109523662052,30.522077186887557,Delta,payments,baja,success
2352,11.54100062848242,4.166413460036797,241,1,70.20266452879112,32.3141805221489,Alpha,auth,media,success
2353,12.081352492916297,3.9878037876039523,265,0,53.38293392985874,10.86704332704379,Beta,ui,baja,success
2354,15.571161047751133,0.5,243,2,63.930234385769296,34.21242705931015,Beta,auth,media,success
2355,17.79233659017859,5.804802967182676,261,1,78.51825292359378,33.895390702257735,Delta,ui,media,success
2356,10.991876511779873,1.8242075990506952,249,3,65.50606760786562,57.52922777529088,Beta,database,baja,success
2357,9.61011488332969,4.872561370419924,258,1,70.95772430795223,12.631186679005623,Delta,ui,baja,success
2358,11.009036641001927,5.585786626120985,245,3,83.1017148346112,2,Delta,payments,media,success
2359,15.09746376060659,1.122985952198782,249,2,85.37205753920816,8.724870644509792,Delta,api,crítica,rolled_back
2360,11.525651175319673,8.656792447385634,267,0,80.57417338496728,28.872498593216235,Alpha,api,media,success
2361,10.32967491559641,2.9109293935520633,258,1,54.09164769291512,10.343454122543335,Alpha,database,baja,success
2362,11.790294586969056,6.745709688864427,261,2,74.19075765111918,10.608145071955686,Alpha,api,alta,success
2363,17.415800811334876,3.488614557819977,245,2,90.6566017406347,27.655710182075794,Beta,database,crítica,success
2364,8.317394290772228,2.14958392295242,260,3,63.2793975070069,104.78362270584756,Gamma,payments,baja,success
2365,10.75691450401218,3.143791790725902,257,1,81.54090843716325,58.668347728207976,Beta,api,media,success
2366,7.776788127272172,4.97495907263838,241,1,65.1635926713766,3.5241391569377774,Alpha,api,alta,failed
2367,20.954977023198783,4.510414918839347,230,5,70.34454142113752,12.469052195549011,Beta,auth,baja,success
2368,10.107751439867005,5.362598407241071,242,4,94.06585828897067,8.416506092995405,Delta,payments,media,failed
2369,15.624216341923471,6.875806005424347,221,2,66.19664139293904,14.859087958931923,Delta,payments,media,success
2370,NA,2.694990236305024,239,1,67.3028394369845,3.937221385538578,Gamma,payments,alta,success
2371,11.298550867904956,1.776637590712642,249,3,81.03380036167826,26.220316818838413,Delta,auth,baja,success
2372,10.55356389888505,4.032628830317482,232,2,56.49857516117677,108.03325625649148,Gamma,ui,baja,success
2373,8.785513831660372,1.8235021011063668,233,4,75.94617769334693,10.071848675608635,Beta,ui,crítica,failed
2374,17.366305404301535,4.430341622824368,240,2,79.61110387949171,14.074442870914936,Beta,api,baja,success
2375,14.503722617513125,5.705558484480603,251,2,87.91893075072025,4.560572872615595,Alpha,auth,media,success
2376,12.124522831976742,3.4827355602267467,256,0,71.04200512876737,22.26715687561541,Alpha,auth,crítica,rolled_back
2377,7.620346602122298,3.5451368213742565,272,2,80.96470344269676,3.9656861945986748,Beta,ui,baja,failed
2378,10.054343737765421,0.6646293285825511,246,3,79.9720034965682,16.071056999266148,Gamma,auth,baja,success
2379,15.812374733056412,4.988483105960214,265,1,79.65851541617455,2.782419115952958,Alpha,database,baja,success
2380,8.021946607628736,4.042881903278843,237,2,71.01414257038253,9.988721318542957,Alpha,payments,baja,rolled_back
2381,9.712518709927833,6.310230787679828,235,1,80.8895382130857,24.94752046518444,Alpha,api,baja,success
2382,15.13269272628115,5.3430690658609805,238,3,65.6069537073013,25.79148164290696,Beta,ui,media,success
2383,13.525465684356305,8.035827972588262,265,4,79.77924937207979,2,Alpha,auth,alta,success
2384,9.599767304171358,0.7381671271147683,254,2,78.5002685548465,22.651598903088058,Delta,api,crítica,failed
2385,18.610460480376503,6.6785917100807755,247,5,70.39474053845004,2.149272061738298,Alpha,api,media,failed
2386,7.2369322594336465,4.103049366072247,254,4,52.401000003516216,7.650980640202761,Alpha,ui,alta,success
2387,17.662709807610096,2.691539085946623,253,1,85.15628663623677,32.554732090716655,Alpha,ui,baja,success
2388,15.256691268769927,3.8132449046305696,259,2,97.58027712479823,116.12933822861368,Alpha,api,media,success
2389,3.609715806574208,4.589479969998831,255,1,73.66139718258262,74.46327602460023,Alpha,ui,baja,rolled_back
2390,13.280660329950695,3.4768544693158123,214,1,76.59084735890835,3.6894113682210445,Delta,database,alta,failed
2391,15.204100481696205,5.786132396897179,256,3,74.07698035496887,13.259900227189064,Alpha,database,alta,success
2392,8.83327738382889,1.3760529368171142,234,1,92.58983379151388,11.481929335093986,Beta,auth,media,success
2393,11.957334947064126,5.0377615759071555,225,2,84.33297929825963,22.853586739783577,Beta,api,media,success
2394,5.505928240222091,5.619432140191038,242,2,74.27172920309793,17.310701071207813,Gamma,payments,media,success
2395,8.369731792448803,9.277513566728842,257,2,74.9172911103958,2,Beta,payments,baja,success
2396,12.547066889690555,6.730178784399415,250,0,77.56201676037881,50.455774378732116,Gamma,auth,media,success
2397,13.084751826127894,1.8112185354816805,244,1,60.16419703540595,65.82708580489484,Beta,payments,baja,success
2398,11.70535513917992,2.393622687704474,281,3,68.19410736309045,36.9343251565796,Gamma,ui,baja,success
2399,8.90227868628784,4.5373629052582025,267,1,53.65952350467286,22.559610060339264,Beta,auth,media,success
2400,14.375264542104755,5.745559937168442,280,4,65.97271499026282,70.88490920833618,Alpha,database,media,success
2401,17.310018238326737,6.725804504939548,250,1,73.9369187658509,2.3149786479771137,Alpha,database,media,success
2402,9.596656672731278,6.682849962641453,254,2,92.93781095521659,2,Alpha,api,baja,success
2403,12.226027433004077,4.582552427617042,260,2,100,9.215158502180165,Delta,api,media,success
2404,9.875694841672491,8.734299826077745,248,5,84.79157610020336,2.0182078808965884,Alpha,api,baja,success
2405,11.6764048624922,3.238772607938213,262,1,74.53172679639866,21.83048090982943,Gamma,ui,baja,success
2406,12.643022346685525,5.0737309438215545,249,2,89.54606269121984,2,Delta,auth,media,failed
2407,11.591437741345462,4.713783115444298,220,0,38.054120054779496,41.690947873364074,Alpha,ui,media,success
2408,10.581000120855716,2.9899389420395908,257,6,67.32742330789307,21.889430052523903,Delta,payments,media,success
2409,10.115090611626528,4.467464053481492,254,1,69.14082877491329,3.8277163301147286,Alpha,payments,baja,success
2410,12.136176709446447,7.085022376655923,221,2,70.88728960438218,5.218355621961118,Beta,payments,baja,success
2411,11.197115170572937,6.804149812403345,257,1,86.49861765349989,14.66357509419322,Beta,database,alta,success
2412,9.822205484922904,2.41272803144761,262,0,67.81971333069268,30.244133769457633,Beta,payments,baja,rolled_back
2413,13.509449078582147,5.505789581966232,242,1,78.49234612748212,6.849496118724346,Alpha,ui,baja,success
2414,13.614912642321784,5.89866311960997,286,2,89.91359461857337,4.807294185525677,Gamma,api,baja,success
2415,12.680947750172127,7.549545095197703,251,3,92.71909034863171,3.425988346338272,Alpha,auth,crítica,success
2416,7.595680315117105,3.5433419693730115,247,2,86.13823251129143,22.2901450831428,Beta,database,baja,success
2417,13.60987879716438,5.74952273933592,245,3,62.82401704249124,25.454381703322227,Alpha,database,baja,success
2418,13.703264708843784,5.044097451749306,237,1,86.12141273543043,24.12897492907382,Alpha,api,alta,success
2419,10.867485124550466,2.098693651880517,244,1,65.67974211053941,25.464769630616004,Gamma,database,alta,success
2420,14.214528288462224,4.4718710217252235,251,3,84.97533569043534,45.71029342157598,Alpha,api,baja,rolled_back
2421,17.057424929908343,4.882890574670483,261,2,82.82877925820821,30.111108719294364,Beta,auth,media,success
2422,13.311209852778518,5.6557433504333545,257,1,70.36945862921188,37.541364454761776,Gamma,payments,baja,success
2423,15.060425493237581,9.2455202652358,254,1,67.1244253392106,18.998269844392073,Alpha,database,media,rolled_back
2424,17.13029383524098,7.646242220061687,262,0,62.701862982077934,39.02518768406926,Beta,auth,alta,success
2425,18.635547735317374,6.742633052181013,247,2,82.19968884723794,51.195145042298186,Beta,auth,baja,success
2426,10.077080747460357,4.023205422304209,224,0,100,133.3459208240483,Alpha,database,baja,success
2427,10.368661941651652,4.624799836291117,263,2,82.553888275383,20.525209194903663,Alpha,api,alta,success
2428,10.684324833083673,4.882398973674478,250,2,67.25040138678024,48.91770958698808,Beta,ui,media,success
2429,16.404306351402468,5.803159683116298,202,2,77.07853333882561,21.983034587388328,Alpha,ui,alta,rolled_back
2430,14.32687184313087,2.836394222527275,239,2,68.2939641260163,6.168502550572157,Alpha,database,crítica,success
2431,15.831116811029453,5.9226715160328975,259,2,89.9403887410036,27.552754751329715,Delta,ui,baja,success
2432,13.205687217349436,2.918260564901607,260,7,72.51702162337587,59.16485188598958,Alpha,api,baja,success
2433,10.846155745707659,9.582470752718592,263,0,55.0455583673661,3.8021576328473223,Gamma,ui,baja,success
2434,6.175393648425656,4.580708723641537,260,4,78.40332310415705,29.495891733949477,Gamma,payments,baja,success
2435,5.18139383735125,4.106221075443348,227,3,72.0027544559988,8.574602298438549,Alpha,payments,baja,success
2436,20.04488476518214,5.11108534404789,228,1,86.57980193746063,15.478711567819118,Gamma,ui,alta,failed
2437,12.015845329811073,2.8770700295038876,261,3,76.02567990858198,9.030302099883556,Beta,ui,baja,failed
2438,14.23288762627529,4.957781756365264,221,3,76.30375535818382,15.304225623607635,Alpha,payments,baja,failed
2439,14.777974742403227,3.287636020925063,248,3,68.50179523969906,25.732401474302108,Beta,payments,alta,failed
2440,17.785284947153258,3.1818973327801228,255,2,77.0922902365485,45.091582638989074,Gamma,ui,baja,success
2441,14.533874973438097,4.80238974690722,255,3,76.37540508254574,15.921606469899416,Alpha,ui,media,success
2442,12.105481347841996,5.53579266344162,264,2,64.49661247094464,19.099732243106388,Alpha,auth,baja,rolled_back
2443,14.971502064618191,4.872533009004392,261,3,63.494505864414535,18.876050433998397,Gamma,database,baja,success
2444,13.389213568509302,2.567315188805687,220,0,66.29265027800119,17.077940777878418,Beta,api,baja,success
2445,9.48538029636278,3.4632568791645086,254,2,70.8785742839482,2,Beta,auth,media,success
2446,15.833967705195706,3.86130089999775,276,2,76.36604998334933,11.656731817871332,Beta,payments,alta,success
2447,12.657765400575036,6.710569979066727,251,4,81.03543303882434,24.34612293994979,Alpha,api,baja,success
2448,11.861176396147872,4.370974435311034,241,2,92.38126560355718,77.90221334663224,Beta,database,crítica,failed
2449,8.317024738502244,5.476161187235767,243,4,87.23310882154007,37.120327723990066,Delta,payments,crítica,failed
2450,16.592220598548835,3.9313789611501857,216,2,87.30413971035736,23.856583177035144,Beta,payments,baja,rolled_back
2451,10.440479559881457,7.180407699741,229,1,100,27.27031829852372,Beta,auth,crítica,success
2452,11.602946946890448,2.8777562992097296,266,4,77.82243966284727,24.895376784116575,Beta,ui,crítica,success
2453,11.888135750531141,6.999707863888353,250,2,68.71397262093572,13.752811890095472,Beta,ui,media,success
2454,11.77204446051752,5.608077651301614,238,3,77.98207926933927,42.4994263777834,Gamma,auth,alta,failed
2455,14.222636066993768,4.382352754447496,258,1,59.83959363761825,11.651463031768799,Alpha,auth,baja,success
2456,15.607695355974071,5.463916722987863,238,3,59.60623953670483,69.28475391990634,Delta,database,baja,success
2457,14.14649235293615,5.936864690218929,260,2,65.88251143796106,2,Delta,api,baja,rolled_back
2458,6.115255446940644,5.0596847981946516,240,2,82.68432033291316,2,Delta,auth,alta,failed
2459,2.3625623669257187,2.8150011430381134,255,3,58.00348941275457,19.509565220367783,Alpha,database,baja,success
2460,10.539930488881847,3.1475998868740804,249,2,68.1589301796602,15.188398808404116,Delta,payments,media,success
2461,11.274926061463336,3.826402897600776,225,3,69.24181389731301,18.05060925978928,Beta,database,alta,success
2462,11.403748229356756,2.548443244544703,229,0,63.45883597767943,15.534363694489002,Alpha,payments,media,success
2463,6.429141224562378,5.096778968011028,251,0,79.5174837304486,4.674270227221685,Alpha,database,media,success
2464,9.282563022486894,2.6063956211231356,256,2,80.57586900959956,2.5329999290406704,Beta,payments,media,failed
2465,4.723528125544138,3.210638066589585,238,3,73.45657919038095,14.52793863415718,Gamma,payments,media,rolled_back
2466,22.555928873928586,2.5217196997981555,243,1,74.97855942183529,31.266095354331622,Beta,auth,media,success
2467,14.186433112872978,5.776471586403684,247,3,82.6735006703316,9.435223214328289,Beta,api,baja,rolled_back
2468,11.975384244282369,3.8701116309264827,257,2,74.02884485408273,51.99375937576619,Gamma,auth,baja,success
2469,4.439442128566819,4.9351932763707715,241,1,74.68029206712818,18.105949132626346,Alpha,database,alta,success
2470,10.932866515339303,4.930719518329491,263,2,76.01867157158706,11.769853468984365,Alpha,api,baja,rolled_back
2471,15.281724040789271,4.881102257158378,240,3,92.53034244605222,17.18554711986094,Beta,api,baja,success
2472,15.112774160198418,3.34488593591709,219,2,75.38912845044051,5.153772745281458,Alpha,database,alta,failed
2473,13.816368094090253,7.401751762621727,231,0,64.13018774966838,9.822690188884735,Delta,api,crítica,success
2474,17.640208692206713,3.071471698921403,263,1,71.250194053888535,7.585526827722788,Alpha,payments,baja,success
2475,4.755743579614073,4.136736273973853,250,3,80.97367072834136,34.883383608324344,Gamma,database,baja,success
2476,7.590193035652042,3.132754312543158,236,3,64.32856255788234,21.996298513298324,Alpha,ui,baja,success
2477,11.923328514732473,2.6317440692581084,247,1,65.4085137486517,14.080292131751776,Delta,api,alta,success
2478,12.597214878720177,4.047432560183549,205,2,92.11247590533428,16.858914486839602,Gamma,ui,baja,rolled_back
2479,9.870272518940258,5.079374387572532,262,2,87.50281035205865,36.022244463121105,Beta,database,alta,rolled_back
2480,16.79138450481421,0.5,266,1,55.07198071677041,6.326731692999601,Delta,api,media,success
2481,3.829616924421206,4.215129258760767,257,3,93.64870237767708,26.37898783185768,Delta,payments,baja,success
2482,7.942756540746878,7.905303416368573,250,2,49.941028642705916,4.632834535092115,Gamma,ui,alta,success
2483,18.41567288553274,4.574343326244635,219,2,71.07583726534723,14.984905332326889,Alpha,database,alta,success
2484,15.569400136628104,2.404862129135857,247,3,87.79344658252371,2,Beta,payments,baja,rolled_back
2485,5.9291777534481405,5.5244656189525525,258,0,62.79027079930152,57.843003009073925,Delta,auth,media,success
2486,15.294113104608574,1.1246005382839366,245,1,51.10580346910113,38.22291205621777,Beta,api,media,success
2487,13.462248992033995,3.8923740244705796,272,1,95.54831583186932,42.88719130381317,Delta,auth,media,failed
2488,6.676313326760433,3.708915859315862,214,5,86.975425129197,39.75442390780763,Alpha,ui,media,failed
2489,13.4383046178708,1.2999532263438378,244,5,59.95807802710227,5.614646997302771,Delta,payments,media,success
2490,15.571978439954771,5.3219626445098935,239,2,71.20975806878913,51.632032555297286,Beta,auth,alta,success
2491,8.019604016402745,5.904213790507403,234,1,70.41194123454562,2,Delta,auth,media,success
2492,14.078687690343163,7.034450139478468,227,1,56.85480772540767,4.875017887487911,Delta,database,alta,success
2493,7.057066206866838,8.11999247890756,261,3,85.65152093563734,52.84467588062611,Alpha,auth,alta,success
2494,14.118907497288294,3.9458339991044475,259,1,90.08320477266145,47.481800792585,Alpha,api,media,success
2495,8.067833116176256,6.563504521876096,250,3,69.39700032842521,35.387492088447196,Beta,ui,media,success
2496,10.497018062983003,3.8893752233940306,243,0,55.7502917745954,56.356983166888625,Alpha,payments,media,success
2497,7.833058462000421,5.617873219492463,230,4,55.24164023535887,19.069767883901886,Delta,api,baja,success
2498,14.790669429720678,3.3129979406472714,241,3,83.25814511815595,59.69714359636632,Alpha,api,baja,success
2499,11.422204786322558,4.847956046802202,267,2,80.9492950314045,77.80689185454484,Beta,payments,media,success
2500,13.994173588557175,7.477074336262513,266,0,73.96414294483588,44.50813302196084,Beta,database,baja,failed
2501,14.469346839507178,5.58705847173341,256,1,72.8290003588499,40.23757347262917,Gamma,payments,baja,success
2502,11.981835434097942,4.191472274554041,239,0,65.05663863641631,31.47031516480952,Beta,api,baja,success
2503,11.634974559640899,0.6394273615357688,226,3,68.79036511102522,134.85664807943576,Beta,database,media,failed
2504,13.599837499261346,5.395263103254725,232,1,54.591924944240745,13.047773603349924,Delta,ui,baja,success
2505,14.355606626196433,8.845035402393112,255,1,79.47201097804512,4.173685674785256,Alpha,database,crítica,success
2506,11.932487842452746,3.143760099786457,231,1,60.49968452940483,16.186894666403532,Beta,ui,baja,success
2507,13.674816728354532,4.3420322145823,261,2,59.95701709863278,5.8212140485509964,Beta,database,media,success
2508,15.202911858099352,6.904143006100497,233,2,100,50.523566317513854,Alpha,auth,crítica,failed
2509,14.719572415311454,8.288267700275693,255,1,70.2266536578317,3.4999237395823,Alpha,auth,media,success
2510,17.238655690158158,3.4719131410536237,221,1,62.32966840070292,23.349471284930996,Delta,api,media,success
2511,4.435142084523676,3.939451851986082,229,1,85.73455090087475,13.691719315946102,Beta,payments,alta,success
2512,13.379629338675814,1.4687577015963944,245,1,85.73283308352472,2,Delta,auth,media,rolled_back
2513,12.619050626578462,5.430367067137798,256,2,78.89310010580594,22.20360291648417,Delta,payments,media,success
2514,8.93423307229774,7.66360265719336,237,2,81.25522393118405,2,Alpha,database,baja,success
2515,8.988339826711908,4.967930151255391,239,5,75.61593299153617,53.74073271150914,Alpha,auth,baja,success
2516,14.09708270261746,6.826578336671218,230,4,58.1458899318797,2.1859451830387115,Delta,database,alta,success
2517,10.578298808399019,5.245786908102087,264,0,81.039170076251,21.83427025671879,Alpha,auth,baja,success
2518,10.958934011515565,5.666596642764796,272,3,72.24290891198561,37.026144860158546,Beta,api,baja,success
2519,14.028832440127069,7.069067337451706,246,1,76.78556081484258,48.58054207759781,Alpha,database,alta,failed
2520,16.57282084220653,6.255535245654415,240,0,81.77823126762459,16.93044394342438,Delta,api,alta,success
2521,20.267270073176807,1.306711129364352,266,2,61.836222007140776,58.337528538659484,Alpha,auth,media,success
2522,15.079465372341506,7.4750633695141175,257,4,59.76958431826543,2,Beta,database,baja,success
2523,20.007991782027062,5.123738010145341,257,1,87.45977541586478,20.947512573232636,Delta,payments,alta,rolled_back
2524,17.086483634911062,9.625253163883094,241,0,74.34236251572312,19.214197284465126,Delta,payments,baja,success
2525,13.334080983401192,10.137456821246758,266,3,76.112903537552,23.114825741842985,Delta,payments,media,success
2526,13.016290704362115,3.2329464988849526,230,0,63.53575431581504,60.54922400921157,Alpha,ui,media,success
2527,19.723657088511672,8.822644446321892,238,2,64.8430894187812,30.556490532045657,Delta,database,alta,success
2528,7.948280530352,5.533774995764088,250,2,71.79589622275157,56.142438562490995,Beta,payments,media,success
2529,12.25777776157283,4.296279711630857,255,1,44.58937478265929,15.772834416478872,Gamma,payments,crítica,success
2530,12.76949556543142,5.2451758020845105,247,4,95.62450418954697,2.0527688401216384,Gamma,payments,media,success
2531,2.6399021495810917,6.05641894172944,247,4,84.62035734646508,14.182450152933598,Delta,payments,alta,success
2532,10.592936395871034,4.804851914096938,240,2,69.1181261868568,108.78052716700681,Alpha,ui,media,success
2533,13.386363754729565,3.200705200233315,209,1,79.3956282728923,8.317086238867352,Alpha,payments,media,failed
2534,1,5.613055993580888,246,3,67.54435324435077,18.22163430904569,Delta,api,alta,failed
2535,13.471490814338095,2.8725895121738736,287,1,88.62487024450529,9.009858942157374,Delta,database,crítica,success
2536,10.858063735526253,4.823848228550329,218,2,75.71495588924996,90.33238912614729,Gamma,payments,media,success
2537,13.770933041811793,7.418469822255686,277,2,94.27569727855851,17.06066498491255,Gamma,api,alta,success
2538,14.87068452018344,2.6473854729971205,274,2,82.38533811467038,40.66421212543736,Beta,auth,alta,success
2539,17.69558034530437,4.870795926507896,249,1,53.49895150588938,57.35433603520718,Gamma,ui,media,success
2540,5.2584353754506665,6.542470392064737,232,2,92.78533872123955,20.389976306741527,Beta,database,media,failed
2541,12.1669172649283,5.228493875753314,263,2,85.24197138303063,9.193609859794378,Gamma,api,baja,success
2542,9.468224678598748,4.287335530512228,256,0,93.6169099945245,31.440735115592773,Beta,database,alta,success
2543,12.120396985727437,3.3444317549057856,231,3,82.99308629135086,16.73036453772097,Gamma,payments,media,success
2544,11.48342569573845,4.855186853612373,258,2,73.05698780204601,31.46565625715762,Gamma,api,baja,failed
2545,7.296402857069312,7.947277844119531,224,2,66.65382875014669,7.928727764636278,Beta,ui,baja,success
2546,4.772722479204029,4.223857590328497,250,4,61.35244558262356,12.689670123159885,Alpha,auth,baja,success
2547,20.481254898003108,4.276879978898684,262,1,63.47678262168955,6.941855099673884,Alpha,auth,baja,success
2548,6.702377266555301,5.615565743269742,257,0,91.39271311665247,23.218684784059814,Gamma,auth,alta,success
2549,13.100086373064663,5.406735047794611,243,1,62.35485617468131,2.099997135188638,Delta,api,baja,success
2550,7.564547266935188,8.472567462622486,238,5,73.87775631856962,56.01487205620137,Delta,auth,media,success
2551,18.03096201975255,8.729460376071675,235,1,70.09410302963681,50.89461372490254,Beta,api,baja,rolled_back
2552,4.930804881342216,2.6778653341283376,251,4,80.60904098375094,4.419693172676727,Delta,ui,baja,success
2553,8.445630904605403,6.260245578247171,226,4,66.76159796630327,71.27013194157716,Gamma,database,baja,success
2554,7.123794453536069,6.011810294534287,252,4,73.92666360558263,5.342575408530627,Gamma,payments,baja,success
2555,12.201125465107959,5.100776390562814,232,1,92.15179036651934,93.69542397054579,Beta,ui,media,rolled_back
2556,10.036748193853414,5.511672529426862,247,2,88.11912689759953,11.857554908841848,Delta,api,alta,success
2557,21.540239833865222,6.995793089610344,258,3,96.60305734333149,34.47057279387547,Alpha,payments,baja,success
2558,11.982447492116872,6.71227175900231,238,2,68.28874330650237,19.01214270582554,Gamma,payments,crítica,rolled_back
2559,17.326761421845102,2.906166173602704,233,4,57.45144744248014,8.951984602957964,Delta,api,media,success
2560,15.283234676506616,7.334235408116912,251,0,85.58945426281443,6.986393932253122,Alpha,database,baja,success
2561,14.742716122100887,8.027633204257233,267,1,73.90139360999102,4.5695257195004615,Beta,payments,baja,success
2562,14.063523791504151,6.008957525544435,242,2,75.9035471638469,7.466457042843103,Beta,api,baja,rolled_back
2563,13.095207388761738,0.5,265,0,84.5399764413417,13.97403427488237,Beta,database,media,success
2564,9.146656363063434,7.861372745444773,245,1,79.08295302959297,5.06951039665773,Alpha,payments,media,success
2565,10.627823419637634,2.0463135020603245,235,2,86.65110812786544,8.841911058872938,Alpha,database,alta,success
2566,13.875918130315693,8.169456078906244,230,1,66.8802723582307,79.27548747851488,Beta,ui,baja,success
2567,2.096669935865277,4.815561228585784,276,1,69.61824137988319,17.115948400383285,Gamma,database,media,success
2568,4.578234846108023,3.3527548788755293,239,1,63.71487364947989,43.921842275033576,Gamma,payments,alta,success
2569,10.317968328426483,1.7038717561117709,242,1,92.58050037126426,6.1172363720834255,Delta,database,alta,success
2570,4.535849731143287,6.888618916530742,226,1,91.87510184069524,8.371703714132309,Gamma,auth,alta,success
2571,12.454018802956808,4.286127272565862,257,3,83.38630895907713,46.58897615767537,Gamma,api,baja,success
2572,13.880074708494126,4.675969482709107,225,3,86.90643712456948,23.597193980414332,Beta,api,media,success
2573,15.538376640532926,5.249556384532379,247,4,85.24424818604341,2,Alpha,api,media,failed
2574,16.454439971720706,4.423057385309596,252,0,53.72921553532927,26.522265448749152,Alpha,ui,alta,success
2575,14.267401717286475,2.636187605837733,270,1,79.41787078526296,42.37334475753914,Gamma,auth,alta,success
2576,14.184091370445142,0.5,260,2,79.2094876049808,16.47537086158991,Alpha,database,alta,failed
2577,12.959370420916642,6.702562188795792,259,2,71.1198925697972,11.64466305077076,Gamma,database,baja,success
2578,12.136541375292335,6.883609800433563,262,2,55.90888467888947,52.681877582629994,Beta,database,crítica,success
2579,8.767635122799254,4.428313094304558,252,5,56.43957279109647,12.74758080393076,Delta,ui,media,success
2580,20.91052929291167,3.7252014183310536,241,1,86.24101284892014,44.2941594848734,Beta,payments,crítica,success
2581,8.82990348514618,7.031248740685225,262,3,74.2063026120463,18.90841897298597,Gamma,database,baja,success
2582,18.789122129407684,3.4754672234303756,255,2,67.75349327687472,16.505591668188572,Beta,ui,baja,failed
2583,15.755699229161898,6.14964759374042,285,2,61.08979703850382,9.49187232926488,Alpha,ui,alta,failed
2584,20.141179833152172,2.281920174599542,247,4,53.847588785037516,2,Alpha,ui,baja,success
2585,14.926505546113212,6.803935712160866,259,2,53.203698944839395,14.726923439651728,Beta,api,media,success
2586,10.3206106376185,5.595570473056241,216,2,87.07450350791167,28.78725948828965,Gamma,ui,baja,success
2587,10.761025972595604,4.994444733615585,253,0,100,19.37843694437056,Beta,ui,alta,success
2588,6.557294102134742,4.536677986113999,227,1,91.06134416284797,2,Delta,api,baja,success
2589,16.15085724153831,7.35111760005231,284,2,78.19966557613063,4.934346836060286,Delta,ui,baja,success
2590,12.184871309134946,7.355213498472397,252,2,90.86777906999666,46.66727945006905,Beta,database,alta,success
2591,11.768906578892974,7.5998049839255986,255,0,75.62418210230356,7.818422075361013,Beta,database,baja,success
2592,12.306956282798804,9.780765663170325,242,2,100,15.291592787494354,Beta,api,crítica,success
2593,9.465435343574969,3.699690889203049,250,1,82.39441575786965,25.31260643798619,Gamma,api,media,failed
2594,10.306346151484068,3.093188577855513,269,3,77.63474145868307,5.532190222409186,Delta,api,alta,success
2595,15.106764028174068,9.145920416862761,242,4,84.13472614753745,98.59088600667862,Alpha,auth,crítica,success
2596,17.243628945862422,5.372134754954091,243,1,65.93806271857771,46.38339306212483,Alpha,database,alta,failed
2597,12.233205225070535,7.549864092269324,249,2,86.68978849609694,2.866288203326966,Alpha,payments,baja,success
2598,12.981593429037769,5.466167303748738,242,2,86.79155728649732,17.033335703523893,Alpha,auth,baja,success
2599,12.929298873508456,2.288188246945917,248,1,61.52310851218481,35.039949638615234,Gamma,ui,baja,success
2600,12.755103598901858,7.173921193416499,254,1,76.80173512443442,11.138774044811726,Delta,auth,baja,failed
2601,11.032736448057923,6.1956412883866445,246,0,59.62993944883287,10.546446025371552,Gamma,ui,crítica,success
2602,14.288545268497712,2.6121968441751715,234,0,65.00827114478894,64.7833211830119,Beta,auth,media,success
2603,14.823167190749409,4.095064035779082,257,2,69.77448395922674,51.06814411439014,Beta,payments,alta,success
2604,12.81959841597613,4.348702006774423,259,3,70.55548847058256,2,Delta,auth,media,success
2605,14.208413520446607,5.057191689548085,239,2,61.80070873010072,25.60066404092818,Beta,auth,alta,success
2606,9.724514758568889,3.8999333828298672,250,1,63.48552823443622,79.39690857722398,Beta,database,media,success
2607,12.77087102239553,3.917532680149276,218,2,62.238484909779096,14.772080719470978,Gamma,payments,baja,success
2608,14.4853888864439,5.427329109097496,238,2,73.13497222164517,39.695005772481544,Alpha,auth,media,success
2609,11.571137553469839,5.1792231214811775,282,2,73.96361316555604,55.43679378624287,Beta,auth,baja,failed
2610,11.503696321767693,0.5468422751450763,273,0,48.34491151904331,13.170635685324669,Delta,auth,baja,success
2611,10.139912612581506,3.32813347897525,240,2,62.31376868308143,2.9344324446783556,Beta,payments,baja,failed
2612,14.293631049947749,4.3179663209332,255,2,69.85329822888787,4.785496673258418,Beta,database,baja,success
2613,13.019744326871715,6.015747622683961,222,3,84.48704553734913,36.72655064362281,Delta,payments,crítica,success
2614,22.688576804815696,6.062517140627345,250,2,78.3879171499351,52.70032815136274,Alpha,ui,baja,success
2615,11.462019929351504,4.18197661008676,279,2,73.53292367507785,19.147736011927417,Delta,api,baja,success
2616,12.446296247303623,3.379742177377686,267,3,76.62940725519688,4.414624947769148,Gamma,payments,media,success
2617,7.959989250860262,4.135883136642484,243,0,73.56492677507951,5.31496636532259,Beta,database,baja,success
2618,15.551519205264194,4.795602825099219,281,0,60.47677820169427,37.09328466434201,Alpha,api,media,failed
2619,10.771129763444073,4.491278805357143,220,2,71.51121529191927,13.469179820269346,Delta,database,alta,success
2620,12.532659970545506,4.691942980174246,266,2,73.40034269061094,84.7180217603102,Beta,database,crítica,success
2621,15.78130547872161,4.691175262708855,261,1,66.82559855224446,31.792594960813815,Alpha,payments,baja,success
2622,18.102746919396157,0.5,252,0,86.28373196155856,14.347043048590422,Beta,ui,alta,success
2623,11.010197727223424,7.931916226222214,238,2,72.93494873334173,11.187566109001637,Alpha,database,media,success
2624,10.573585195582758,2.422613988779382,268,0,65.39944168523449,12.791239399462938,Alpha,api,baja,success
2625,12.831873630279812,2.5789357028810196,241,0,87.77695513457968,5.4130786134417,Beta,api,media,success
2626,16.837013389781795,4.463273417882103,227,1,75.30954030381262,2,Beta,payments,baja,success
2627,12.466235548296826,6.3667849637076435,275,2,76.2293349251466,48.455641416679015,Delta,ui,baja,success
2628,12.768264773763715,4.360661738196325,209,1,90.01735622152847,36.1768670339575,Alpha,auth,baja,failed
2629,15.146464437969774,6.29035004837441,276,1,79.28232374020843,7.524240018790183,Beta,api,baja,success
2630,14.95936275884354,4.176600225084496,242,3,60.77713561721478,92.61639810594465,Delta,ui,baja,success
2631,16.346768125793357,4.616381055586572,280,3,61.99040207715966,49.48015737331926,Beta,payments,baja,failed
2632,4.18877080122055,3.2742154368605414,248,3,66.17332171317479,15.106141235679388,Alpha,api,crítica,rolled_back
2633,7.270292693901844,4.006693466362153,241,2,76.48300213348166,22.353239966244352,Gamma,database,alta,success
2634,7.277286088323891,1.3444505642319338,270,3,91.27874144146212,12.24640529975295,Alpha,ui,baja,rolled_back
2635,13.507924407504262,4.3669743513284764,261,1,83.79506393990945,33.45197112656651,Beta,database,media,success
2636,6.572835837266938,1.158874947984378,235,2,78.1184242664077,16.735841876750282,Alpha,payments,media,success
2637,11.0855669132974,5.325317572133163,222,2,74.63270079786837,3.41527179453184,Delta,api,baja,success
2638,13.693026259618728,10.611720887261313,232,2,49.017761292331365,5.51789440959692,Beta,database,baja,success
2639,19.76363303865848,1.1961797490641048,233,3,70.19232806227056,63.095144075110824,Gamma,payments,crítica,failed
2640,11.035922607730646,2.253482333995088,269,2,83.20386652445254,2.7086144126951694,Beta,payments,alta,success
2641,11.916117712278032,4.412624588550296,251,1,90.14032856829114,10.552544597536325,Gamma,payments,alta,success
2642,12.942588225187938,3.217756026932594,253,2,74.21420686213261,3.873559372500775,Gamma,api,media,success
2643,9.618620737545893,5.472210254347862,255,4,74.31285178005925,29.508113867526347,Gamma,database,media,success
2644,1,8.499278848471596,234,2,63.830384141926025,11.414339907467365,Delta,payments,media,success
2645,18.045113886508396,7.602269533232011,271,0,75.97232360186892,17.80370983632948,Beta,database,baja,success
2646,10.625651986068931,3.6375698067517455,253,1,78.5329177959639,6.828860366360089,Gamma,api,crítica,rolled_back
2647,9.132283538807723,7.389108844892226,241,2,78.79324704367494,2.4420624934136868,Alpha,auth,crítica,success
2648,13.151636589189923,6.701813536939473,243,2,67.39114538663866,8.329488012939692,Beta,ui,baja,success
2649,9.530108975022701,6.111130671792504,267,2,74.65462904931807,32.316872722392375,Delta,auth,crítica,failed
2650,15.68066962764982,3.233139983036895,246,6,88.44295189626857,7.523605305701494,Gamma,ui,alta,success
2651,10.183597339057927,6.648691545209591,210,0,71.47966217693961,3.015618391981378,Alpha,ui,crítica,success
2652,15.423045298018742,6.3758274252200255,240,1,60.683047378909166,6.350665788047184,Beta,auth,baja,rolled_back
2653,11.065828649644688,7.671536439013556,231,2,81.39304268019247,49.63054691053449,Delta,database,alta,success
2654,8.086514084408183,3.3823082498311856,253,1,76.90181731979852,50.68773011292366,Alpha,ui,baja,success
2655,14.948863854135535,4.801064940980796,262,3,63.793166731824975,40.9093864092928,Alpha,payments,media,failed
2656,21.766414498721858,3.4046504580009778,261,1,78.93200572103866,41.368587655792815,Alpha,database,baja,success
2657,8.030029394040323,1.5646637892992028,246,0,78.35196120403751,2,Gamma,api,media,success
2658,10.23705542197867,4.375811417825349,262,2,78.6343870258482,2,Gamma,database,baja,success
2659,7.322449870809047,5.961769991488268,232,0,76.11492225229007,22.022835683931508,Alpha,api,baja,failed
2660,18.367951957801537,5.7963991671990005,243,0,91.52709504789857,60.74850095506039,Alpha,payments,media,success
2661,12.5090988668839,1.9342817195909618,224,1,74.8568934613611,40.605919672022445,Alpha,ui,media,success
2662,2.6916053777140547,7.582459570163818,264,2,70.22113432447104,48.790261341105094,Alpha,ui,alta,success
2663,3.212900330690731,6.843212490703513,289,1,74.83183825785099,110.99493786087686,Beta,api,baja,success
2664,15.756661057713831,3.5518291696961026,232,1,81.49902846364054,42.58676616645871,Delta,ui,media,success
2665,13.19664862229067,6.147867507684694,234,2,89.85643102551245,27.785237296407516,Beta,ui,baja,success
2666,4.04029322602246,1.4801826818872614,262,3,75.95814610165174,2,Alpha,auth,baja,success
2667,7.1834607983723195,3.172676134213317,251,1,82.162374115718407,5.129847168834821,Gamma,api,baja,success
2668,13.593382952006207,6.686556289821689,238,4,59.11161195956339,65.78067035670605,Alpha,api,baja,success
2669,12.179026344094492,4.144108866218834,245,2,87.70691279925767,6.198802717030048,Delta,database,alta,success
2670,4.535356747323593,3.428137783834128,249,1,74.36364104358888,70.52461788979147,Beta,api,media,failed
2671,15.010091351964293,5.36253614414452,243,7,85.57552303205142,17.6664942923119,Delta,payments,alta,success
2672,10.297262501830419,3.03532267659242,247,0,73.25649266696196,101.48384686699563,Alpha,api,baja,failed
2673,16.976681265340446,1.601148872327106,263,1,72.3189044476795,87.29806829484846,Delta,auth,alta,success
2674,13.801397117128362,5.3230310653584505,257,1,67.44277572425526,8.221381444483995,Gamma,api,baja,success
2675,16.73122993039172,4.589908057727266,252,2,87.59251988944436,6.276948306709528,Gamma,database,baja,success
2676,4.144087555583969,4.604582541736608,245,0,80.66063169315413,10.173403400927782,Gamma,database,baja,success
2677,14.986451474805696,6.523061578541383,245,1,57.43029476084616,42.924868313441856,Alpha,payments,media,success
2678,16.205294988407836,4.276699109662854,224,3,94.43616424626569,36.96400827652328,Alpha,database,baja,success
2679,14.096684340254917,4.431845740174862,252,1,74.27462241094732,21.184929995720676,Delta,database,baja,success
2680,7.537662881101942,2.1249091173453922,270,0,85.87245593489877,24.01739194155101,Beta,database,crítica,failed
2681,NA,1.2471706322487437,240,0,83.88775289125886,11.321137715131044,Alpha,payments,baja,success
2682,4.331884231682303,4.067714630738955,267,2,87.6633171298805,28.046980506663616,Gamma,database,baja,success
2683,9.713079048641278,2.346484359661688,254,1,77.42848690303154,75.84628521992799,Gamma,ui,crítica,success
2684,9.007213465454317,5.15328788671843,217,3,69.48496395011517,10.201512175764904,Gamma,ui,crítica,success
2685,13.380715825638415,4.309877416386713,249,2,78.61143082372043,85.93233932050612,Beta,auth,baja,success
2686,20.655804417760528,7.409859076325246,236,1,72.46656741146185,7.731921136379242,Beta,database,baja,success
2687,13.346585368817648,4.002032823399194,237,4,100,22.752168755122582,Gamma,database,crítica,success
2688,10.32854406585672,4.21965861289594,241,0,87.43767805696645,34.38981839377135,Alpha,database,baja,success
2689,15.694764082825142,3.828926862987249,242,0,57.69974047338597,3.8016303554177284,Alpha,auth,media,success
2690,15.067066369340829,4.462915781332983,228,0,82.74317432304993,47.30919411576806,Beta,payments,baja,rolled_back
2691,12.994992591615723,4.390086508721969,259,6,71.68082888033342,6.451002057641745,Beta,payments,baja,success
2692,9.37112786020117,6.3345948843568,289,1,85.5218218279241,16.500360243022442,Delta,ui,alta,success
2693,14.332496676535854,2.3228653712154896,247,1,77.43023995679552,26.900503142659957,Gamma,database,media,failed
2694,14.762731470667296,5.521726941995283,240,0,76.61358528708486,2.3205263391137123,Beta,auth,baja,success
2695,13.167458719983792,4.540182930574752,261,1,84.14494697734982,4.625957829444224,Beta,auth,alta,success
2696,19.692296669853526,8.749898046012317,259,2,66.10216098499544,13.562632765620947,Alpha,ui,crítica,success
2697,21.22451899399499,1.8255635899577753,256,2,75.48502229744982,5.0923288352787495,Gamma,ui,media,success
2698,8.04321892862756,2.4448433932326648,269,4,76.06491049085969,9.571000166237354,Alpha,payments,baja,success
2699,13.605709634039032,4.670510602544753,253,4,72.74760132014232,2,Beta,api,crítica,success
2700,7.070447306980325,6.645005379715284,252,0,71.7109013560199,6.362601414401466,Delta,ui,baja,rolled_back
2701,9.821242626109116,5.975683919688854,238,1,100,59.71197308297482,Delta,api,alta,success
2702,10.261868163911535,3.7114455181910513,229,2,68.87057689377235,28.34016360986739,Delta,ui,alta,success
2703,11.436619232147073,5.050432770529106,242,5,64.3236601676254,15.635055262595415,Alpha,payments,baja,success
2704,19.032565080261072,1.0394311720628222,238,0,81.47493755053586,37.743802557491406,Beta,auth,alta,success
2705,8.67943431769098,5.607054439524636,248,1,53.72675006521549,55.45868999953595,Beta,database,media,success
2706,14.057711024488974,7.54632617657038,270,2,59.9524683275861,17.359721592550567,Beta,ui,alta,success
2707,15.148524306511028,5.048145585400213,266,1,89.56415560895707,52.430996727898986,Beta,auth,baja,success
2708,12.9680620548701,4.143917267238501,254,5,57.346287527018866,94.59174419435408,Beta,database,baja,success
2709,14.239667226246548,2.598084640071165,253,2,75.66577309611077,60.89932138915387,Beta,payments,baja,success
2710,9.398325963950944,3.734129504318876,263,0,80.88373586768436,44.53038167751847,Delta,database,baja,success
2711,10.166429534380228,7.710433076434408,237,1,75.65991654013214,85.15015691842544,Gamma,ui,alta,failed
2712,9.278054713143906,4.312220733098498,244,2,71.83819948513822,6.327891111373901,Alpha,api,alta,success
2713,3.2302506881140562,3.74821999675532,240,0,88.5946003106932,77.552133854171,Delta,payments,alta,success
2714,14.503948379419327,7.734886314706784,251,2,68.06372669214949,2,Alpha,ui,crítica,failed
2715,10.338153268432487,1.4006134495725595,261,3,96.47802258618988,16.368649251759052,Delta,payments,alta,success
2716,11.2947846649214,4.3710278427330405,245,0,74.24244157194472,56.39403716917363,Alpha,payments,baja,success
2717,14.66103665423567,5.147796280281975,258,1,76.87939136488252,2.5751939793687013,Gamma,auth,crítica,success
2718,12.19953406469001,3.601387478895873,266,4,51.012370213805234,23.401966442371567,Delta,api,alta,success
2719,11.554198828465363,3.6014812154193283,246,1,78.60305312306716,22.376597999518207,Alpha,api,media,success
2720,9.883394512407182,5.625879481168258,254,3,80.45984080551425,36.500104782822504,Gamma,auth,media,success
2721,18.46344901511907,6.23034034167224,249,1,73.27573602720247,14.160996425896883,Beta,api,baja,success
2722,12.558042373333551,5.319632416615568,214,1,80.25056707725254,14.999968204647303,Gamma,payments,media,success
2723,12.478334789702757,4.909104352928645,274,0,71.79106232235526,6.383724577724934,Delta,auth,media,failed
2724,15.919463021354693,3.303294183729099,257,1,59.75422018712415,7.17143585455038,Beta,auth,baja,success
2725,13.517537391728789,6.20907934648508,246,1,79.35022034726806,13.674592528492212,Delta,payments,media,success
2726,8.479149522291905,3.1320106682804587,274,1,71.4354510093162,7.075896497815847,Gamma,api,baja,success
2727,10.374188111813794,4.754274223474705,249,3,66.61925161785783,25.04398072410136,Beta,auth,alta,failed
2728,8.891499361245323,5.998341696421636,235,1,55.44915623746335,24.777374829766984,Beta,payments,media,failed
2729,5.265991888940734,2.9067587948953104,267,1,73.75568327510092,24.20220170069247,Beta,payments,crítica,success
2730,11.332069759592182,5.488331254155139,281,1,65.99529410786465,16.043810684233904,Beta,ui,crítica,success
2731,14.375792916464343,4.520304183497157,259,1,73.03875507977571,3.2699207005808573,Beta,auth,baja,success
2732,9.927363437003315,6.785015384603807,236,2,68.2689632480212,39.8941503146988,Gamma,auth,alta,failed
2733,13.764793454430562,8.04458283487521,256,1,65.78925416027968,36.968284225749976,Delta,payments,baja,success
2734,15.022403460197827,2.3040443862893767,228,2,75.57349718740947,40.59445094860612,Beta,database,media,success
2735,11.548156559290616,6.440838124997034,247,2,81.78089256785432,30.369645836614197,Delta,database,baja,success
2736,10.10149844915508,5.06957078789257,271,1,62.68715344455731,15.156605511903763,Gamma,database,baja,success
2737,9.19151227856026,5.127377275792149,271,1,75.21016728186821,8.422367073263013,Alpha,ui,baja,success
2738,10.882515856648157,7.196644303414154,249,2,72.29091974865561,4.515909142792225,Alpha,auth,alta,success
2739,18.25683899689023,6.053915037798092,272,5,84.18601816073141,6.800143092870712,Alpha,ui,crítica,failed
2740,12.3643744382743,4.885143243283505,254,0,53.64382280801769,35.457756302159794,Alpha,api,media,success
2741,10.151248075901833,4.412172332635006,242,1,80.05947515846346,13.89540745317936,Gamma,ui,alta,success
2742,10.198244992688384,4.382226973948992,268,2,93.39961446244908,4.295425965764217,Alpha,auth,media,success
2743,12.292386461643172,4.831344888592531,280,0,66.22519878615874,26.70751726526528,Gamma,ui,media,success
2744,12.525412036114444,3.4765340824305113,288,2,85.20441541235759,21.31105149776903,Beta,auth,baja,rolled_back
2745,17.38254559556958,7.411584278552092,236,3,80.81497230472105,12.316221356391907,Alpha,database,crítica,success
2746,10.306554111710632,6.074751745835821,280,4,80.066487972258,35.8424379656416,Gamma,auth,baja,success
2747,15.907769135072087,6.338344913638322,230,1,85.81565105942671,25.07386898148566,Gamma,api,baja,success
2748,9.476078379818398,5.344035022666601,284,2,82.54536940083125,6.81823786093411,Gamma,ui,baja,failed
2749,12.879004724004028,5.415390912737679,260,0,66.02253022971412,7.6571894735097885,Gamma,auth,alta,success
2750,10.617310059635106,5.258214108362024,241,0,87.00796352464158,18.475320536639053,Beta,api,baja,success
2751,16.023620176821204,7.440582614232341,246,3,68.05762675280634,24.82202095437556,Alpha,database,baja,success
2752,17.589263198669116,4.223117159530435,260,2,78.90868254040046,8.529276061803102,Alpha,api,baja,failed
2753,18.14144432301295,2.8288710184553842,226,2,82.46236056730011,88.31286740063292,Beta,database,media,success
2754,14.738112990209473,6.224947403413747,239,3,51.27912191945015,43.79929155269056,Beta,auth,alta,success
2755,9.9785897345929655,6.631290695834121,293,4,76.28062138737675,14.757118944078684,Alpha,database,crítica,success
2756,11.503067631488843,2.3407769969406726,270,2,65.2174441034653,35.037569267521484,Alpha,database,baja,success
2757,13.205338980715306,6.718815586624155,258,1,63.31379352372911,13.388167111453825,Gamma,auth,crítica,success
2758,3.650531412635031,4.175278783317493,248,1,71.14629854299544,2.519649188965559,Alpha,ui,crítica,success
2759,17.681588250772407,4.62280437001559,247,2,73.91921060583542,21.329010865574173,Beta,auth,baja,success
2760,7.724082610723173,6.21100373473789,246,0,73.99108325083408,2.636095016056876,Beta,auth,media,success
2761,10.162592411991433,4.934234048689448,246,0,82.71851561449785,30.92049249160796,Alpha,database,alta,success
2762,17.32666443819673,8.074468827387165,237,2,56.726463209851765,31.61421719837695,Beta,auth,baja,failed
2763,13.639105110790979,7.068017729290568,263,1,69.37225264974444,6.000795632600784,Gamma,database,crítica,failed
2764,13.88934601688406,2.1156223323372814,234,2,83.07654656044392,15.74368977919221,Beta,auth,media,success
2765,9.001205482692033,5.560465868934779,250,3,81.59633360264093,20.208198172484252,Beta,payments,media,success
2766,5.593233743902706,5.396714004190838,240,6,75.4480885960744,26.54978929359227,Alpha,api,baja,success
2767,8.834210697678788,3.8318101922852685,260,5,75.67567781734158,10.065065121728095,Beta,ui,baja,success
2768,14.008042190561252,9.148325711965498,247,2,83.06560490456015,4.478487566113472,Beta,api,media,success
2769,14.86878108208375,0.5,252,1,84.8212401483965,19.782878330145657,Beta,auth,media,failed
2770,12.17342076246764,3.1996097001664294,243,1,94.04369773445646,42.16966326333104,Alpha,database,alta,success
2771,10.423422614223304,6.729626864377601,247,2,67.20388054690916,25.137399203115287,Beta,auth,baja,success
2772,13.520019301631862,2.670188199242434,253,4,81.34928045502167,62.90214098687497,Gamma,payments,crítica,success
2773,9.5102881897139,2.4266001756768176,249,1,70.13703782897957,12.819132998585701,Beta,database,baja,failed
2774,14.045548824029563,3.1158711329609234,224,1,67.82291248096544,7.606398836474145,Gamma,api,baja,success
2775,7.594507773472234,4.177425028715403,211,3,84.23860563504809,4.127182667338024,Alpha,auth,baja,success
2776,19.445662398269903,3.4973915084978806,244,1,60.35725648758223,23.125345152662277,Gamma,payments,media,success
2777,1.1800435104626317,5.790065190203798,243,2,61.68026953510706,2.4375063478946686,Beta,api,alta,success
2778,17.67175126547007,1.6950396285173288,260,3,71.7158930025003,40.317914289442,Alpha,auth,alta,failed
2779,9.378762007535977,9.029212800228734,264,1,89.31235394632014,27.74856508422404,Alpha,api,media,success
2780,17.009132189688696,5.791047270656556,254,1,74.1403442471793,7.486008949577808,Gamma,api,alta,success
2781,6.158850271306679,5.085293736600867,245,1,46.20138861683883,74.27152418686983,Delta,database,alta,success
2782,10.677060492826643,2.499537091269934,244,6,79.37602657048696,5.744798496365547,Delta,ui,media,success
2783,12.843271162107955,6.474361439442276,234,1,63.564273897569265,18.93159632283955,Delta,payments,crítica,success
2784,7.962002943111033,5.06618800123248,253,0,71.76560857062228,41.519862590203864,Gamma,auth,media,success
2785,9.860893415315754,4.153320298052495,264,4,71.02930838749722,22.258253579755145,Beta,api,baja,success
2786,13.980233099543762,4.752392047682117,234,2,92.53604142425738,4.654652567273282,Delta,api,baja,success
2787,14.193976199128569,3.7237490819614782,262,2,67.24726861253116,14.986633457243443,Alpha,auth,baja,success
2788,7.089029543124205,2.396898354048798,265,2,61.72972357549442,5.059462074190378,Beta,auth,media,success
2789,7.973549422558132,5.807386025264181,257,0,62.99388825156571,2.954213172197342,Delta,database,media,success
2790,12.828668806439351,8.461181620818433,239,1,92.21900562695711,17.925831616473133,Delta,ui,alta,success
2791,17.669604721356578,5.97463797639358,240,1,85.20039626051503,122.13930813262428,Alpha,payments,media,success
2792,14.98835758622102,3.532918807984927,242,1,62.20512446369264,2,Beta,payments,media,failed
2793,5.922267710605899,0.7687321198043247,244,1,87.0987042976322,2.038548242300749,Gamma,payments,media,success
2794,9.119717042702733,6.8048724076780145,244,3,75.18400100036351,45.4706585004559,Beta,auth,baja,rolled_back
2795,4.647151862415462,2.5427091680672333,239,4,64.90927436782943,11.156869433820248,Delta,ui,baja,success
2796,15.13758345741197,5.502675482043526,266,3,81.45190098169218,3.7543109245598316,Delta,auth,media,success
2797,8.515791401891633,5.842168191924535,237,3,76.54223312446939,22.175658232455543,Gamma,ui,alta,failed
2798,11.956534747933873,5.78752248693043,241,3,89.70175666313143,29.299502446239288,Alpha,database,alta,success
2799,14.436566232863035,6.148141207336542,253,3,93.6853189297328,10.170778591185808,Alpha,auth,alta,success
2800,11.467793407764907,6.377058362090233,222,0,74.00338469514412,12.691375139990013,Beta,api,alta,success
2801,8.601875748479747,2.7680158851228005,249,4,62.93068680134124,2.402680814266205,Beta,auth,crítica,failed
2802,12.460554900696904,2.376009571093295,264,1,82.81880252646953,58.67807672615376,Beta,api,alta,failed
2803,6.674651383951987,1.1114501524533442,213,1,85.29114380928834,53.82967404718724,Beta,auth,media,success
2804,21.497833086926768,4.675046468160499,234,2,94.45980888692087,18.841746813540748,Alpha,api,baja,failed
2805,2.0166543307533225,7.054443755936035,265,1,63.93052806364531,44.654426155458076,Beta,database,alta,success
2806,20.814704616247536,7.091127245247989,274,1,52.29188702274524,56.97586695547429,Gamma,api,crítica,success
2807,14.28558770827669,3.543097754118468,252,2,48.92826693463028,15.89237381145358,Beta,ui,alta,rolled_back
2808,9.665019051124258,4.413809219376131,263,2,72.9632632712549,27.21417456764489,Alpha,payments,baja,success
2809,13.09944143048967,1.7160198713390766,238,1,82.04604035904534,15.78111957013607,Alpha,api,media,success
2810,11.806843216155936,1.5252376680590198,223,2,82.98042054059711,48.38332083619653,Alpha,auth,media,success
2811,21.009874567108966,2.975442940341517,282,3,77.92597343406132,19.257401630047898,Delta,ui,baja,success
2812,20.831928888736222,6.344907131064528,236,0,71.03910797571672,2.065527329304453,Alpha,ui,baja,success
2813,15.067380058583888,4.216171581076183,234,1,99.19288076716089,2,Alpha,ui,media,success
2814,10.863233024828487,7.409840182197266,272,2,53.22980393939369,4.401036248180356,Beta,auth,alta,success
2815,12.606581170165411,5.708549975429884,256,1,69.86173447259077,35.771072028051,Alpha,api,baja,success
2816,8.875575653427843,9.189353813354366,243,2,70.04058600403371,51.001736508021196,Gamma,ui,baja,success
2817,8.170406547010703,2.5871232593596956,240,5,78.7346631514135,12.979132656008005,Delta,api,alta,success
2818,10.78263552819564,1.8795280457078278,261,0,78.50766380134623,16.558338660746813,Beta,api,media,success
2819,18.123514613614383,6.346805501813764,275,2,89.24073086203532,31.788482530896957,Alpha,api,baja,failed
2820,10.086776253421233,4.146504757027672,278,1,85.34507710616123,8.286670725792646,Alpha,ui,alta,success
2821,13.103857154103668,2.660645134107131,241,0,65.71859793386521,4.914770007133484,Gamma,ui,crítica,success
2822,17.171119423740627,1.8657881399796379,238,1,61.97575438481934,4.02431382983923,Alpha,api,baja,success
2823,13.696042826323096,3.3666217108286265,236,0,67.11509518113444,18.63034638661652,Beta,auth,media,success
2824,14.111061015082335,4.882892771545618,271,2,69.76021907157674,2,Beta,api,crítica,success
2825,9.38468007142571,6.695994492532442,261,2,86.75606752795743,8.998030066768827,Beta,auth,media,success
2826,12.48670221069594,6.042682233456227,249,5,67.54860870659832,6.953308347612619,Beta,api,baja,success
2827,8.052547781082184,4.838039673970778,280,2,62.98992348985157,40.54136315977571,Delta,api,baja,success
2828,8.977622151005571,5.135408442954725,248,0,75.3571177695502,3.7757830694317818,Beta,database,baja,success
2829,7.3560401662398265,4.225091181390277,235,1,68.77421614112001,5.599000331014395,Gamma,payments,baja,success
2830,10.228793905521714,4.965542549354453,255,2,80.2200782521503,6.556558596198366,Beta,api,baja,failed
2831,13.3397911361583,6.773234213804285,245,0,69.21112497064169,9.26385875676455,Alpha,auth,baja,success
2832,11.597365727419081,3.1664633825003574,258,5,79.71854378230854,20.962101252161013,Gamma,payments,baja,success
2833,8.097852628158012,2.498509825437825,227,4,69.33143207577754,16.514100149273872,Beta,api,alta,success
2834,8.107133497515708,3.399033604040494,235,0,68.84678217527069,37.48387612200795,Delta,database,alta,success
2835,6.636853894137891,4.47769492050972,249,2,65.20633028124287,60.01068533654538,Gamma,api,baja,success
2836,13.656409608217633,4.82302817787623,235,3,54.15276379925518,30.834430484955604,Alpha,api,media,success
2837,13.096649719300325,6.02104257874257,260,2,78.85095826286508,4.173476844007399,Delta,api,alta,success
2838,6.344148197922994,2.7776726588552303,266,4,47.72170469278528,17.04537703118999,Beta,payments,baja,success
2839,5.272277707243732,4.4368364428879925,252,2,90.80090595346134,23.23391045529156,Gamma,auth,media,success
2840,11.71965554420355,3.359896167143597,262,4,66.77554611264517,13.880976889282465,Alpha,database,media,success
2841,10.158763882846804,2.909337139311441,233,0,75.66384733481044,2,Gamma,auth,baja,success
2842,7.171417186090277,8.89253980940741,248,2,73.18853871415914,18.23525834827424,Alpha,ui,baja,rolled_back
2843,16.161764872514404,3.8202345868692293,251,3,86.69697591863138,2,Gamma,database,alta,success
2844,11.735179951256502,6.347251771378342,220,0,59.95537459538555,10.699174482375383,Beta,database,baja,success
2845,11.920568885852747,1.8515837579149999,243,2,56.914095214547714,9.65261849845715,Beta,ui,media,success
2846,14.462224893512538,6.7221362929260735,262,2,65.51177315309127,76.06268816783067,Delta,payments,baja,success
2847,13.681531879678404,1.4967583864458,261,1,65.24667342773387,21.79503424364834,Beta,payments,media,success
2848,10.68818049029126,9.038554694579805,240,3,99.25641710117362,8.022659908980131,Beta,ui,baja,success
2849,7.46217479159919,4.317921869039547,263,1,96.59886180633853,2,Beta,auth,media,success
2850,16.729073220466866,5.113073507760627,245,1,71.40799430030194,7.991831965382893,Alpha,database,media,rolled_back
2851,5.156856786751191,7.5378040600815694,283,2,71.61389955501313,9.115769921372387,Delta,auth,baja,success
2852,17.517796177618415,7.113361689332548,246,2,79.07376281409167,19.517000063245586,Delta,api,baja,success
2853,9.835978683369888,2.91409114414619,243,3,74.35992666373245,22.46357375327671,Alpha,ui,alta,success
2854,20.301867166933313,3.4676167853528543,242,2,94.21582178564009,2,Alpha,auth,baja,failed
2855,11.180957987949041,6.700072466629129,257,1,68.03104465628314,4.539995189756155,Alpha,database,baja,success
2856,9.794332057918657,3.7281059476549903,224,3,59.28577279310994,2,Alpha,payments,media,rolled_back
2857,12.164787467092786,3.9450507881095835,252,0,89.60948846420192,5.824866952647038,Delta,payments,media,success
2858,17.268190524103186,4.24865755054082,254,1,90.17413083721269,52.83693718907713,Beta,auth,alta,success
2859,4.761399186358475,0.5,266,0,89.61421933572525,10.89048183336854,Alpha,api,baja,success
2860,10.768044821517323,6.623503001716315,249,1,74.41414237909515,2.1450352440745637,Beta,ui,baja,rolled_back
2861,13.178244778341549,5.549002534389016,240,1,87.59205554708988,2,Alpha,api,crítica,success
2862,12.591083268466589,5.422565787086002,222,3,79.9493900815909,44.86414888299523,Beta,auth,alta,rolled_back
2863,12.463806127900448,7.3679231202250675,245,2,76.55784129429081,9.196632474660873,Beta,auth,media,success
2864,10.706672605746881,1.8067027896177157,230,1,69.30532088723784,8.894622302999016,Beta,database,alta,success
2865,7.438533104409569,7.408932812827742,243,2,89.96663132101004,6.761547669768333,Alpha,auth,alta,rolled_back
2866,23.445277963452682,6.186532439091394,245,1,75.55521565888638,19.281409083788684,Alpha,database,media,failed
2867,6.194452220664131,8.982232433663132,262,2,72.42864419848142,46.32359066403924,Alpha,database,baja,success
2868,15.934976080879942,6.198154081400258,235,1,89.23555179883837,45.928381247292144,Beta,auth,baja,success
2869,7.568634691658729,2.8908058103750736,217,2,71.32673709491145,46.59641271627961,Beta,auth,crítica,success
2870,4.004429372607879,1.3547872301812518,222,2,89.95162646741083,16.129038266837597,Delta,ui,baja,success
2871,12.602889987831281,3.539966184037979,270,1,95.46225952975914,85.59459723334749,Gamma,database,baja,success
2872,20.43587236877366,4.971969036312692,242,2,70.31896937121442,5.816331993788481,Delta,api,media,success
2873,14.516762691345598,2.780580737260641,257,4,72.90093425229546,2,Gamma,auth,media,success
2874,5.449417831360372,2.5327924140438416,258,3,56.34295007273343,2,Alpha,api,alta,success
2875,9.366097143930748,6.863683160505427,260,2,76.4188741500905,2,Alpha,ui,baja,success
2876,8.998766936354865,5.558426085935721,233,0,64.63575421501115,17.202359988277248,Beta,api,media,success
2877,7.419472417901622,5.12474658895304,240,6,94.89067190029836,62.18132118578282,Beta,api,baja,success
2878,16.11045310768599,3.895106065500001,238,1,70.50531470738136,2,Gamma,api,baja,rolled_back
2879,21.91216168732573,6.215310669005741,245,0,68.2626193799493,8.502365313470364,Gamma,api,alta,success
2880,6.186734542721585,10.23155353570587,263,4,74.10016319133895,27.9299535592249,Beta,api,alta,failed
2881,15.289057781447315,0.5,221,2,69.10119315101403,6.677911235653273,Beta,ui,baja,success
2882,7.734208025401885,4.277224408461006,248,5,73.38363005438276,2,Alpha,database,alta,success
2883,16.377226930059507,6.33161333121016,263,2,70.37183015092495,2,Delta,api,crítica,success
2884,12.88238472931743,4.897432469663424,250,2,68.2307866715783,55.16897494788495,Alpha,database,alta,success
2885,10.867041637850084,5.745545162831763,252,3,90.30737495236883,67.25354908085055,Beta,ui,baja,success
2886,14.840203013734245,2.3543357987004567,226,1,78.86057062514834,20.01137021045328,Delta,payments,crítica,success
2887,20.841907465848436,4.410103048710004,286,1,68.05548548311177,68.42082899405595,Beta,api,baja,success
2888,17.64826630248568,1.8465525896958388,237,0,63.268855404145,58.683063247375465,Beta,payments,alta,success
2889,11.21360767939111,4.666556647548253,269,1,76.59967966895141,21.08010138220434,Alpha,auth,alta,success
2890,15.021538279278241,4.564277181471081,229,2,73.07422917482708,6.764441337436438,Alpha,ui,baja,rolled_back
2891,7.623596519210178,5.402485145024827,234,0,71.21644545480866,2.9040595000196108,Beta,ui,baja,success
2892,13.720720096584596,6.9266558493691,277,2,97.84136564971391,11.273568523319723,Beta,ui,media,success
2893,15.84219884633302,3.3419280008956065,271,0,80.09421432939891,5.3833133317530155,Delta,payments,alta,failed
2894,13.836238091617284,8.086841304151914,252,3,76.8661259903102,31.703389874582584,Gamma,payments,alta,success
2895,9.614178421928703,8.586481514360699,267,1,85.3817395786185,4.691097736358643,Delta,payments,media,success
2896,11.819655171045023,3.03060497007142,255,1,69.82558274572706,15.706426609307528,Alpha,auth,media,success
2897,9.673925620889696,3.2507073378612974,249,3,64.44659627458574,11.825349651379913,Beta,ui,alta,success
2898,13.771452948504807,4.319209155019288,230,1,77.73058871608153,38.79361629691063,Gamma,database,alta,rolled_back
2899,10.759077241824752,4.248393837869222,221,4,76.77162150501474,76.11941063000795,Beta,api,baja,success
2900,11.108680927670045,7.76253144857127,226,2,78.76399068291921,6.41082863509655,Alpha,api,media,failed
2901,9.469652829231736,8.272128494433543,254,2,100,24.67784394968062,Delta,auth,baja,success
2902,16.26876079660787,6.733616309103706,261,0,87.75408790772624,2.172646622859407,Gamma,api,media,success
2903,13.349583685858812,2.4684781989827194,282,1,69.70891108078888,23.05112180383204,Beta,payments,media,success
2904,8.185417345381914,4.772089395116923,256,0,72.21440474377937,2.2974928580224514,Beta,payments,baja,success
2905,13.004694296547644,3.9913053834242787,242,2,53.248648708698866,2,Beta,payments,media,rolled_back
2906,9.807405185808667,9.90922110282392,213,1,92.28492484141844,12.826338931918144,Delta,ui,baja,success
2907,12.412944070412259,5.243664948292522,250,1,84.50636375165084,18.904489781386292,Beta,payments,crítica,success
2908,19.464066020558686,7.426558125628265,208,2,61.35826114595755,43.885897187362296,Delta,api,alta,failed
2909,7.836024778859503,3.0420904661441877,262,2,64.25577611737009,33.3784625602732,Delta,ui,alta,success
2910,12.879935148509695,8.072179847248702,267,2,93.56852083295819,45.541818020711524,Alpha,auth,media,success
2911,6.304820374125,7.024020456967451,256,1,79.94210086295533,56.985607218697936,Delta,payments,media,success
2912,14.464069640121407,5.228495676676362,277,2,85.45122737532854,28.633934549621586,Delta,payments,baja,success
2913,6.23374728034368,5.908123997156882,259,0,90.55913367127246,19.355483404283813,Alpha,database,media,success
2914,5.1929407085843575,2.9137362786152297,242,2,76.08324187307471,11.897407561540604,Gamma,auth,baja,success
2915,14.22885183120306,3.838193398177327,248,1,70.07168660437138,38.038780374298675,Delta,ui,crítica,success
2916,8.997955531488502,4.719832952402719,259,2,69.46259098505195,37.15166169391617,Beta,payments,baja,success
2917,4.116268217111445,6.768545970727127,274,2,68.90315591684198,44.759275046954734,Gamma,database,baja,success
2918,6.702146196242671,6.365002551056689,249,0,81.37722570278785,12.643036411779512,Gamma,payments,alta,failed
2919,16.302131573997567,5.641800424345252,269,7,89.41552198366499,31.213091208522613,Delta,api,baja,success
2920,12.703340376740062,2.657586580165927,253,1,64.02190494316355,25.780140078549678,Alpha,api,baja,success
2921,12.831699197142816,3.9037699046524557,258,1,50.87296814558099,2,Gamma,auth,baja,success
2922,15.572811063528802,2.877506160104137,231,1,71.72270070581047,23.312649577556144,Alpha,payments,baja,success
2923,12.794439666633052,4.200060108387364,253,2,86.01997442946366,2,Delta,api,baja,success
2924,1,2.3172992663645853,240,1,63.86762116191221,2,Alpha,api,baja,success
2925,12.078732778816946,2.749195285248085,236,2,81.65494015506414,97.05645037683395,Alpha,api,baja,success
2926,6.423314381172923,4.4314009502327725,261,1,89.04284730915617,28.38017050076037,Beta,payments,media,rolled_back
2927,8.267056459304047,0.5,219,4,91.84698712665758,4.003385321929166,Delta,payments,alta,success
2928,5.48383647412531,4.416161647248663,260,2,82.0218486814095,16.28198916837573,Gamma,auth,baja,success
2929,13.476390556437817,3.931164128646375,250,1,57.37317965709215,6.330747853485433,Delta,database,baja,success
2930,21.14262554011923,4.828097769584101,251,1,87.00571621735719,21.656086913831757,Beta,auth,media,success
2931,13.946179478327112,0.7440197975205747,241,2,69.0754021675814,4.177765186876059,Delta,database,media,success
2932,19.72860888281037,5.841727502992715,263,0,76.93550012075114,45.623282251725776,Beta,payments,alta,success
2933,11.07148390907175,7.760987718842921,249,3,92.88580561161402,6.9765368233255005,Alpha,ui,media,success
2934,9.85021977346446,1.583243211711947,239,6,84.37683609703235,31.80399197984248,Beta,database,alta,success
2935,15.144407613502194,2.0855563809577897,273,1,71.47261268653028,81.81756001307603,Delta,ui,media,success
2936,6.990508359100775,8.206838625220085,213,1,79.50882787264166,51.15572065687799,Gamma,ui,baja,success
2937,6.703340180661563,5.369836464732009,240,1,72.60613233104733,9.022425735872096,Beta,payments,media,success
2938,1,4.164564328146493,247,1,81.38196719260444,10.273787062615156,Alpha,api,alta,success
2939,3.0971272914371664,7.374312849831835,234,1,82.198333745678,82.17057680680391,Delta,api,media,rolled_back
2940,10.23338331028573,2.244224944290006,273,3,78.86292928651875,2.3513879142701626,Alpha,auth,alta,success
2941,12.498576513957984,7.339808642841648,287,1,70.82667188268796,17.254734768455318,Alpha,api,crítica,success
2942,10.600011069283052,2.0669109225064854,275,0,74.5121550006858,3.541030331143502,Alpha,payments,baja,success
2943,4.386002789916583,8.473225487616467,241,2,49.126036073261865,15.62171883881092,Beta,api,baja,success
2944,7.383822632139958,4.128519624535841,243,2,49.73539395352547,14.703094750642776,Alpha,payments,alta,success
2945,8.84326610250292,5.816013679932027,244,1,76.59622785419785,3.232810478657484,Gamma,api,baja,failed
2946,15.597609112775753,8.80415933892263,263,0,67.71603525066648,2.6412136204793955,Gamma,payments,baja,success
2947,13.264159996306716,4.454551930408064,243,3,78.41446274926197,13.810488425195217,Delta,auth,crítica,success
2948,8.692050899348086,5.2002351012855845,227,3,56.22715856392153,2.4914221689105034,Beta,payments,media,success
2949,5.541717825971535,0.5,254,2,100,3.2649151721604284,Gamma,auth,crítica,success
2950,11.334271519648178,4.539348097375658,247,1,66.22620538415654,12.538017634302378,Beta,api,baja,success
2951,4.894432312428081,6.351383545118185,235,4,60.99381064243784,24.010109911312504,Alpha,auth,media,success
2952,9.332463939122153,6.200062672253157,248,2,71.74321603967114,5.880218345671892,Delta,ui,baja,success
2953,10.768139721655967,3.6639205243073043,227,4,87.89846536954272,7.15786424651742,Gamma,database,crítica,success
2954,16.890101661138683,2.738082502496645,211,2,58.67099571692136,26.29881363261252,Beta,auth,media,success
2955,15.583449050557952,4.925011585116755,287,1,90.82633301572272,7.958448861167771,Alpha,database,media,success
2956,12.815620252151607,8.995193359644219,251,4,95.75325195033051,16.658881466596732,Gamma,database,baja,failed
2957,11.136006351081596,5.834320410984334,227,0,67.63025906401532,6.546318154782057,Delta,ui,baja,success
2958,10.04797471225845,3.4115382271056,269,2,66.11730520097498,8.120185056697185,Delta,database,crítica,success
2959,14.40820925484081,7.69139926681841,258,3,83.89760572347926,8.38975989818573,Delta,ui,alta,success
2960,6.42359914590562,6.978101773244478,226,2,99.39468005560158,2,Beta,api,media,failed
2961,10.583345315554212,4.67483508560196,240,1,84.00227690230727,5.358583677560091,Alpha,api,crítica,success
2962,16.924198311769885,3.8157012136551187,228,4,76.73666637037638,32.40299986202031,Beta,payments,alta,success
2963,8.746376687939929,3.323137596167072,244,4,60.5890376480455,36.760268343458755,Delta,ui,media,success
2964,5.893311273380004,6.1491889106846545,237,2,77.11660794714615,4.214630303803205,Alpha,api,alta,success
2965,12.003652616076227,7.372204012447841,234,2,77.62590005854479,46.70378869570313,Delta,ui,media,success
2966,13.18063161801812,4.43040748153581,277,1,68.15648704717073,2.8381450474262238,Beta,ui,media,success
2967,18.826150263485076,1.1906356052647853,235,2,75.32910004665175,86.14319130998943,Beta,api,baja,success
2968,8.370015839261228,5.7336413868608975,251,2,69.82485448438928,27.673146552329356,Beta,payments,media,failed
2969,9.893544758807572,5.654137659738461,265,1,91.62341429428737,4.848034881055355,Gamma,database,baja,failed
2970,16.960034222009234,1.3669876649426649,244,1,68.15070158787077,51.547413921770946,Beta,payments,baja,success
2971,10.928392723245153,8.979386216696408,247,6,85.04163844849289,6.059522442519665,Alpha,api,alta,success
2972,13.216945397547883,2.925102929752826,247,0,72.40145832016532,7.744755327701569,Beta,database,alta,success
2973,13.881213822723966,1.3915622046525336,260,1,82.31555278619949,4.715341132317603,Alpha,auth,media,rolled_back
2974,17.14476869739398,1.5782538627531704,240,0,87.8230226992156,15.95213882625103,Alpha,database,alta,success
2975,15.66790904011975,3.159445985335144,254,1,45.50631005393341,22.2174344425252,Beta,api,alta,success
2976,11.836109341480357,2.9472890560933487,243,2,72.63551462834724,8.636235907673836,Beta,auth,alta,success
2977,6.843348773139133,6.513373335497674,234,2,74.09387517222933,58.06117491121617,Gamma,database,media,success
2978,11.682810520215524,5.959406544905404,249,1,80.08737103892365,5.650151375681162,Delta,auth,crítica,success
2979,14.959579209276583,3.567718123395124,244,2,80.3107524906308,35.34409367836533,Alpha,ui,media,success
2980,17.10704092113472,3.2919630124665433,232,3,95.17031319289269,18.23136367130958,Alpha,payments,alta,rolled_back
2981,14.660531268423806,1.4142979169164103,272,3,75.95290028659754,7.520138259977102,Beta,payments,crítica,success
2982,5.909238581620255,5.366317341194433,227,0,79.8454691922885,12.09334271773696,Beta,database,alta,success
2983,12.504892446741461,2.883681253311247,245,0,76.15777117166154,63.11654238100377,Alpha,payments,media,success
2984,7.474471527996554,6.548884096214685,250,0,67.82022107302335,25.717498727404646,Beta,api,media,success
2985,10.090299058334935,3.6106386972726074,244,3,81.77849147369066,17.81483121860533,Beta,payments,baja,success
2986,7.6061088221208655,6.655199977516063,236,0,87.89556982189322,3.733622254036347,Alpha,api,media,success
2987,18.829769465686525,2.5919042367320144,270,1,80.87376296905741,25.844727246945197,Gamma,database,media,success
2988,11.263588161600387,2.9279782348332444,258,3,73.16155668753608,2.6990256147633955,Beta,api,crítica,success
2989,19.445704882800783,4.500486186971158,257,2,82.8658336917098,28.95702360469609,Alpha,payments,crítica,success
2990,5.031811734942257,6.22014251475433,265,2,64.57784774152577,96.57377792390731,Alpha,database,alta,success
2991,8.866170314819753,6.029999006650482,213,4,73.95957218996296,2,Gamma,auth,baja,success
2992,15.181082169243338,3.920660500722131,269,5,75.53906510917795,27.900108843033607,Beta,auth,alta,success
2993,9.870919960035938,3.050311567629521,259,2,93.8471052083898,72.35597276284334,Alpha,auth,media,success
2994,19.94321737095559,6.369461550148625,212,1,59.58662347523899,28.28684934127837,Delta,database,media,success
2995,9.392798337982404,4.807955204868969,229,2,64.1176006000191,38.698973333170116,Delta,payments,media,success
2996,3.3721517261135006,6.203581254460239,282,1,83.53092432485154,18.006896900054393,Alpha,database,baja,success
2997,11.631890012301053,8.94493499010682,250,3,81.51024479598922,14.118529301136732,Beta,auth,baja,success
2998,10.410399532005368,5.280318700046016,230,0,85.96500522432697,3.3038931526243687,Beta,database,media,failed
2999,11.446690789716532,7.770916895463456,251,3,87.11609231476235,4.6860869117081165,Delta,api,baja,success
3000,8.69694000304859,2.6765155320341365,249,6,80.95121576985346,2,Gamma,api,alta,success
3001,9.257353342012664,4.885094852035975,252,4,68.575840404136,18.613276714139264,Delta,api,baja,success
3002,8.829142125668358,4.501929191593953,237,2,82.167659008584,19.08345280486851,Gamma,auth,media,success
3003,10.371983390952508,1.9516757802869402,276,6,70.78398482217077,6.037976771593094,Beta,payments,media,success
3004,7.40531755416408,5.927182068649516,267,0,81.15895546588705,18.202199800794414,Alpha,payments,baja,success
3005,16.46304186218688,2.6247585472169543,245,0,76.84582460037639,4.379075632862879,Gamma,payments,baja,rolled_back
3006,8.482172887319987,5.988128423769904,270,1,68.37893020115024,34.32407985426007,Alpha,payments,alta,success
3007,17.117291750126455,3.4128954334961574,264,3,80.54842180447909,3.6116963513195515,Delta,ui,media,success
3008,6.182890980611359,3.89945270562034,263,1,87.11461015645929,3.561237819492817,Beta,ui,media,success
3009,15.368915076774082,4.243366375494759,260,1,79.4234155486243,32.092098086064155,Beta,auth,alta,success
3010,9.58713996874907,2.073590723585397,244,1,64.95260563148499,20.097964390104107,Beta,auth,media,success
3011,12.526220109370154,7.092993824573485,249,1,82.02391403104713,48.995817167530646,Delta,api,media,success
3012,15.057778226718344,3.990299701465875,249,2,81.8038168249198,9.193510472774506,Gamma,auth,alta,failed
3013,8.331459333632303,6.78744308547848,254,2,89.64441364752345,48.753868413935294,Alpha,payments,crítica,success
3014,12.94957806057188,4.634739567701168,244,3,68.60918363529413,10.972789138555527,Beta,ui,media,success
3015,11.821243733551762,4.654731872874189,252,5,87.09393443888726,2,Alpha,database,alta,success
3016,7.525798785750069,2.7206826803188493,231,1,67.09194558582584,3.051882939520041,Delta,ui,media,success
3017,14.306820091296025,6.10375476250355,275,6,87.07164845765111,2,Gamma,api,crítica,success
3018,2.7930311598246202,5.111942579326585,242,3,75.15410539248728,7.147896006703377,Beta,api,media,success
3019,18.176045536757943,4.0738513915124965,275,3,55.8873671753014,24.225273526196773,Delta,payments,baja,success
3020,16.785284955877827,6.574581158377454,229,0,64.57385957671707,32.02339540321141,Delta,api,baja,success
3021,11.193292480541642,5.754321477346147,253,2,68.43598450190407,2,Beta,api,media,success
3022,10.270913680589477,5.125687365211303,245,0,57.49638313375587,78.14146023585435,Alpha,payments,media,success
3023,13.387794575561198,5.037458020871355,270,2,87.75111974438269,16.241836354136467,Alpha,payments,media,success
3024,10.058488264882998,7.268910885576913,262,1,65.27804461325321,45.12622971631108,Beta,api,media,failed
3025,11.218775679060975,4.7833297326457185,247,2,59.43980010401944,35.11392513738549,Beta,auth,baja,success
3026,12.919189646863352,9.048437072410014,260,2,77.97751048109751,2,Delta,payments,media,success
3027,11.621384967852604,5.926714555912003,267,1,72.70309566862312,57.95045827709532,Beta,api,baja,success
3028,18.840798161940654,4.562597100090485,235,2,86.83137386003098,35.04453913607937,Gamma,auth,media,success
3029,10.657003996315286,7.2271898635267835,257,4,72.7868275671093,42.82971375405724,Beta,database,baja,success
3030,8.498700702658626,2.0927431764160267,255,3,85.65676404093341,138.77747117666476,Gamma,api,crítica,success
3031,7.469782033146078,7.479683172238155,255,2,75.1880212607786,17.955997242515377,Gamma,payments,media,success
3032,9.73591746907324,1.0122292039541487,270,0,76.54638091991696,38.32284034715663,Gamma,payments,crítica,failed
3033,8.10246238748511,6.919103046802576,221,4,86.35881328772624,21.583671881740383,Gamma,payments,alta,success
3034,15.780329363385055,7.587160817731449,265,1,68.6043993482191,17.625394641344837,Delta,payments,media,success
3035,12.990964421200085,1.650367874318515,243,1,53.094232570089325,6.400603704675419,Delta,api,alta,success
3036,11.581301518270173,4.31423735423615,251,5,77.02186666990632,8.88965355232358,Beta,database,media,success
3037,12.111046719614853,2.943656792598748,253,2,71.53976936615949,2.3515880182385445,Delta,ui,baja,success
3038,8.370894070637823,5.046816024893747,267,1,93.02040275906688,20.01177057523041,Alpha,database,alta,success
3039,21.403735008103183,3.545142281439532,283,2,91.18438551095285,12.723154719918966,Alpha,auth,baja,success
3040,15.23507889792418,3.9927725445172584,242,2,82.54251441108153,35.21354703403531,Beta,api,media,success
3041,15.136561675386805,3.1629056475098585,244,2,80.55886288079655,10.859969235956669,Delta,ui,alta,success
3042,12.68094596318133,7.010135869482589,231,2,75.57683937527192,2.6624352910563474,Beta,auth,media,success
3043,12.636790606123073,6.627722830799053,245,0,55.359620600811695,51.84168822760907,Beta,payments,media,success
3044,14.712072401653483,6.028759608735114,239,2,69.80711576502885,5.042777471244335,Beta,payments,media,success
3045,13.737487998338604,5.404017417261431,239,2,81.73490835373919,5.194799266755581,Gamma,payments,baja,success
3046,15.12221772092305,5.722901235289781,264,1,74.40789453727372,14.050736010074615,Beta,payments,baja,success
3047,10.221728966182603,4.376651688461088,237,3,60.84327247285808,30.57786147940665,Beta,database,baja,success
3048,17.08606564738201,9.62963371920295,267,4,76.2377919983276,2.198385179042816,Alpha,auth,baja,rolled_back
3049,6.106431090004931,5.205743788422346,266,1,69.91048554317493,15.483457056204532,Gamma,api,alta,success
3050,19.304041892573956,6.256409610244233,242,2,80.83459184588754,43.44158010531336,Delta,payments,crítica,success
3051,11.671357823127124,6.436447039103096,201,2,88.40607279183207,9.022160802036524,Alpha,api,baja,success
3052,12.828264628682897,6.621977096142931,232,2,73.02405994285179,16.436653900891542,Beta,auth,baja,failed
3053,11.767364017029736,7.63467807955902,243,0,76.13222309099278,36.86778831428132,Beta,ui,baja,success
3054,8.627791962183181,4.473727914360566,247,1,70.27140530364314,2.9241387443114117,Delta,ui,alta,success
3055,10.134050881843931,1.2546612920817641,256,1,92.10374592483265,42.95400595463334,Delta,ui,media,failed
3056,18.06579611637997,9.466037559000188,259,0,56.0485561751961,27.42821811038762,Beta,api,crítica,success
3057,20.29584557851823,4.327647822738795,230,3,75.69422698388156,6.693437274545431,Beta,api,alta,rolled_back
3058,7.7730129402914345,4.483412603089692,273,1,82.32846115604386,135.31059800771945,Beta,auth,alta,success
3059,13.420995179573413,8.059693509812394,236,1,73.84313113785477,60.294904356146205,Alpha,api,baja,success
3060,9.849493294738993,5.954703589831876,269,0,83.23322594324767,40.25235608549076,Alpha,payments,baja,success
3061,12.361265463433439,2.575458201677303,259,6,78.49545961959456,3.1275017005966745,Gamma,api,media,success
3062,13.39415313841035,5.535724483589503,236,1,77.82221735588088,4.724359135210797,Gamma,api,baja,success
3063,9.92992401960062,1.9489585890602972,245,2,75.29366445291274,30.84845217961579,Beta,payments,baja,success
3064,13.14920520966107,4.545272092896598,253,0,70.74803583776186,71.0635943555161,Beta,auth,media,failed
3065,18.672299987383333,0.6552419560201175,274,0,73.35641077842,6.542570181190968,Beta,ui,crítica,success
3066,7.676253101654119,5.927638916987478,253,1,71.14449586753453,53.18626029486981,Delta,api,baja,success
3067,10.408595581510506,1.8041288226690262,244,3,66.65399650359204,8.683946561068296,Alpha,payments,baja,failed
3068,13.188835265773621,2.581365851994274,270,2,67.8772546961501,34.32491967072359,Alpha,auth,media,success
3069,13.49371623706576,1.2443695635297587,246,1,88.95919694963015,18.920858479028038,Gamma,auth,baja,success
3070,12.270337926172074,6.3184696132368625,254,0,68.50235175235058,34.82836658292315,Beta,database,crítica,success
3071,13.386536121978782,2.6213255054469733,264,2,61.354286541379324,11.250986876967676,Alpha,database,media,success
3072,11.341714508797654,1.8598046780302937,254,2,89.22993875181572,16.136039916425943,Gamma,api,baja,success
3073,12.759931226343083,0.5,239,1,73.91355957841073,29.90080486882239,Alpha,ui,media,success
3074,11.725205459444268,7.6146646148895805,221,1,57.72626828658184,8.233887508515673,Gamma,payments,alta,success
3075,15.665800830777062,4.14757184772665,275,2,100,74.03017335399184,Beta,ui,baja,success
3076,14.842198459048483,2.7374708103364256,257,3,72.20740790502298,4.913758735176218,Beta,ui,baja,rolled_back
3077,11.923641255496783,3.543141733312507,270,2,58.69530304878779,37.872893803400835,Gamma,auth,alta,success
3078,17.25250749231242,1.506433507003449,261,2,72.16399946830008,2,Beta,auth,baja,success
3079,12.681544623218025,7.913821301496679,252,2,100,10.748859029263258,Delta,payments,baja,success
3080,14.315266422135151,4.024445714772966,239,2,66.08726853619228,2,Delta,auth,baja,success
3081,12.91161949999066,3.845416227119615,251,2,64.90810665548584,52.30237437477917,Alpha,ui,media,success
3082,9.550160537610733,6.5135413979956285,240,0,77.2602704280563,2,Gamma,database,media,success
3083,14.936120532122494,6.961805809026101,234,4,74.11573733791799,26.443001321440036,Beta,auth,media,success
3084,NA,6.466866653116686,243,3,77.21971138575161,9.258438237011433,Beta,auth,media,success
3085,8.125820640917736,3.281731990648292,242,2,63.73810717655613,13.709224674850702,Gamma,payments,media,success
3086,14.51050587620116,1.8658308449601502,266,2,80.55906079280302,27.501613116746242,Beta,auth,alta,success
3087,16.96111051752577,3.44715640509877,248,2,82.2261920755652,2.936135306954384,Alpha,ui,media,success
3088,5.972387771478803,4.6447636983451925,229,1,73.19560782048215,18.33597868580132,Beta,ui,media,success
3089,16.730387574851555,4.286305824584274,278,4,89.17381501243234,63.582895380214126,Alpha,auth,baja,success
3090,6.663245762548664,6.83806209263758,262,2,67.14096624134206,37.83301283217488,Alpha,auth,media,success
3091,9.614718823937148,6.302599914006711,259,2,75.2190215077496,2,Alpha,auth,media,success
3092,6.682031339854477,4.109653038890423,226,2,72.18330730652028,14.568325158208609,Gamma,ui,media,success
3093,11.27154632553114,5.845043496372661,220,0,74.53123256482637,19.63553804130978,Delta,ui,alta,failed
3094,12.196554178549311,4.967763076285438,248,1,81.88829043596976,6.5712751261889935,Alpha,auth,crítica,failed
3095,13.648305726453646,5.038733719580055,262,2,82.58583022340636,2,Alpha,ui,alta,success
3096,10.310585814459603,5.508500916010083,235,2,54.49044278141504,21.96893736619263,Gamma,auth,crítica,success
3097,11.921385361062134,8.362126826386438,264,1,83.4054951428381,3.2164216761588893,Delta,database,crítica,failed
3098,13.212065701335353,4.627652201044783,230,0,67.45764425915027,12.296242744060793,Gamma,ui,baja,success
3099,8.110310626179654,3.690266746714588,253,0,81.72909582899999,7.5607741802025705,Delta,database,media,success
3100,9.195379785533648,2.107702358925642,267,1,69.66959252889522,40.98008461094914,Alpha,auth,crítica,success
3101,17.513727602428368,4.943603641054705,265,1,83.78794200623318,2,Alpha,api,baja,failed
3102,1,8.76194682347413,239,3,72.68096687873083,7.973248701542616,Alpha,api,baja,success
3103,15.823346252077634,5.766271949742796,277,2,72.95648272246981,2,Alpha,auth,baja,success
3104,16.24013693968209,4.4462312122497485,235,3,59.076696007558915,90.61892272027876,Delta,ui,baja,success
3105,17.40384226399425,7.337947648773001,239,3,79.94857946161707,5.7235596142709255,Delta,auth,media,rolled_back
3106,NA,1.8778532146188924,255,3,59.77468360238214,2,Gamma,ui,media,failed
3107,15.35994792074931,2.2327956470923875,219,2,87.26386523164501,8.72764153406024,Delta,ui,baja,failed
3108,12.861757030913736,8.136626230614702,260,1,83.23475782961133,3.6645139229882933,Alpha,database,media,success
3109,9.44809119216702,4.7634228635680635,256,1,92.36415204218821,45.548470122585876,Gamma,database,media,success
3110,14.211391928202756,7.028292742316733,262,3,71.69713866239982,6.660334289073944,Delta,ui,alta,failed
3111,13.481403299963006,4.976184111676726,243,2,52.1077632560783,12.922068390995264,Delta,ui,media,failed
3112,10.44390492987138,6.982411757900029,269,2,100,20.260316623125405,Beta,auth,crítica,rolled_back
3113,10.15962860547502,10.13847333616522,277,2,71.268863654720775,14.731152433902025,Beta,api,media,success
3114,10.93645522645092,7.485371450501384,254,5,80.6216903858766,52.70031036134091,Gamma,ui,media,success
3115,14.005765453286276,2.7932100981802463,250,0,74.13294225956935,38.70022666252671,Beta,payments,baja,rolled_back
3116,11.790588692041544,4.119205191824461,236,0,59.78792984019822,25.894515952949817,Gamma,payments,media,success
3117,6.591314626122915,3.385250245424947,257,2,70.4706699425225,16.57141748070717,Delta,api,baja,success
3118,13.23431412042285,3.4307055181045216,242,1,68.11080333640793,68.36760288073656,Beta,database,baja,success
3119,10.532014384745395,6.881854809098281,248,3,65.64374705783086,79.89450591399309,Beta,payments,baja,success
3120,15.04326102611313,5.633119706025575,246,4,70.49978027553968,6.401632614433765,Beta,payments,alta,success
3121,7.164886834088759,8.082161004379651,230,2,95.43975493284015,18.962576999252132,Beta,ui,baja,success
3122,4.365773071904881,7.0153416388144665,266,1,78.98912008083119,3.501906171441078,Beta,ui,media,failed
3123,10.009002455900518,3.930447019295497,248,0,72.83335202076543,50.83575766556919,Delta,ui,media,success
3124,9.451821957478614,5.931771377263607,242,3,77.39079093667203,3.668792422860861,Alpha,database,baja,success
3125,14.704927728121955,8.017291321499364,251,1,69.91580039968086,2,Alpha,payments,baja,success
3126,4.522355878968011,5.290937658436702,246,2,74.84061877337174,12.932001493871212,Gamma,payments,media,failed
3127,7.725790054976576,4.247612422926881,231,2,70.10659654865687,34.32134823294089,Delta,api,crítica,success
3128,11.495978336262576,2.868609980829063,243,1,86.71034343185629,16.38696724176407,Beta,payments,alta,success
3129,9.054862326285338,6.927522254694365,237,2,76.5932173127152,26.0846659995579,Alpha,payments,media,failed
3130,11.235032763262046,7.465010258810304,250,1,91.34335855069357,2,Alpha,api,media,success
3131,7.206798946461191,4.685694673497099,245,2,65.08361678119043,63.097756993726165,Gamma,payments,alta,success
3132,8.702981525975693,5.867234430651471,251,2,81.67725251787095,18.914744718854717,Alpha,api,baja,success
3133,8.321869315301727,6.292115184119769,255,5,90.47163610241991,2.5528023317456245,Alpha,database,media,success
3134,5.02452662511239,3.0043956239947964,238,4,80.67192834269704,44.381898409702316,Gamma,ui,baja,success
3135,13.532149697047071,8.180673109910353,241,1,65.65917265769116,13.775903329253197,Beta,ui,alta,success
3136,9.835722306950618,2.1144592279238696,261,3,63.6997164649913,4.118228856010995,Beta,database,baja,success
3137,9.776235608660617,5.863304696802086,240,2,73.46656240521587,5.490979447960854,Beta,database,crítica,success
3138,16.435834125110055,6.131460663590121,262,1,72.50512322288627,9.317272581160069,Delta,auth,media,rolled_back
3139,14.670974379347063,5.874489041326568,237,1,60.69276658919203,32.632409377878005,Gamma,api,media,success
3140,9.22528385455207,5.217695586866323,263,1,80.73114559472657,2,Delta,database,media,success
3141,15.519971218847926,5.189771071370698,232,2,68.41793186322053,30.835957131271655,Beta,api,baja,success
3142,10.484106571245919,3.5044235658298932,234,4,93.36349321702247,7.18371244892478,Alpha,api,baja,success
3143,10.275005469585157,4.309781089596947,257,2,70.61299051839777,63.744800311282546,Alpha,auth,baja,success
3144,12.665778798728065,4.631692249367946,258,2,56.13233579331859,22.429182222138234,Alpha,payments,baja,success
3145,12.56207841866717,0.5,246,1,57.16882304586704,5.0059614704533075,Alpha,auth,crítica,success
3146,11.569814909379788,5.607517810432686,255,0,55.528088399355724,18.398495278244308,Alpha,api,media,success
3147,10.992049562753923,5.514437609906872,233,2,80.47335651046828,11.279701307415962,Alpha,database,media,success
3148,13.600081537789439,3.7593815598204,216,1,69.9519451586048,72.95142280652162,Alpha,api,media,success
3149,15.976680921168537,7.4870587984395485,253,2,84.8338648151646,9.425356965512037,Gamma,auth,alta,success
3150,10.424505640179618,2.188810062817028,234,2,70.11208510216129,19.774415752773574,Beta,auth,alta,success
3151,17.807049101521045,4.782809583853074,246,2,85.76441611649594,15.214709479361773,Beta,api,media,rolled_back
3152,8.660011481705418,7.644476200084972,258,2,75.49932899270212,3.3509407863020897,Delta,payments,alta,failed
3153,20.005828613398414,7.1879011980334795,231,2,50.058341896602016,2,Alpha,api,baja,success
3154,15.281172096075894,10.317710253845028,258,1,83.44939479661898,10.673391468822956,Alpha,auth,crítica,success
3155,10.55389856728502,6.864163365787387,259,3,70.45939003911715,72.16837957465218,Alpha,ui,baja,success
3156,3.4973927203998816,5.00085870759223,256,3,74.47736641632225,15.544430047273636,Gamma,ui,baja,success
3157,10.407802212474959,3.0409652514934375,283,2,81.98364911265091,7.249982913797346,Alpha,ui,alta,success
3158,10.609608307237325,8.200486132507141,229,0,77.14997637891325,23.87228673774584,Beta,payments,baja,success
3159,17.77980923533333,2.8821588230984587,236,1,57.19589661496657,19.976368493412995,Delta,database,media,success
3160,13.504944295595191,4.904809536201242,216,0,41.14934449938446,2,Beta,ui,media,success
3161,4.715537871702098,5.480829661369426,201,1,84.82083102623874,41.601293964157684,Beta,database,crítica,success
3162,13.090749084461912,5.0055846190068864,252,1,51.09716058626164,6.785778008401394,Gamma,auth,media,success
3163,8.22876906200698,5.292853575346587,244,0,71.90206146695141,52.5088034476326,Gamma,payments,alta,success
3164,5.19642759107444,5.865691781724067,232,0,78.81050723098643,26.654718003158862,Alpha,api,media,rolled_back
3165,15.6761470529172,5.269529021963556,246,4,66.77017510771556,15.037736982107162,Alpha,database,alta,success
3166,14.406822863001363,3.9645815123104127,235,1,55.3404204196417,50.04942883248654,Alpha,api,baja,success
3167,10.399909103110634,1.853737764938423,239,1,87.21606704082171,20.247461802249244,Beta,api,baja,success
3168,17.749886722114958,4.922574938601112,261,4,73.10740087911397,11.870749477297068,Delta,api,media,success
3169,10.751178518946157,5.826873750226341,272,2,79.71277102096101,2,Beta,api,alta,failed
3170,5.258462421138325,5.30317707824723,273,3,71.76250470179015,52.40024786730052,Alpha,ui,baja,success
3171,15.643808364289972,7.4904062573201164,257,2,68.19586816024895,2,Beta,payments,baja,success
3172,9.29999668569382,7.809504664848648,239,4,96.5852747055884,38.769613353381736,Beta,ui,media,success
3173,12.549246266591844,3.3811118871117727,264,2,71.97371834905562,70.6813436110222,Alpha,payments,baja,success
3174,8.307032810055167,6.829592778014124,267,2,88.6185574227225,21.353767040135477,Delta,database,media,success
3175,6.782161005041287,3.730193572886862,229,2,78.70606182122687,2,Delta,api,baja,success
3176,13.765730501098144,7.660680206115544,241,1,69.99288147369178,5.550067752599716,Gamma,database,baja,failed
3177,8.405251877493935,6.775131402341671,258,2,77.98299434874163,12.518621116876602,Gamma,database,media,success
3178,9.83371160099611,4.100534240414503,270,4,56.15936425679733,11.80104012787342,Gamma,database,media,success
3179,14.896327612247038,1.2016253606280807,249,0,90.64223581678024,15.542795218527317,Beta,api,media,success
3180,1.7504846928832762,8.170545161226395,266,2,78.17177601598544,42.207149190601925,Alpha,database,baja,success
3181,8.251129301899281,4.769743831599898,259,2,57.896857341483084,60.98141173715916,Alpha,payments,baja,success
3182,18.11824259294557,3.8130460131339583,262,2,85.5198971680219,4.848676912486553,Beta,payments,media,success
3183,11.978455447642808,3.786781665540581,252,1,81.23475009187044,76.06352036788103,Beta,payments,baja,success
3184,5.2672652385593635,8.312814140997034,258,0,75.58451905973526,8.181432265788317,Delta,api,media,success
3185,11.802324879900274,10.678012835548618,247,5,79.12825112264139,18.766128212823435,Alpha,api,media,success
3186,12.181972435791087,6.077335821818363,254,2,89.61959652298121,3.4164013490080833,Gamma,payments,crítica,success
3187,8.896518868792135,4.08279564632515,267,1,74.78257232481597,2.873011124365709,Alpha,database,alta,success
3188,9.258647575032384,7.35924698320721,259,0,64.82236280729182,31.853989942853744,Gamma,api,media,success
3189,11.84390066258408,6.218083517176485,237,1,63.79957308517997,102.81685682526285,Alpha,auth,alta,success
3190,15.35897148136994,6.452160910205848,267,2,67.81989897739857,52.54538266058293,Gamma,database,baja,success
3191,NA,6.053231413876303,229,2,79.16133757723487,3.0657104328274727,Beta,payments,media,success
3192,14.864913104645671,5.036298233203533,235,3,70.05591841831162,13.093800779432058,Delta,api,media,success
3193,4.5301373881691624,9.047072101116843,255,3,68.54612116347806,2,Alpha,auth,baja,success
3194,19.963426878831136,4.7579069606585565,227,3,69.46507546959461,5.697044804692268,Delta,ui,baja,success
3195,15.084345983440034,7.5764866420155155,251,1,55.123854917211425,18.22612354058533,Gamma,ui,baja,failed
3196,9.509607567950269,5.192169334072986,257,1,64.13793585908493,9.747102297842503,Alpha,ui,baja,success
3197,11.58562179856361,8.812249740466099,245,2,74.08592614594325,49.07275874711095,Delta,auth,baja,success
3198,7.069846717680789,2.449112744398549,215,2,90.0970689762811,26.657762139928764,Alpha,database,baja,success
3199,8.268368548907043,5.586670264373356,232,3,87.33006696270168,2.7633052691817284,Gamma,payments,baja,success
3200,13.19007405810588,7.230623897534162,245,1,69.28759797145757,36.48409120536862,Gamma,payments,media,success
3201,3.74189615820454,5.430842216037222,257,1,52.58552827747251,12.232429426163435,Alpha,auth,alta,rolled_back
3202,14.7089968899642,5.384846025877657,235,0,77.26360605682915,24.954915447480662,Beta,ui,alta,success
3203,15.34553223165748,4.962334107936591,250,0,77.91236475171857,19.370545527820877,Delta,payments,alta,success
3204,12.488975505961683,7.156322981052126,228,2,62.50904838813585,16.933886914437107,Beta,auth,media,success
3205,8.847001451241649,8.516430857054191,291,0,74.72500418402413,36.60572084801836,Delta,api,baja,success
3206,14.534548062555643,3.5662472104599896,217,3,64.82179000251831,4.267992346451866,Beta,payments,baja,success
3207,11.18682600727745,6.122788238664694,254,4,54.529840908630305,57.19462246890393,Alpha,api,alta,rolled_back
3208,19.103100050343965,9.251328914957806,284,4,96.81900190305379,17.144606397702297,Alpha,auth,baja,rolled_back
3209,14.013416598711544,3.235876471739771,265,0,74.79691795987162,24.200868486349876,Delta,api,alta,success
3210,19.43978277479115,6.296244031816105,256,2,70.22251729858043,28.081706262116725,Gamma,auth,crítica,success
3211,9.562027817718796,5.6790093650990165,246,1,47.629092574406165,20.731662287299923,Alpha,auth,media,success
3212,16.612221289951083,7.142228960631452,231,0,58.68768491522387,2,Delta,payments,baja,success
3213,15.877396629033528,3.603902388428003,224,3,74.0610576164695,6.671240732073784,Beta,database,alta,success
3214,14.54921262829706,5.7176733215310325,273,0,80.72445491353945,7.6046718545258045,Beta,auth,crítica,failed
3215,19.08867077003402,2.651673765456869,239,1,72.21868078828749,7.805896823711989,Alpha,api,crítica,failed
3216,16.713242258488044,4.406572451432086,236,2,68.231564436477,20.8703443844965,Beta,api,media,failed
3217,16.402810544645362,4.8338375270433644,284,3,51.4607245603257,16.75197551685639,Delta,auth,media,rolled_back
3218,17.507792303419,1.9329651829222394,257,4,65.32352581970592,2,Gamma,payments,baja,success
3219,9.130938506200426,7.827895705204703,221,1,73.69686638188178,11.377951171249151,Beta,payments,media,success
3220,14.75405095031178,4.563468963831367,253,1,76.38741530224723,3.8184772143308243,Beta,ui,baja,success
3221,17.072405827136464,4.6838473968829195,260,2,80.48285065280207,5.42116436484941,Gamma,auth,alta,failed
3222,4.511644886222325,3.9927890714056637,246,1,79.5283780535254,16.807206629698566,Delta,api,baja,failed
3223,16.99233179250756,5.052187256922851,240,0,62.534273176371975,9.773926232010126,Gamma,ui,baja,success
3224,7.69079836222191,4.679193871383916,255,0,86.31955724798206,33.22545571524411,Alpha,ui,baja,success
3225,6.103321733372588,3.477348996088488,245,2,77.91308392116413,5.216072637587786,Beta,api,baja,success
3226,11.58895498862483,2.0742993683686923,245,2,71.1643825127433,9.164692014455795,Alpha,auth,media,rolled_back
3227,5.140535410784758,6.673072217433409,245,1,71.19694597227368,30.734362765138442,Beta,api,alta,success
3228,8.90239345114614,7.177477740874064,278,1,75.08801732525372,4.766272846609354,Alpha,database,media,success
3229,15.39021587155878,5.839157789490398,232,2,92.75019172407622,2,Beta,api,baja,success
3230,12.332940946628135,6.854841488585136,234,2,82.02310954505504,9.178243551403284,Delta,ui,baja,success
3231,17.140339874332938,1.8298034862730108,266,0,78.5882166545318,2,Beta,database,media,success
3232,13.104179671814288,3.581534862193017,209,2,56.28783596471294,2,Delta,database,media,success
3233,5.155429018303634,5.324117667876814,228,4,66.67169134872728,22.746258235459617,Alpha,auth,alta,success
3234,7.4017999138253225,4.4606227987198945,282,3,75.23191386495083,29.64260865647107,Gamma,api,media,success
3235,12.639145278564724,3.5829006579193887,223,1,94.04172272350755,61.46464512939778,Beta,payments,media,success
3236,10.291149252339094,2.859557301396515,266,1,73.8529993378439,2.879795746463344,Beta,payments,baja,success
3237,15.628008815636028,4.569705020402593,247,3,50.64564533126649,41.889477826198146,Alpha,api,alta,success
3238,12.603595851323357,4.994394419087953,241,4,89.0122759855502,28.155986129229362,Beta,ui,baja,success
3239,7.561890946045838,2.5115886705836488,231,3,67.62605794125976,2,Alpha,ui,alta,failed
3240,9.804765075441312,6.385488148780412,245,1,72.39932182109777,33.66162165797768,Delta,auth,media,success
3241,16.07515382000172,3.937184262968488,239,5,57.58329117226009,9.145392302423716,Beta,api,baja,success
3242,8.21835167868717,7.721813100276998,249,2,100,27.206435500567252,Gamma,ui,baja,success
3243,5.99873658769295,2.990456918591183,233,1,88.93557981648576,52.580951344922454,Alpha,ui,baja,failed
3244,14.260656252236693,4.922538872412062,240,1,69.21283557556387,4.258243207313734,Gamma,database,baja,success
3245,12.730955071698977,8.114735965256633,245,3,62.762964197763054,35.71750044621049,Delta,ui,alta,success
3246,8.813087672366697,4.640520230910182,220,3,88.31092191788494,10.209982629865408,Delta,ui,alta,success
3247,11.815254059801886,6.207205716213539,257,3,75.56877117718894,37.82542812622605,Gamma,database,baja,success
3248,12.61450697933892,2.8884738657991926,237,1,75.08348088901435,57.59091572161046,Delta,ui,baja,success
3249,8.933502342526346,6.473038115853692,262,1,75.77024768903901,38.40475259519635,Alpha,auth,media,success
3250,13.459013329354804,5.791543713687673,247,4,84.05331636050957,13.557541765272617,Alpha,api,alta,failed
3251,9.225924121366683,5.99861937736912,235,0,96.28633698690587,40.41907363928376,Beta,payments,baja,failed
3252,10.627375391762433,5.086205676948147,212,1,74.20509266463738,25.30380801010638,Gamma,auth,baja,failed
3253,14.971397351736405,2.71727932198384,240,3,72.43479176918338,2,Delta,ui,baja,success
3254,10.85784916815545,1.4489582284001132,252,3,57.44195062110988,42.371246693014356,Gamma,auth,media,success
3255,5.320465297280957,6.724580563358636,228,1,70.99806263111648,17.26490492123883,Alpha,api,baja,rolled_back
3256,10.942439834178666,7.765180193672538,227,4,76.48996555009037,29.76178673553973,Gamma,api,baja,success
3257,5.2001824148949165,6.617101534428594,264,0,68.89473220678677,2,Beta,payments,baja,success
3258,9.892668745357756,5.036826255987371,249,1,81.84417722836139,37.416608108053786,Alpha,payments,baja,success
3259,9.451936812622174,2.713801673510031,271,3,73.3523862321086,2,Beta,database,alta,success
3260,24.698079137120303,4.377541473666158,229,4,66.79455643950772,50.73124797339764,Gamma,api,alta,failed
3261,13.964822359493905,5.560593823731247,271,1,69.04220649200911,11.571259419351595,Beta,api,alta,success
3262,13.768064634926962,9.579809726710051,269,0,72.53858073678515,40.751995412479026,Gamma,ui,baja,success
3263,NA,4.324314279199816,264,2,88.1300386280746,4.865547314286232,Beta,payments,baja,success
3264,9.883219152327197,6.5965534111314925,256,3,67.0933967103648,7.882018893957138,Beta,ui,baja,success
3265,1.291324580518209,5.41827929243188,256,1,74.09174744408091,28.006859934811885,Alpha,payments,baja,failed
3266,19.250847725188418,2.6571211979370934,240,1,93.51773228650259,24.749491005754113,Beta,api,baja,success
3267,9.934998453286356,6.037219261968129,265,1,85.60976299261155,15.224603097885847,Delta,payments,baja,success
3268,8.551832745058634,3.433225900452766,258,0,74.63584111760748,38.281420209419466,Gamma,ui,media,success
3269,9.480124119623623,6.681823858062913,219,2,94.66280138061046,61.381270182088286,Beta,auth,baja,failed
3270,16.299849847467595,6.599254361877587,249,1,85.84245050700439,19.965843825524143,Beta,ui,baja,success
3271,14.982759416009154,5.298785502363253,250,1,75.14772772246778,2.977599710226059,Delta,database,baja,success
3272,17.28634321420754,5.001094978735816,254,2,92.71371299389307,22.40504357880816,Gamma,ui,media,success
3273,13.117876565229315,5.568681959254605,265,5,73.39653239360962,9.038549032062292,Beta,api,media,success
3274,11.539975017807258,7.183770004133608,246,1,76.03032479892083,18.273094206040195,Gamma,auth,media,success
3275,10.999061649708583,9.257128164068222,226,3,82.34301345462815,2,Gamma,ui,baja,rolled_back
3276,5.7713028011150955,3.2078723241436373,243,2,85.98603171044442,10.977722950279713,Delta,ui,baja,rolled_back
3277,13.03838186137036,3.40794234836115,259,3,89.37861666232233,19.440341729502844,Beta,payments,alta,success
3278,10.650502489839011,8.830316623698547,279,1,94.4635881177905,3.7761767618358135,Alpha,payments,alta,success
3279,10.468139319796249,5.14424809790583,264,1,66.37956524137854,60.01488406653729,Alpha,api,baja,success
3280,16.210769042798127,4.071302772556804,276,2,94.49593185895786,12.387927453964949,Alpha,database,alta,success
3281,16.84485389415517,6.32600414068181,227,4,79.26732196069126,25.64014141905814,Delta,auth,alta,success
3282,21.814779488887325,9.278492663503414,266,1,67.17151931836109,48.68331062592088,Alpha,api,media,success
3283,13.859709347017017,4.264778210168552,246,0,100,16.900799184029392,Beta,api,media,success
3284,11.620600766988012,5.9706503249604435,260,2,73.52411910313594,17.07992820268272,Beta,ui,alta,success
3285,8.3666741033913,6.346135681922641,274,2,61.39349574340852,49.789221031437506,Gamma,auth,alta,success
3286,11.86665358682604,4.735968332552519,248,1,87.77834055621918,14.322689171880484,Alpha,ui,crítica,rolled_back
3287,18.88238898562417,7.698240465709764,283,1,59.376088707152256,7.030064955353737,Alpha,api,baja,success
3288,11.05499350535647,5.319124545416037,271,2,65.61963972265455,8.535243406891823,Beta,auth,baja,success
3289,18.834794565302282,2.9082275913159923,251,1,76.54339013747874,2,Delta,api,media,success
3290,11.108972801817643,6.525795958198541,239,1,69.23816080049559,5.914771949012147,Alpha,auth,baja,success
3291,12.841320732491521,6.786216341970183,276,0,73.99417640582776,11.600906252861023,Alpha,auth,alta,success
3292,21.92368153543554,5.896343140900904,251,2,84.06535039549878,58.05025706882802,Alpha,payments,media,success
3293,12.108659369549729,6.179434697233634,244,2,77.86906045747256,67.97326236559984,Beta,auth,baja,success
3294,6.18917930618583,7.15052228247092,240,1,63.61722803120744,4.189408980309963,Beta,auth,alta,success
3295,9.305428770332213,5.525860313205865,237,3,87.68041972696372,12.415837124113182,Gamma,payments,baja,success
3296,7.772334661078595,4.682976247126789,262,1,82.23082356743934,26.94616884637385,Alpha,auth,media,success
3297,12.359347396432007,1.076544949780255,264,1,91.47149552765951,41.73700573838769,Delta,payments,baja,success
3298,9.710841988693955,6.205769317366995,247,2,83.16267563058099,29.034097220240245,Gamma,api,crítica,success
3299,13.512157754626603,3.7389178564765464,255,3,55.23087250869693,45.06582976676045,Alpha,api,baja,success
3300,18.49528605149495,5.412960639853564,246,3,78.60467736797422,16.427606016397476,Gamma,api,alta,success
3301,8.094825751952952,3.872591165502131,253,2,85.64662053228213,19.14380090557472,Alpha,api,media,success
3302,7.966502009017205,2.195053533386411,240,2,97.08938757932818,4.617972772568464,Beta,payments,crítica,success
3303,10.974401950516938,0.5,250,2,66.52435790689387,65.01147879357663,Alpha,payments,alta,failed
3304,15.531266959648104,5.158525525269513,236,0,56.82659508867573,133.15805589346164,Alpha,auth,baja,success
3305,13.504108494014725,7.4495485275448505,239,3,65.66628946882011,5.170736689120531,Alpha,auth,baja,success
3306,12.417803553814545,4.96575269876422,247,2,65.97083008028086,45.390825299392326,Alpha,auth,baja,rolled_back
3307,18.286997710998264,6.946095238904372,246,1,80.63368623216259,58.0880155086073,Beta,ui,baja,failed
3308,10.92543600724742,8.69168625966496,255,3,72.01022077597403,21.2839046259573,Delta,database,baja,success
3309,19.394087544331125,3.409810552853622,241,0,81.1663597058357,26.907456769531066,Gamma,api,crítica,success
3310,5.957614118951062,4.6732695911825495,245,1,96.46867763016829,13.728879321366549,Beta,auth,baja,success
3311,13.124244914776163,3.8457628650179205,261,1,100,2,Alpha,auth,media,failed
3312,15.617173861280161,4.988811870680568,237,1,80.27976130287418,2,Beta,payments,alta,success
3313,16.554629710511954,3.368251241870227,258,0,80.31818451318898,21.286807358410016,Gamma,ui,media,success
3314,6.19064742523069,3.0266494907580292,224,2,78.83586271334848,7.105529062449932,Gamma,ui,crítica,success
3315,9.49458671383154,4.311445468726202,238,0,66.25296758263714,9.120066817849874,Beta,api,alta,success
3316,4.271697696092371,7.220392017110445,232,1,74.0248381945049,16.055355716496706,Delta,payments,media,success
3317,11.043753638753582,3.5592621129120525,264,1,72.59042952165719,46.194722322593314,Delta,payments,baja,success
3318,9.998913998266158,3.9732149208823087,257,0,97.64684006888066,29.828967287128265,Alpha,payments,baja,success
3319,15.949886921476434,4.160984874938893,265,0,78.27703003668753,69.4847535487601,Delta,database,baja,success
3320,13.661684908969816,2.394422498911607,238,3,66.5776040177041,34.8442361146366,Beta,database,alta,failed
3321,10.815534723390883,3.5154631250881394,251,2,94.38983403015041,2,Beta,auth,media,success
3322,17.448886956982193,3.237636694849501,259,1,72.83754122268317,5.142548542900595,Alpha,database,baja,success
3323,11.422814153125074,2.4248875031364627,244,0,82.77193986663501,5.610995364829796,Gamma,database,baja,failed
3324,17.262911502177907,5.273283206038616,257,2,82.15343848318814,2,Alpha,payments,media,failed
3325,14.66644306578047,4.409914734477876,258,0,83.91442585230507,32.09898490357905,Beta,auth,crítica,success
3326,14.64545510397115,4.079814859541045,265,3,69.55959624390964,4.936594258993864,Delta,payments,media,success
3327,15.626881490323786,7.94252159246348,249,1,84.59137233223626,2.99931781271978,Gamma,payments,alta,failed
3328,9.517602162822449,4.050771388534097,233,2,73.04468371921443,13.25943347811699,Delta,database,baja,success
3329,6.353694852693422,3.978729387069918,241,2,70.88886213260483,3.6068708784878254,Gamma,api,baja,success
3330,15.240977147567964,1.5774212748283558,221,0,73.55352695007505,28.10465497660799,Beta,database,baja,success
3331,6.796007987026543,6.817909562786269,243,4,72.31071453591002,10.169830211961997,Delta,ui,alta,success
3332,8.385552792845633,5.5386888093970645,233,2,59.58209162761729,3.6786109507083893,Gamma,database,media,failed
3333,11.125026141404655,5.174847606545771,261,2,65.42854364093313,12.093647975474596,Alpha,api,alta,success
3334,14.258351988723696,6.1794390697998285,233,1,86.00424730878274,14.566929057240486,Alpha,database,alta,success
3335,14.437025567086328,6.027644341321203,250,1,80.20746521212692,10.084288929060461,Beta,ui,media,success
3336,4.655916524849352,3.412840283805168,216,1,77.13161302904952,28.105815633123214,Delta,auth,alta,success
3337,12.976586438672264,8.021430730756276,245,1,92.03197061386992,28.48661707817038,Alpha,api,baja,success
3338,4.914552664700384,3.992680765402401,233,2,55.328823053672934,83.4093834260359,Beta,api,alta,failed
3339,21.00244107780714,3.549427599019094,261,2,86.38418695717756,52.426415693715484,Beta,payments,baja,success
3340,8.227964584829007,3.514926444739248,244,7,56.051585186582315,11.748860210180283,Alpha,auth,alta,success
3341,18.74755782478478,1.449874072063027,240,0,62.682382949483085,2,Gamma,database,alta,success
3342,10.644752294266574,6.217124311743032,244,1,75.66946054750689,7.710641280393936,Gamma,payments,baja,success
3343,14.482854366088654,3.912813247566502,240,5,71.6957367414312,6.636439818888903,Alpha,api,baja,success
3344,8.789115652570409,6.073078839323364,233,1,84.31700048074725,80.11267214610216,Alpha,database,baja,failed
3345,12.466375532755414,1.6438308015040195,249,1,52.862787281735805,26.76870906997233,Delta,ui,baja,success
3346,14.432269568359125,4.027986883621573,251,3,81.93192231945604,51.704951089576156,Gamma,api,media,success
3347,18.11176734182155,5.454776789259807,251,3,86.07637218689706,40.47421547568856,Gamma,database,baja,failed
3348,9.491696024328437,3.279778490399636,251,2,100,158.60907513485932,Alpha,api,media,failed
3349,5.742933016084069,6.985470460448774,233,2,86.1670919022944,47.65866132390903,Beta,database,media,success
3350,7.09767200470644,0.5,250,0,75.682072142773265,85.90263296159651,Alpha,auth,baja,success
3351,12.503868660456456,4.4224604398818315,260,4,86.01237733961938,4.213329867806974,Gamma,payments,baja,success
3352,13.037323284258415,5.447951556995722,234,3,91.88771030502195,2,Gamma,payments,alta,success
3353,10.898853964669886,2.676607928345063,218,1,80.94964931712342,17.016076258306793,Delta,ui,baja,success
3354,12.199068862038542,3.522545555794273,231,0,67.4692420076666,12.928571999073029,Delta,ui,baja,success
3355,10.757209100197048,2.9192508783049513,277,1,66.74397511121651,14.471308540552855,Gamma,ui,crítica,failed
3356,10.314258208478929,5.328000329710736,230,2,78.20592357391425,2.1666957048498046,Delta,api,baja,rolled_back
3357,20.984831180451486,6.37173301566139,254,2,65.20435863856302,9.044376966276472,Alpha,payments,baja,success
3358,12.346629491969969,3.198343617885336,265,0,64.69323218454797,16.81523609060555,Gamma,api,baja,success
3359,16.894055501902162,7.538275302391215,228,4,82.5715128525169,7.68515732511878,Delta,auth,media,success
3360,22.472931279646822,2.8739699556892266,268,0,66.92243119309153,25.32932071286946,Delta,payments,baja,success
3361,6.698476090984278,6.331023237281025,234,2,69.32367614245959,19.022965269091625,Gamma,auth,crítica,success
3362,11.448964711301366,4.557249934332217,270,0,79.59990104072374,7.330875299870968,Alpha,payments,alta,success
3363,11.989324061978444,5.846129655821074,239,1,86.81758928744766,9.883512118626674,Gamma,ui,baja,rolled_back
3364,16.823637800737544,3.393994864228402,253,2,78.11206393797248,60.19036920066205,Gamma,auth,media,success
3365,10.686203697207908,6.4270083727355924,249,1,65.54862196309301,37.255551649103744,Gamma,database,media,failed
3366,13.25714226923829,6.150544874301893,235,0,77.04961745130039,81.48649602725145,Beta,database,baja,success
3367,12.725861014816141,6.091976756713237,242,1,90.38223546021894,15.131831467151642,Gamma,ui,media,success
3368,13.49913636814716,5.760508556911777,195,2,82.22819634325819,40.51378382540761,Beta,auth,baja,success
3369,9.42989920926965,2.756842979204368,250,0,66.84695775038416,12.215565036982298,Beta,api,baja,success
3370,22.30181327457963,5.431000536620917,245,1,74.13038013594021,13.551564638011698,Beta,auth,alta,success
3371,7.4372379511110305,5.346257699572308,249,0,75.80584459470293,9.436638057231903,Gamma,auth,baja,success
3372,NA,4.915188778733771,254,1,94.65055719415581,38.779600156317336,Alpha,auth,baja,success
3373,13.66497218877003,6.294672497291703,258,2,67.51579921744046,6.852948222309351,Beta,ui,baja,success
3374,13.726122282801958,6.630752768488739,251,1,83.90329231742389,2,Beta,api,media,success
3375,7.3234523758635905,8.879146434028375,264,2,80.89347427602569,2.188357118447424,Gamma,auth,media,success
3376,11.399310434508344,6.6144863046347995,232,4,79.08285113255364,39.2433287639688,Delta,auth,media,rolled_back
3377,6.403511527814586,4.099829042282982,234,1,78.92026039925808,2,Alpha,database,alta,rolled_back
3378,15.669356854732225,4.862798361460595,240,2,84.43434709762514,38.065450417640015,Gamma,payments,alta,success
3379,8.321497817300532,5.136711344899811,262,3,74.37970945956232,10.72964072227478,Alpha,payments,baja,success
3380,7.495225753449447,6.756550265031405,265,0,58.30397706196112,17.132301928382777,Gamma,ui,media,success
3381,11.976659844554401,7.1363567782615505,266,2,88.98946945365302,18.673398054127983,Alpha,api,media,rolled_back
3382,6.975468073675911,5.612623742493386,220,3,76.26512632697408,26.098037972038085,Alpha,api,baja,success
3383,12.85116589610164,5.248310529819418,256,3,97.95815322770572,134.46930729729033,Alpha,database,alta,success
3384,9.77752148212129,4.4355724450983915,267,0,80.00889248820205,17.28939754970225,Beta,auth,baja,success
3385,9.486759643826119,1.7512475386582191,242,1,84.88844231243613,8.096568625420332,Alpha,ui,media,success
3386,5.61999418638393,4.769038573748039,256,2,74.89579713759026,19.454839779918483,Beta,api,baja,success
3387,2.094198021909749,4.998442871767863,240,4,80.02960970269802,9.71876955933735,Alpha,payments,baja,success
3388,16.4411816469874,5.116231766064007,254,2,74.68072962546482,25.87642809647828,Alpha,api,baja,success
3389,19.042070378304093,4.779897588394571,236,1,82.8685132049822,10.891785934567451,Beta,auth,baja,success
3390,17.025998985995773,4.571627345276902,244,1,79.24483522441484,28.45840445805102,Beta,database,baja,success
3391,11.673864407921428,3.3201340519014515,266,2,80.29221209009945,93.8823374608412,Gamma,database,alta,success
3392,12.589086338654203,3.5936128346650245,246,2,78.26487758298838,3.749258704483509,Alpha,database,crítica,success
3393,13.418390238169502,1.4610544026480579,282,3,68.87174478634489,48.22449213064729,Beta,auth,baja,success
3394,10.651435586555873,8.500040872864117,249,5,66.18207099150204,79.70679419829484,Alpha,database,media,success
3395,13.970615806625924,5.869480136411176,257,2,83.80311080308584,19.400294310336403,Delta,payments,media,failed
3396,15.31946717433549,3.5712978040388093,255,2,79.9239129810762,26.263655631586644,Beta,database,crítica,failed
3397,15.790446158412836,4.047959707545501,225,1,59.38479678518422,54.07447553256604,Delta,payments,media,failed
3398,16.6617153378641,6.029463390367598,251,5,85.22195736125998,9.951452289438837,Beta,database,baja,success
3399,10.315334534838284,5.9377892495588585,244,0,71.62437304257493,24.879067785029704,Alpha,database,baja,failed
3400,13.338411025747956,2.525754592883302,234,2,57.52070900795448,4.911524087190628,Alpha,ui,media,success
3401,11.575109380107309,5.897697599983302,234,1,66.58813784796082,22.39918302643805,Delta,auth,media,success
3402,6.851654055127424,4.484816283299549,269,2,62.9427284095528,18.598135380928806,Alpha,ui,baja,success
3403,8.36776055980019,3.5667555552369565,255,6,84.218676780058,2.61796335875988,Alpha,ui,media,failed
3404,10.864257005283996,4.550166348221714,247,0,75.39450819164337,2.6118499115109444,Delta,api,alta,failed
3405,13.066369833596731,5.519924665334697,247,3,93.97444284010061,41.277031926284415,Gamma,auth,baja,success
3406,16.89727723582912,7.588440239024974,236,2,100,10.169539041817188,Delta,database,alta,success
3407,15.286102107302904,1.906491003925189,261,1,83.03558743154494,2,Alpha,payments,baja,success
3408,7.0089328309519345,3.1737414130802097,280,0,81.34903577867519,4.758276269256169,Alpha,ui,baja,failed
3409,14.405100055433454,1.4454392128844464,251,2,87.5076446403211,45.24943627215443,Delta,ui,crítica,success
3410,8.364991135483795,3.9717664561531736,234,2,60.846953872826575,7.801112690930374,Gamma,api,media,success
3411,15.601379550989186,6.666693895397406,258,2,64.30178265866488,7.02060916274786,Beta,ui,alta,success
3412,8.184513944215624,6.976203085840338,243,0,57.99538423884804,8.63748400658369,Beta,database,baja,success
3413,7.036433142348377,7.54021820375326,265,1,58.003640740587976,16.762104748671344,Beta,payments,crítica,failed
3414,12.326200383206894,6.214132891207597,267,0,84.60391159832918,3.1529898941516876,Delta,database,baja,success
3415,8.747692354200936,6.413905125452066,236,2,74.87518622816768,18.525019643443866,Beta,ui,media,rolled_back
3416,16.259138635207258,2.6091466586774867,266,0,77.4548094867231,13.130714647471905,Alpha,database,crítica,success
3417,7.803923126016215,3.902844903034662,274,4,72.76001504704209,9.281079389154911,Delta,ui,baja,success
3418,14.06403730066965,7.562385097153353,244,0,80.57920728754767,2,Alpha,payments,baja,success
3419,15.94298793767345,3.680704588603014,275,1,81.99468616505773,2,Beta,payments,media,failed
3420,NA,5.934580767678433,231,0,85.95586959841424,12.488509073853493,Delta,payments,baja,rolled_back
3421,13.806996913886994,3.9343330249998054,241,2,58.74927864763954,14.368869200348854,Alpha,auth,alta,success
3422,9.625711285076273,4.255308574253581,265,3,100,9.206034779548645,Beta,ui,alta,success
3423,7.454018926991533,3.1607741001415492,245,5,79.0164695042189,66.81468701031703,Gamma,api,baja,success
3424,2.660112874912752,4.468483599544727,261,0,97.32569001805987,4.6827332228422165,Delta,ui,baja,success
3425,8.29361096147646,5.278642676725749,272,1,62.33837340071819,29.13270985979348,Beta,payments,media,success
3426,13.58068640597171,5.475029607616626,250,4,64.35752558541085,4.189242605119944,Alpha,database,media,rolled_back
3427,12.296685602197565,5.527481142980616,244,3,81.90780256614262,4.715660118658226,Beta,auth,alta,success
3428,7.774026665587837,4.941651678242927,275,3,79.0869200095934,10.046229355037212,Beta,ui,alta,success
3429,11.689781985926412,4.77960665374788,263,1,77.14544223649271,17.353093326750795,Alpha,auth,baja,success
3430,2.3358790314937252,7.348142813806673,258,2,78.548533936345,52.30759901995984,Beta,api,media,failed
3431,15.238079513930874,5.072014493584926,242,3,52.74193615748294,8.294289680716581,Alpha,payments,alta,success
3432,8.521000586823023,5.327994911138273,268,4,88.40727537548469,20.430545436837882,Alpha,auth,baja,success
3433,11.499690232625891,7.868930244152961,267,1,76.20534451732654,7.58236565431366,Beta,auth,baja,success
3434,13.644606475138161,3.692101236301257,220,4,70.49124194719832,57.380710645056695,Delta,database,media,success
3435,8.598258779812932,3.223267758120211,231,1,66.91033370193352,31.238536543135936,Alpha,ui,alta,success
3436,17.866204284833614,7.273396308071881,242,2,89.55572439911816,12.684220254421234,Gamma,api,baja,rolled_back
3437,13.227514172838845,10.057878935925345,264,3,57.035718072577794,19.306888482456497,Delta,ui,baja,success
3438,13.718723331200211,5.245815014669841,253,0,77.10110963328808,5.045325580984354,Alpha,auth,media,success
3439,15.241508258991955,7.355520393229575,257,1,49.726764560207684,22.628332789421307,Beta,payments,media,success
3440,15.684691644496796,3.4555632513127748,289,2,69.70685392337626,21.201278171425155,Alpha,database,baja,failed
3441,14.179231532778765,4.045533963344015,248,2,75.75917092524608,44.48683529890595,Beta,ui,media,success
3442,21.478380094212092,7.167913315612065,250,1,84.28283958765847,22.50286491114407,Beta,api,alta,success
3443,9.587622954564356,2.779138230063233,284,2,61.275496091422696,21.450172884079716,Alpha,api,baja,success
3444,18.243358507000003,3.0314073357411284,239,0,60.06256890550908,30.257262310867603,Gamma,auth,media,failed
3445,6.584655408069701,8.7656926228304215,238,3,75.97628181403724,17.78800517219811,Alpha,payments,media,success
3446,9.967981595694631,1.8068900764625075,242,2,87.6092404421294,17.449005871002964,Beta,api,baja,failed
3447,10.086755470324086,6.734587311078742,229,2,76.21196758582995,32.4398058493784,Alpha,payments,media,success
3448,8.40731887107371,7.506056065159719,243,3,93.12823102989066,32.39548136193066,Beta,api,alta,success
3449,12.433098094983457,7.712991287600557,271,1,85.63529129674441,47.290895147095306,Alpha,auth,baja,failed
3450,14.599518250437352,5.228389659055801,256,0,66.15812077956589,16.2026807628572,Gamma,auth,crítica,success
3451,8.718106429031973,5.57049260911327,268,3,83.82991758349175,107.91565319290811,Gamma,payments,media,success
3452,13.439046114230326,5.837617532324592,248,3,88.55314075271002,19.856921483221797,Delta,payments,crítica,success
3453,14.533299713751928,5.829874355765125,245,1,67.21995008363962,7.771104576537742,Delta,ui,crítica,success
3454,12.391263675462142,5.033925712619505,237,1,72.62751565508111,33.76405779680391,Delta,payments,crítica,success
3455,8.79526497620003,3.9410453350008794,268,3,64.27910069474731,8.898713450878859,Alpha,payments,crítica,failed
3456,7.590827386530682,5.54299411148375,253,1,88.95435673508283,7.5704878605902195,Beta,payments,baja,success
3457,8.593371949710637,6.838633765947016,255,1,79.91165876476754,35.62587702347295,Alpha,ui,media,success
3458,14.077672692192007,5.60191983298515,263,0,64.22778948076773,31.574822856967742,Delta,payments,alta,success
3459,19.129262453182918,5.143366683923405,259,3,81.04826506010085,4.660647745044338,Alpha,ui,media,success
3460,9.599891959135277,5.003612382709583,231,2,93.12561076384154,11.07218130233495,Beta,api,media,success
3461,17.888115274888303,2.2796792542376396,224,0,60.91283463113525,21.321927651484003,Beta,ui,baja,success
3462,7.8498115516625715,6.797945821992293,271,1,64.31020969484965,8.39964732963829,Delta,database,media,success
3463,9.714202624845205,5.630794946036746,266,4,60.44069731977097,3.8723427392542362,Delta,ui,baja,success
3464,11.69284355826039,5.93962127165803,240,0,73.82463174421557,23.46277168555136,Alpha,ui,media,success
3465,10.280110478103111,5.612407839425711,247,0,70.12502128096781,22.621700919156364,Alpha,auth,baja,failed
3466,12.713380606358168,5.217873769109375,233,3,78.04526781595918,9.780121451434011,Gamma,api,media,failed
3467,15.339685364668236,6.317788485750226,240,1,65.74721499087737,62.352123182967574,Beta,ui,crítica,success
3468,16.18660302734078,6.791472249338238,248,3,73.72194258979204,13.01690574735403,Alpha,api,baja,success
3469,15.049984151028474,0.5,251,2,66.55924169022457,6.1956070259711,Beta,ui,baja,success
3470,5.977925298801103,6.219157287177292,224,3,89.64132488206906,50.48151348072798,Alpha,database,crítica,success
3471,9.637162353752212,7.306956989447581,242,1,75.53130754975052,52.61588452453938,Beta,ui,media,success
3472,10.586462327648308,4.14968248529438,268,1,90.92701270928782,24.53308351982146,Alpha,ui,baja,success
3473,NA,6.705184032731387,249,1,49.201981719632066,6.719508319477971,Beta,database,media,failed
3474,5.736508860109904,8.115386751969796,256,2,64.66589219568023,2,Gamma,database,media,success
3475,9.288410692595829,7.86034215995185,245,1,80.24120663400478,36.187658740053756,Delta,payments,media,success
3476,14.660863993644124,2.0679322318558553,220,2,52.76106432720151,11.04846253618598,Delta,ui,crítica,failed
3477,15.820980167227962,0.5,246,3,84.16814512878445,18.87199181817459,Delta,payments,media,success
3478,13.164017882694747,5.261106302684252,265,2,79.98296333816788,45.831239638696296,Alpha,ui,baja,success
3479,18.738095938327113,6.031425090720907,258,3,82.01686869791396,85.99829090627577,Alpha,payments,alta,success
3480,2.3433405516842445,5.926404778898585,277,2,74.0378535869023,30.774779184644515,Gamma,database,alta,success
3481,12.919590534482165,6.716529022586444,227,4,74.08129253796896,24.87815905261546,Beta,auth,media,success
3482,11.727821683461634,2.1828456861732586,276,3,61.0791099255679,8.283673217578853,Delta,database,baja,success
3483,7.9930597841104865,3.987716465664711,252,1,84.57290221848457,5.130997124740717,Gamma,api,media,failed
3484,9.759938147634543,6.559508302442296,259,1,83.62120368276548,2,Alpha,payments,alta,success
3485,12.962272108734417,3.354086468194737,265,2,56.481766849984666,12.038987170904875,Alpha,api,baja,success
3486,16.85576605807547,7.156796905094504,245,3,81.66099560216846,2,Beta,ui,crítica,success
3487,13.009433940656105,5.764497400003723,211,5,64.03839434814232,59.97016896005002,Delta,ui,crítica,success
3488,14.609656418769541,9.29929219243403,227,0,78.49471044096542,61.82709417934743,Gamma,database,alta,success
3489,8.284429420159892,5.498415824401132,253,2,84.91467101363347,19.06763051843993,Gamma,auth,media,success
3490,10.221224196373502,5.068621281441565,258,1,78.3799853465441,2,Beta,payments,media,success
3491,11.84263125830493,6.16877946034244,237,6,82.13054790667161,8.134001422735484,Alpha,api,baja,success
3492,12.572320228640837,2.018646500581016,246,0,72.1618636701276,21.88847894120722,Delta,payments,crítica,success
3493,14.116799915507325,7.007510749993596,246,1,78.32409175754323,8.51676793769002,Beta,ui,baja,success
3494,11.257766046727996,6.4222492558475395,232,1,77.53499009570555,22.44095517924761,Delta,payments,baja,success
3495,15.066700234484973,8.917387603813655,253,1,74.35985444244456,34.22508179939805,Gamma,auth,baja,success
3496,13.057292063928397,8.530440705326459,241,0,54.78078081355314,9.327570375055075,Gamma,database,alta,success
3497,6.576710894684791,5.314105342051439,264,1,59.611252276288816,3.513758711001784,Beta,auth,alta,success
3498,13.436286193286767,5.8541938762345005,246,4,58.154893739871376,2,Alpha,ui,media,success
3499,5.1669886422146805,3.796405224629286,270,1,50.0985591936852,5.2511690855026245,Alpha,api,media,success
3500,9.456286890579104,7.935952881194163,277,1,85.8134398134453,4.482639335095882,Alpha,payments,alta,success
3501,13.161733392636268,5.154525098284134,264,0,72.13373049069386,42.66414078868447,Beta,auth,media,success
3502,6.78482306916085,2.83919557319614,227,1,65.80605235930221,11.613883920013905,Delta,database,media,success
3503,11.543597602689305,7.265717286916804,230,2,93.48197859441251,2,Alpha,payments,baja,success
3504,11.628151659905008,7.0940994247690226,253,2,76.65074061333668,21.27268101174145,Beta,database,media,success
3505,11.5097574942105,6.809894571425199,268,2,72.97696128456653,2.419280493013334,Alpha,api,media,failed
3506,8.466756914726151,6.925233955174542,208,1,79.90464152534997,38.443098349342925,Alpha,auth,baja,success
3507,14.40067787760522,6.489008255831912,234,2,76.24575046970675,23.155082791035465,Beta,payments,crítica,success
3508,14.868537462531823,7.071917336516359,254,2,98.14855363362418,9.587827796804953,Beta,payments,baja,success
3509,10.436500870102677,5.472754099360784,253,2,100,45.26209486819325,Beta,payments,crítica,success
3510,13.711570068344773,8.414955875609577,206,0,84.55337010403744,5.203850895166397,Beta,database,baja,success
3511,8.651579062814793,5.816157716697324,232,4,90.64417038849605,34.11603775418816,Beta,auth,baja,success
3512,12.090239470133973,7.41571478027715,254,3,55.66495120779846,20.693718854880554,Alpha,payments,baja,success
3513,15.040243389942823,3.7793173541569347,227,2,60.60465561770461,5.389028853721136,Alpha,ui,baja,success
3514,12.982853328352434,1.9540044479859722,266,2,84.62790284062086,2.2387261167168617,Gamma,ui,media,success
3515,12.565565387406718,5.943142739722957,234,4,68.56150824447911,6.039872355759144,Delta,api,crítica,failed
3516,17.36230930269919,3.5497651928581133,253,1,73.38792553723552,23.536574385052017,Delta,ui,media,success
3517,9.003577450335843,0.5,232,0,97.92316501155945,15.135596863925457,Delta,auth,baja,success
3518,15.106338150277924,5.771779903281874,249,0,74.445855117725,9.209773253649473,Beta,payments,baja,success
3519,12.912726427318843,6.531143837977641,266,4,79.52668101596862,14.671376455575228,Alpha,database,baja,success
3520,9.054398042481818,7.124610764444281,230,4,73.39594731561706,31.232964782906123,Gamma,payments,media,success
3521,11.718290075456054,3.1318254062122515,239,1,92.01605426000948,3.4931344445630277,Beta,auth,baja,success
3522,10.495493641011493,4.4185951464405475,254,2,74.56012183075478,16.87099029768019,Delta,ui,media,success
3523,14.652892274327886,8.526686458165049,242,0,62.62117472333453,13.283753458410501,Beta,database,crítica,success
3524,13.642783535760236,6.156281764170338,228,0,67.29080647789866,16.13114382326603,Beta,auth,crítica,success
3525,4.6726039459291595,4.33795044872004,229,4,96.9930092889305,2,Gamma,payments,crítica,success
3526,18.59369528545082,7.959129600417018,228,5,47.414741028666974,7.134775534272194,Delta,api,alta,success
3527,3.468328262214815,5.56951385084086,274,2,58.09565372805512,24.700415140872295,Gamma,payments,baja,success
3528,14.74802466723346,3.452333852288989,290,1,83.68344399111203,2,Gamma,api,baja,success
3529,9.00495341333923,3.2175143486597317,251,1,75.12269694065272,3.384620424360037,Delta,api,alta,success
3530,16.276451037301356,5.362736868625642,255,2,65.53238503639851,13.164116207510233,Beta,database,media,success
3531,13.587317319538897,6.739101998283405,255,2,61.54933651730444,70.03000255265292,Alpha,payments,baja,success
3532,17.54141303685188,6.2675309667593755,251,1,69.62425382869284,6.07256118580699,Delta,api,crítica,success
3533,11.287679526252427,6.293985686148383,248,3,65.13200342522063,3.5399458798394874,Beta,database,crítica,success
3534,2.280477309955403,3.084796420860784,231,3,94.8618186299874,158.33696896420503,Beta,ui,baja,success
3535,11.071952171763572,6.073938629069457,245,2,82.27154106146146,23.287505484109214,Alpha,database,baja,success
3536,12.423748647701094,6.604995729901358,258,3,78.86852881224222,52.15148480321753,Beta,auth,alta,success
3537,16.870279135935053,1.7494215066683476,234,0,81.84345443368262,15.908631026744843,Beta,payments,media,failed
3538,7.312945602249168,8.874227728189048,264,4,62.05506693110168,2,Alpha,payments,crítica,success
3539,10.934096704419755,6.298916601261291,262,2,59.638276068999396,36.55989239908276,Beta,ui,alta,success
3540,10.181257777690528,5.836684495601151,236,2,99.58056352224708,2,Gamma,api,baja,success
3541,18.019728672589522,4.4373024373723515,256,3,67.04191128262461,8.434622479976568,Gamma,auth,media,success
3542,5.509846639487927,4.06461100507293,235,2,67.7724603091967,5.849222905933857,Alpha,auth,media,failed
3543,16.236219912304186,2.968967824258347,261,0,75.10826067954446,22.40846058190032,Gamma,auth,baja,success
3544,16.627920141716956,4.292768037064154,256,4,78.47042846192655,35.927829934130294,Delta,auth,crítica,rolled_back
3545,11.54416456400281,5.522318122727308,278,2,74.11775095011707,62.164817643121154,Alpha,api,baja,failed
3546,15.420763880427657,3.6375485668583076,278,1,91.86790800061166,5.029912803322077,Alpha,database,baja,success
3547,14.044556368758897,4.036051580137058,261,0,72.24358401975267,10.772719904780388,Beta,auth,baja,success
3548,9.142324059308685,2.28437290535133,243,0,94.2968118406769,29.441809906547363,Gamma,ui,crítica,success
3549,9.220113620661145,3.3200870035600594,268,4,69.53943334350477,51.72889499063817,Alpha,auth,alta,success
3550,3.9099209112101363,6.804630665539145,277,2,89.79966800320561,71.4883426322453,Beta,payments,media,success
3551,18.325841286775855,1.3519970023133947,266,3,79.74343940905439,2.7585638500750065,Beta,auth,baja,success
3552,17.187332783140107,5.000744137899019,271,3,60.258347797929716,16.00519236177206,Beta,api,baja,success
3553,17.081418149491384,3.9546733828034055,237,1,75.21541668536466,8.109721932560205,Alpha,auth,baja,success
3554,11.935688528584729,5.050659933397572,278,0,100,139.1261526265549,Delta,database,baja,failed
3555,9.672948186407194,6.998630887387051,221,0,74.25077709129778,20.367579866451464,Beta,database,alta,success
3556,5.385698135414077,4.352020116620563,273,4,59.45714854719542,16.94989433656623,Alpha,auth,alta,rolled_back
3557,9.702364911106706,4.491612182219406,245,3,81.399579138906,31.533209434633548,Beta,payments,media,success
3558,8.369511648351612,4.222492628203302,259,0,61.940716148959865,5.891574907221305,Beta,api,baja,success
3559,6.5378417343790245,3.8548201594346905,251,1,97.73511036575562,16.2042926363647,Alpha,api,media,success
3560,13.23319970731839,6.188684118967812,263,2,86.65603597018227,17.42541794378071,Beta,auth,baja,rolled_back
3561,10.10948999031014,4.91210992785531,268,2,71.0428148501998,30.081647983675296,Alpha,auth,media,success
3562,13.784888942670767,4.308824447502676,244,2,73.66049122828109,8.780109119407642,Beta,auth,crítica,failed
3563,8.899368916593964,4.664157411104575,265,1,90.1010855470377,29.251632279639537,Beta,database,media,success
3564,20.242750470072544,5.001283601287158,211,3,84.11697105441611,2,Alpha,ui,baja,success
3565,22.341585494088726,7.695576780201605,281,4,100,2.177486383425568,Gamma,database,media,success
3566,17.99922561236118,2.2086371848708115,269,5,81.14003844022118,10.064816672354937,Gamma,database,baja,failed
3567,11.599229568845455,5.269198417389928,239,4,75.46776276965193,3.288573682308197,Alpha,auth,alta,success
3568,14.588743258654148,3.447054085650767,237,2,72.42765502009487,3.828964479267597,Delta,auth,baja,success
3569,6.381640940735291,5.192582965749615,257,1,70.24337581260654,95.51722539457228,Alpha,api,baja,success
3570,6.663529408925553,5.42658241267577,262,0,74.82732141873778,33.482660738597495,Delta,ui,crítica,success
3571,10.213082619789272,6.86067548795851,232,1,83.68777423621343,8.076646819710732,Delta,auth,alta,rolled_back
3572,18.762479442470834,4.424543863395208,251,3,82.45013666713113,34.19648314160574,Delta,auth,alta,success
3573,11.106539417214808,3.454760204730558,247,0,72.35800815170154,6.779965247979541,Delta,database,alta,success
3574,15.693754043215643,7.162738685422209,248,2,64.64103470890177,55.96719149942723,Gamma,auth,crítica,success
3575,11.801897224626185,2.1631637618111186,247,3,87.61043382357599,12.939900130033493,Alpha,payments,alta,failed
3576,10.612436462863197,9.487967717876494,229,0,70.96768252001105,7.835470475256443,Beta,payments,media,success
3577,12.797007678450322,2.0810507866222685,258,4,83.98651655349312,28.107569873292842,Gamma,api,baja,success
3578,11.470688859792475,6.900902487924409,237,2,77.20209174783416,12.602983631193638,Beta,api,media,success
3579,17.816926890795735,8.252850850211125,252,3,59.77403352792895,22.822688988333038,Gamma,auth,alta,success
3580,6.717443306598948,1.3100370896889433,267,0,75.70662461608337,13.034137021153128,Delta,database,baja,success
3581,12.436828653910176,1.696611531207687,211,4,83.16233764880535,40.56469282306252,Beta,ui,media,success
3582,11.898111128316005,7.698470044157524,255,4,100,6.0412470661103725,Beta,api,alta,success
3583,11.459369636278609,3.6504845730663495,240,0,59.46820771338425,24.44566243786126,Gamma,api,media,success
3584,9.437898743475074,5.615295995853566,250,0,82.65611220621635,13.551160868257284,Delta,payments,baja,success
3585,14.86993022296616,13.656182547705818,277,4,89.46929597087978,12.744517788290977,Alpha,database,baja,success
3586,6.092360747917098,4.696078087816595,256,2,70.12483183577348,2.343228232115507,Delta,payments,alta,success
3587,15.016419192652759,5.279026101894424,258,0,81.00682726324564,30.12616313148051,Beta,api,media,success
3588,3.240763300503872,2.0404533270851606,248,2,63.08937718867885,8.289427757346967,Beta,database,media,success
3589,18.2123993908482,6.010303138133887,266,1,76.91213529707757,36.807673712395385,Gamma,auth,baja,success
3590,14.808247995900405,1.7311248955348608,265,1,81.68184866709802,2,Beta,ui,alta,success
3591,12.206095250140958,6.554054170999791,253,2,62.89629000611221,13.991530179977417,Delta,database,alta,success
3592,2.2881051601647044,1.6330077078333676,240,1,100,33.93064771390973,Alpha,payments,baja,rolled_back
3593,11.655717070185924,2.5894492488827674,262,3,90.60194335981154,16.848996349546947,Alpha,auth,media,rolled_back
3594,9.046570216964314,3.2846012411437364,270,0,67.34978018541476,6.82799718528986,Delta,database,media,success
3595,16.67089610541037,6.496847930965078,247,0,90.53161144359478,5.738742113113403,Beta,api,crítica,success
3596,5.469401534988366,7.841250757903105,251,2,68.50309526968242,46.13169742919026,Alpha,ui,media,success
3597,5.547483377036129,7.1747375981246755,256,2,84.22764730609119,71.11563652350542,Delta,payments,alta,success
3598,11.101362592847417,1.9710663427422985,232,5,81.31166649573888,87.11986089738753,Delta,database,alta,success
3599,11.779327398616239,4.317743179180386,261,3,82.4850830233871,39.72277106143056,Delta,ui,alta,success
3600,9.490536172303262,3.7440004600525327,294,3,71.92956041771224,40.78231823242722,Gamma,auth,media,success
3601,11.262602478348914,2.179605757087927,256,2,67.54306530364832,23.206886774783424,Gamma,ui,alta,success
3602,10.947821356329591,4.975479462637307,241,2,90.52232147078054,24.818444402460877,Alpha,payments,alta,success
3603,9.897415034993315,6.5888315478094235,249,2,100,37.999508725921046,Alpha,auth,baja,success
3604,9.299090009047521,5.72352098827213,239,1,49.200458926443524,154.3420482336142,Gamma,api,alta,success
3605,11.37284558133714,8.117080665599627,221,5,76.44745127812548,51.41827721591321,Delta,ui,crítica,success
3606,15.876970966757359,4.962705039200111,283,2,64.76192136126411,5.30053436011076,Alpha,api,media,success
3607,19.453064526009136,4.187464408731673,260,0,77.90273833056808,106.02650758019143,Gamma,ui,media,success
3608,16.075429955354988,5.355690729458665,265,0,76.08841577808799,5.233409789480687,Delta,database,media,rolled_back
3609,12.182767286505989,4.0952050752764535,259,0,87.79274155310623,55.4868320047411,Beta,api,baja,success
3610,7.192833310088971,5.380833469694163,269,1,58.097195764637505,10.296141951049325,Gamma,database,baja,success
3611,15.637416620923778,4.5266904992425925,244,3,82.24112353881387,5.846331438000007,Gamma,ui,baja,success
3612,17.847832882000638,5.251009718254107,276,4,70.75249122054521,11.984278049783764,Beta,ui,crítica,success
3613,11.261492984193179,3.387869152026881,262,1,78.59839802755707,31.891892752533252,Beta,api,baja,success
3614,11.239326926470056,5.460360815619589,251,1,69.42311904476529,5.497397068887949,Alpha,auth,crítica,success
3615,16.97317921065151,7.6464071150140125,249,0,91.36370846500442,11.105323148825258,Gamma,payments,baja,success
3616,12.742349992732601,0.9619323962818065,240,2,64.52589142551201,145.3535123982834,Alpha,database,baja,success
3617,21.08408911714904,3.324699197967618,239,2,89.82351328058692,12.617342591285706,Alpha,api,baja,success
3618,11.79378032044324,5.042324904673416,257,2,84.64175807961223,4.735097838487799,Gamma,database,media,success
3619,5.537804683216613,3.0419149487075106,237,3,72.45048359591627,2.885544402746935,Gamma,auth,media,success
3620,16.231823359788905,6.854798484738636,241,1,64.81081962899178,45.21649150348721,Alpha,api,baja,success
3621,13.447579024727833,4.661063263886799,250,1,78.83980717169666,62.6876673569442,Delta,auth,media,success
3622,10.936493176997933,5.932944690837992,237,1,79.45538518353685,5.858727414160967,Beta,database,baja,rolled_back
3623,6.976874393058547,5.146968125889978,249,2,100,3.1754465994307095,Alpha,api,baja,success
3624,15.505936668689122,1.2430841947206792,267,3,73.13245852934968,11.980226699262857,Beta,ui,crítica,success
3625,14.370538667561942,1.8992280801181902,239,4,80.2874640735138,2,Alpha,payments,alta,success
3626,13.086102723503137,5.5696497723632525,279,4,84.02231691634705,47.092423928747756,Delta,payments,baja,success
3627,18.21309388470589,4.72365285904791,209,2,72.37798157623001,11.754468071406558,Gamma,api,baja,success
3628,7.744772494637828,6.82657193218009,253,0,72.88581635407853,2,Alpha,payments,baja,success
3629,12.827289989386978,6.864352759210785,253,2,79.54252400093382,36.30094993171198,Gamma,auth,crítica,success
3630,11.004266977377737,1.4540788964989737,255,2,100,30.784665494149024,Gamma,auth,alta,success
3631,14.061554695675055,4.7153270952172575,244,3,96.547918580907,9.223612200468779,Gamma,ui,baja,success
3632,13.771143280241608,6.111071929051312,261,2,86.7813996105704,24.333211119956033,Beta,payments,alta,success
3633,11.531533525504019,6.43310961662427,244,2,75.45017078589024,14.9380196146667,Beta,api,media,rolled_back
3634,6.008634109032122,6.507712644317216,268,2,80.44120544119386,3.4484853544625373,Alpha,auth,media,success
3635,12.188802423878082,6.070496917448896,253,0,80.49656692865506,24.363009195113158,Beta,payments,media,failed
3636,17.921031470437605,8.924390720713859,246,1,78.68937449031814,9.291366778314114,Beta,ui,media,success
3637,4.141780150027377,2.137286818991892,227,1,75.37040891961917,6.799525838345289,Delta,payments,alta,failed
3638,9.845777493135728,2.29000815906883,269,3,74.11719336698233,3.819322183728218,Delta,ui,media,failed
3639,14.011146371407838,2.929912199755898,257,2,59.2765902608164,76.8176886995041,Alpha,payments,alta,success
3640,7.626748902184254,6.987373703674571,254,2,78.45456555400696,3.517102683744576,Beta,auth,media,success
3641,7.8958955582722545,8.705583240710848,272,2,55.40978077002558,10.922666184604168,Alpha,auth,media,failed
3642,7.951855425336028,5.053630636024523,243,2,65.75780153464116,6.302570376545191,Gamma,api,media,success
3643,8.869463292169025,3.0955489031073977,244,0,100,11.255125544965267,Beta,payments,media,success
3644,13.438251248228974,2.784262846097355,266,2,72.17216718575334,5.414507523179054,Delta,api,alta,success
3645,19.994480875661438,6.745365821837309,245,3,74.02014483270648,2.387542390155338,Alpha,auth,baja,success
3646,14.215739201701398,5.63289205010517,237,1,82.27660209264143,37.37197476423798,Beta,payments,media,success
3647,8.766786604277947,5.633096111310942,243,0,70.43352579656164,28.40525094318896,Gamma,api,alta,success
3648,9.771926088746605,0.647217246607994,247,2,90.03477020224777,27.97492599815954,Delta,payments,baja,success
3649,7.657585876850259,0.8034358075556876,253,2,69.96079024947069,10.53684077784419,Beta,ui,media,success
3650,9.120823929370681,5.542383482468335,255,1,83.76809729745382,9.434460986405611,Beta,database,baja,success
3651,9.229732626930273,9.073599413001258,229,1,67.46046194030794,19.885588271594422,Alpha,auth,media,success
3652,17.654018818196416,4.932044937387669,244,3,78.6236835224488,3.388482928276062,Beta,ui,baja,success
3653,14.563848756492774,6.241498964027096,247,2,74.81697642993676,2,Beta,auth,baja,success
3654,5.12991717473399,5.437096465524154,244,2,59.19849218004024,5.599300526082516,Gamma,api,alta,success
3655,15.304754379209362,2.057694343229195,246,1,85.43188003977934,10.981173042207956,Alpha,api,alta,success
3656,17.123101233863157,7.466080774441188,240,5,75.07862575289116,13.161491084843874,Alpha,database,baja,success
3657,11.074623181717506,7.563357893772183,232,1,71.13180140176931,24.390184766536052,Alpha,auth,alta,success
3658,17.435309924667486,8.4283404907101,239,1,58.17931939414409,12.257354336721473,Beta,auth,alta,success
3659,13.364956218088574,2.1645132471394426,255,0,65.67186418240087,8.227618793256788,Gamma,ui,baja,success
3660,14.568944724976653,3.335067931254284,255,2,77.6939233178393,3.7625046595931053,Beta,auth,media,success
3661,10.715157128550187,9.661693607116039,261,3,93.4156781824725,8.802550133317709,Beta,payments,media,success
3662,17.760782645401356,1.311580456339286,240,0,66.77770878132146,21.52663961834049,Delta,api,media,success
3663,12.214936484812446,4.131240413673023,285,2,76.89756872382236,2,Delta,payments,baja,success
3664,10.92114574768421,6.4149887555144325,267,2,97.68397134086418,19.293542465607842,Gamma,api,media,failed
3665,13.867025075110108,5.580939169816361,234,3,80.39940494814962,21.653935699646762,Delta,database,media,failed
3666,11.55715451148192,5.587623315435154,239,4,83.52862448974079,4.144525719493324,Alpha,ui,alta,success
3667,10.97573831508368,3.3416727066592973,265,1,90.43702815270099,18.58287056400796,Gamma,ui,media,success
3668,14.904368762962235,6.673746930768241,251,2,73.09509777088657,14.646412357419873,Alpha,api,baja,success
3669,11.196071910928252,2.095561915583529,227,0,68.487259344336607,20.20257742602139,Alpha,api,media,failed
3670,10.309312155154013,3.9057535717844813,281,1,78.04893067196127,5.189559806138277,Delta,ui,baja,success
3671,9.831320977285843,4.551115862219473,262,2,69.9898743529426,16.537650603801012,Beta,api,baja,success
3672,6.439288378235516,3.2147150484387104,238,0,87.32132464066669,15.011999028938295,Beta,auth,media,failed
3673,18.42854164226227,6.766914244262698,267,4,76.06320477137957,9.797706540673971,Gamma,payments,alta,success
3674,9.388647236310206,4.937645934583041,244,3,39.216062042784884,3.54131168100018,Alpha,ui,baja,success
3675,10.478525962822658,6.495765981909809,248,5,88.93793282941304,6.285082004964352,Beta,api,media,success
3676,12.346972146198528,5.280953543388602,258,0,84.628285476923,14.449424989521503,Alpha,database,baja,success
3677,9.403768142749746,4.19038990941118,239,1,46.73909586866185,13.590813394635916,Gamma,payments,crítica,success
3678,3.934037168507732,6.602785301443911,250,1,73.95511901233486,10.855561271309853,Delta,auth,media,success
3679,13.79430955498657,9.044957544835809,246,2,63.362899380315874,50.58829436740814,Alpha,database,media,success
3680,14.093552636768653,6.50187502508467,251,3,64.08094733734859,17.621161109690956,Beta,api,baja,failed
3681,11.015511041337282,6.786855249612772,220,3,79.62931636734015,30.581258452420528,Beta,api,media,failed
3682,9.821817171265936,4.952033099584671,249,0,82.71618793761985,30.27704152364045,Gamma,payments,baja,success
3683,8.785267941028907,7.477678943307028,242,3,85.63837871762867,80.56599139763948,Beta,api,baja,failed
3684,19.817884201895257,5.288632506185098,227,2,80.28433552519573,29.900149649863536,Beta,auth,baja,success
3685,10.812450228418617,5.730222651254595,242,3,54.20592362312499,21.02226137269049,Delta,ui,alta,success
3686,11.858381251159916,5.503204831032866,242,2,100,20.402733228092483,Alpha,api,alta,success
3687,12.428758857874216,4.000824512558591,254,5,67.61440793124758,24.484619507175964,Beta,payments,baja,failed
3688,11.077517873819865,6.298225691730284,235,3,74.52631973482202,74.03511696650621,Gamma,database,baja,success
3689,21.560280162382625,2.0136421559927946,261,2,84.20769517583281,10.848051427382494,Gamma,ui,baja,success
3690,11.953470625069203,4.463999951670116,266,3,72.67794009612355,24.79682381350308,Alpha,database,media,success
3691,7.6437623733656634,2.5630621371673836,253,4,64.5304262119329,18.863130456691078,Alpha,ui,alta,success
3692,13.255076732684307,2.183655614496132,232,3,77.32761673419125,8.564881101250648,Alpha,database,media,success
3693,16.38288561344805,5.65695702734613,233,1,83.02943165971277,2,Delta,auth,baja,success
3694,7.924421593392309,2.159087043454678,248,2,81.0314047412691,29.243192172532375,Delta,api,baja,success
3695,18.683500564152236,4.851590407280042,279,2,99.9355423565653,18.71101677316933,Delta,api,media,failed
3696,13.10073388287365,4.421238153119434,256,3,82.67440960659312,14.327292256057262,Alpha,database,media,success
3697,11.272534401090377,1.97675116850965,280,3,52.799954005833925,19.826827726249984,Beta,auth,media,success
3698,15.469421722888274,1.5276566795302768,248,2,78.59923360232125,16.708073303936388,Alpha,api,alta,success
3699,6.388812375056236,5.943583006979731,225,0,69.87051704228254,3.9492705278098583,Alpha,api,alta,success
3700,17.929205649222673,5.813001263750622,257,1,88.51695255392201,2.374627305001964,Delta,database,media,success
3701,9.63281572535055,4.2380592430690385,240,0,91.59186154324595,4.681984377901829,Gamma,ui,crítica,success
3702,8.459992986102458,3.7264211956456927,233,1,92.87130037441436,2,Alpha,payments,alta,success
3703,NA,2.069384811531199,247,3,75.5755757648791,13.838357795029879,Delta,api,alta,success
3704,12.124149621120704,3.111654832485388,246,1,59.17073217853747,9.24098589643836,Alpha,ui,media,success
3705,8.213938066625703,1.9616403980447026,224,1,79.78049877410578,17.303893132989696,Alpha,payments,baja,success
3706,2.0041188190126586,7.7746809929792775,247,2,72.23252822659862,65.141195428327,Delta,ui,alta,success
3707,12.582846124016013,1.2171573773852589,248,2,65.23948468675964,6.0936739639879605,Beta,database,alta,success
3708,15.434813573749654,2.052659053487625,248,0,89.2880797372986,5.157944854992497,Delta,ui,media,success
3709,11.160246868468269,6.091973446351045,238,0,76.92966370025067,31.482707372789676,Beta,api,baja,success
3710,13.595296083702591,1.6734453704605716,237,0,93.37742496220221,9.55429777590026,Alpha,api,baja,failed
3711,15.04451094479034,7.176101466303287,277,3,87.83218975446597,69.5171163041794,Delta,ui,media,success
3712,8.138373472713258,5.405083976430456,231,3,84.09548198101491,51.9639459723988,Gamma,api,media,success
3713,18.817014078854697,7.91319542494006,259,3,56.18251687224829,38.37444694138585,Delta,ui,baja,success
3714,8.73675263338088,4.845355887901307,243,1,87.78821562166182,10.256039276719093,Delta,payments,baja,success
3715,12.202012738913139,5.6012917389121535,260,2,82.85647444272897,61.60431481595364,Delta,ui,baja,success
3716,19.273338846915465,6.085586455187701,254,1,68.72397347304269,6.885074928402901,Delta,api,media,success
3717,12.934952426973137,5.4820032856391405,262,1,70.70617711418883,2.4721884950995445,Gamma,database,crítica,success
3718,11.884840923303415,5.467590138222597,235,1,89.30845687207365,11.21227053925395,Alpha,payments,crítica,success
3719,7.458568022237241,5.6745166228526,251,3,65.15818337937182,50.05718769938509,Delta,api,alta,success
3720,7.370488756286701,3.9740238892752586,245,3,89.02217179957273,23.93330042825058,Gamma,api,media,success
3721,9.8106363754471,4.443069998198186,218,2,54.05289313356955,33.2559789409092,Delta,auth,baja,success
3722,10.265709136308915,8.362830071286886,231,0,82.86569825302638,13.239346873015165,Beta,auth,media,success
3723,18.64994373533527,5.722122484434176,234,1,76.82912570131978,31.663979641084964,Gamma,auth,baja,success
3724,9.747476594242048,6.330779700037791,251,2,71.54451719798749,44.261898131189994,Alpha,auth,alta,success
3725,7.417791019814549,4.222207578245676,223,2,67.32492608408234,11.1899405233562,Alpha,payments,baja,success
3726,14.837165299556961,6.986421181539145,242,2,99.59323079314689,82.97712456776735,Alpha,ui,media,success
3727,12.640938771536371,6.353425147554168,267,1,84.37711450984376,21.368583886807254,Gamma,api,media,success
3728,12.45341037524595,4.598553780068224,245,2,77.24930592780088,10.841227188706398,Alpha,ui,media,success
3729,17.980854024333937,5.576936391083124,256,1,81.75345689590334,10.729138520613514,Beta,payments,baja,success
3730,16.09294650424456,3.675867553671308,249,0,71.46741476426666,9.829498641192913,Beta,auth,baja,success
3731,16.697846482080596,6.825056688439827,268,0,77.58315740245641,31.196925154810245,Delta,ui,baja,failed
3732,11.021984972276858,4.03431003023759,254,4,63.05195927411649,5.211720453539467,Beta,payments,baja,success
3733,11.332271475976803,6.272750866219603,279,4,68.65553959317897,12.782454259693623,Alpha,auth,alta,success
3734,11.663537983415244,8.099186757387649,250,2,86.34889000264437,22.88081236817726,Alpha,auth,alta,success
3735,8.694006886717085,8.92214880354642,270,2,77.71916811989125,7.234727405011654,Gamma,auth,media,success
3736,7.242012620557268,3.271217195608542,251,1,75.12772640047461,12.96835806593299,Gamma,ui,alta,success
3737,13.5734074439239,3.702390686073112,248,2,93.09427960993465,11.36172529309988,Delta,database,crítica,success
3738,11.276865427388772,6.008321413640774,244,2,85.48020932392797,7.784381423145533,Beta,api,alta,success
3739,12.008753605173514,3.7601735941604364,234,1,70.72378588678268,8.230560209602118,Beta,payments,media,success
3740,16.731069150895458,3.664042637884134,235,2,82.34466438205858,2.4847471640440633,Alpha,ui,baja,success
3741,9.244699845099863,9.025371812081294,271,2,80.81840261878948,51.84360117907849,Alpha,ui,baja,success
3742,19.854434710747633,8.897185757085463,251,0,71.46653021596985,13.340871043503284,Beta,payments,baja,success
3743,10.232358308297657,6.418616852217539,251,1,75.18820653070739,26.749482705180938,Delta,payments,baja,success
3744,15.124031800255162,7.772782979253215,273,3,85.34442222688628,7.22778632864356,Alpha,api,alta,success
3745,7.462530071605897,3.704581286898117,280,4,64.05876999585858,60.432506602958114,Alpha,payments,baja,failed
3746,13.092165557875742,5.063714326432877,247,0,79.13059662778801,7.021131784593724,Gamma,auth,baja,success
3747,8.94517376644023,6.84751089115361,229,2,54.06145678841164,16.87579735267668,Delta,database,media,success
3748,9.049568064042944,7.516320826032381,239,1,58.514744400872644,33.247448800986106,Beta,ui,baja,failed
3749,6.97369543629446,3.2015302622330415,235,3,74.27582686151688,96.91422749551681,Delta,api,alta,success
3750,11.931720417596212,2.294054510395769,241,1,73.90692812499796,12.488345794379711,Alpha,ui,baja,success
3751,15.042242203486742,9.888722427465304,249,2,52.42735721968203,2,Alpha,api,alta,rolled_back
3752,11.312696339023594,9.720711727679273,282,1,63.647171814234994,36.06610288107106,Gamma,auth,media,rolled_back
3753,10.938946422955006,7.979617420829765,258,0,75.97290325814578,2,Beta,api,media,success
3754,10.304016012507162,6.862839292411985,249,2,74.34760078940906,28.202483250682647,Alpha,api,media,success
3755,14.757088473121138,2.1901553720635483,238,1,83.18528734483576,25.602539866154487,Gamma,api,baja,rolled_back
3756,16.201801716240617,7.638247441710971,238,2,72.16948287049965,2,Alpha,database,media,rolled_back
3757,3.2239000138656664,4.3611523665607494,246,2,74.85479128021753,18.28866760331898,Beta,payments,alta,success
3758,9.988137746809667,5.26918509972135,247,2,85.36325099958691,9.453259460609557,Gamma,database,media,success
3759,15.521276470153127,0.5,236,1,69.85591369552672,3.9078264310956,Alpha,api,alta,success
3760,18.19341131776436,7.474030791708204,254,1,72.88229922803622,33.948926029573066,Beta,api,media,success
3761,14.312024735712862,5.454948937082806,260,0,87.10689138095907,13.52972136810422,Beta,api,baja,success
3762,11.476664658866122,2.8383266807799963,248,1,66.45977254757487,64.94716791506139,Alpha,auth,baja,success
3763,14.43142810762319,4.856755625329445,235,2,61.2816200454989,18.773484169428638,Beta,database,baja,success
3764,12.870081549570207,2.328680937384657,242,1,60.37233116451345,10.578106362372637,Delta,ui,media,failed
3765,14.104764892665468,3.852439723352605,254,1,87.01822404663973,28.97409611094504,Delta,payments,alta,rolled_back
3766,13.847918151805098,6.449257476452714,274,0,80.80109925443804,17.653530432765773,Delta,database,alta,success
3767,18.01596482600355,5.730861794125495,264,3,83.64336482311623,24.992190933709438,Delta,auth,baja,success
3768,13.412038410280875,6.408183248990775,246,2,69.15406015330066,74.36863696171876,Beta,api,alta,rolled_back
3769,10.404390381061065,4.236891784184126,250,1,59.85328950469442,25.59666066515952,Delta,payments,baja,success
3770,16.094238398160982,8.90199363997434,227,2,63.784824320192556,4.100033732760677,Delta,auth,media,success
3771,8.796516357693854,2.783591322051448,220,2,85.1159206126364,38.65229625798283,Beta,api,alta,failed
3772,10.808879384390806,6.916375819671354,242,3,50.29493451271633,23.722767142720997,Gamma,database,baja,success
3773,2.39562127024686,6.081098182424169,229,2,63.89752601166516,57.653581436094875,Beta,ui,baja,success
3774,12.775992915602876,3.932129383102171,243,1,77.92146156337148,4.98781750137027,Beta,api,crítica,failed
3775,14.522194983943361,6.418808564491047,234,2,85.70305750223663,5.851511009037495,Alpha,database,baja,success
3776,5.110609030622051,9.796132834094141,278,4,73.72992463021201,33.714805794726,Alpha,api,crítica,success
3777,22.15618564853859,3.9976876222964304,253,1,88.67716159853997,2.258861169219017,Beta,payments,alta,success
3778,8.271889389053559,2.5641895180059757,239,3,62.677544118585736,17.20912788442672,Gamma,auth,baja,success
3779,6.831888767443181,2.9232167205849318,257,2,87.78437374770346,75.98532735898134,Alpha,payments,baja,success
3780,10.683498123204252,5.206003719037658,264,1,76.94987790761775,33.60935181915005,Alpha,api,media,success
3781,13.197208777378936,3.3261047550395464,238,1,72.19626764173786,14.535552810877562,Delta,ui,alta,failed
3782,10.239249652750864,2.7965425367759345,253,0,71.03812463490722,21.181544007917672,Gamma,api,baja,success
3783,13.987736649820834,3.5492966984829852,269,5,62.56770076596642,12.26661667227745,Beta,auth,media,success
3784,8.43771658159364,6.959022639586255,269,3,81.73392484328065,11.72353207692504,Alpha,api,media,success
3785,14.92655933052453,5.647144415056948,247,4,70.21521715152741,20.59771880094491,Beta,ui,baja,success
3786,12.507985848019183,0.5,267,0,78.81596139957746,3.149486728012562,Delta,api,media,failed
3787,19.55616934426975,4.757120118565982,269,3,73.50955860707059,44.29153525627671,Delta,ui,media,failed
3788,13.519070775218221,4.238099751587084,242,1,75.00532963603075,37.42826223456253,Beta,database,crítica,success
3789,11.82073554405128,4.108539480249206,234,3,72.56062268384329,21.458959622263286,Beta,auth,alta,success
3790,12.54417590736981,3.3310110068115146,243,1,70.44513249902145,10.211800932884216,Alpha,api,baja,success
3791,14.201106143010282,7.763226191701703,252,4,70.72236146429356,91.0986790755644,Delta,ui,alta,success
3792,8.767678409863663,3.0434010792571202,247,2,70.2647567375074,2,Alpha,database,baja,success
3793,7.972015869924422,5.1651575142289605,282,3,93.86256334484,100.71040078392679,Alpha,database,alta,success
3794,15.43280906910649,7.151770529991028,269,1,63.67016322252719,9.866580225527287,Gamma,api,media,success
3795,12.337665376234934,5.952414689436807,250,4,78.46797500609271,16.145421009510756,Delta,payments,media,rolled_back
3796,6.072832954396714,4.986145111455757,277,2,73.06183398512646,7.577451050711655,Beta,ui,crítica,success
3797,8.139493535202,2.7676015115767334,279,3,75.07228410830642,18.914982094352535,Beta,api,media,failed
3798,12.41440058168383,1.519446600177178,278,3,100,9.352663200676755,Beta,api,baja,success
3799,16.709294661661602,3.510278765864552,279,1,72.89357673725854,17.972474979304614,Gamma,auth,media,success
3800,12.770265819580592,6.665378219752678,221,2,74.42250657394345,2.9660205133259296,Beta,auth,baja,success
3801,11.971043644861213,3.990852683094863,238,4,74.71443113873184,13.211566798388958,Delta,auth,baja,failed
3802,10.15075794696298,4.5892148486495286,216,1,67.78454543479947,31.47562296587735,Beta,ui,baja,success
3803,9.102449857410114,4.993570755136025,245,0,67.23944646159237,13.820681250780142,Alpha,payments,baja,failed
3804,9.443932320495009,7.435103921441941,253,0,83.6948497186061,24.3311652437594,Delta,ui,media,success
3805,13.776570095673058,3.615450192183592,228,3,67.43844319888966,2.232627446159463,Alpha,ui,alta,success
3806,9.663783047286936,3.7164107828713018,252,0,69.23661257896298,7.984555136934855,Beta,ui,baja,rolled_back
3807,12.745061391021952,6.873799639967446,242,0,74.2767218732287,82.6082686145508,Delta,api,media,success
3808,10.798629145077102,4.575821428124663,244,0,89.7676377688006,51.74484376306859,Gamma,database,baja,success
3809,12.638801655016731,6.348811424937631,248,3,68.71693621329796,38.419486729274375,Gamma,auth,alta,success
3810,16.07998034183887,5.489387417157053,234,2,100,66.88425596901286,Alpha,api,media,success
3811,15.193407514830334,8.89968565619365,238,2,64.13622035971649,4.629387451623005,Beta,api,media,success
3812,11.823638913674872,6.406911947934409,267,0,84.20317261823483,6.881009571254253,Gamma,payments,media,success
3813,8.031226273579692,3.904510991551561,242,1,92.30681455919927,3.91837552562356,Gamma,ui,baja,success
3814,14.303410091075447,4.579507570097096,245,0,77.0559559415347,18.29795604843407,Alpha,payments,baja,success
3815,12.543124951202103,6.875458171938264,235,3,63.51452635745605,83.50660842563525,Beta,database,baja,success
3816,7.951672157713121,5.419441158828327,264,2,53.50563838895661,6.451158653944731,Beta,database,baja,success
3817,16.016092655343243,1.6205809909426456,272,2,78.28300044728518,51.66172991760915,Delta,auth,media,rolled_back
3818,15.504383547994102,5.281547257218962,218,5,80.6650241788371,13.644024329343274,Beta,auth,crítica,success
3819,9.228127536956418,6.92022532628172,268,2,80.90310555146417,61.91603676672307,Alpha,payments,baja,success
3820,22.72723793354716,2.9469435096424306,245,0,85.42286801173643,48.14514975048124,Beta,ui,alta,failed
3821,1,6.5851545541290415,242,2,80.65868152227382,44.06532262064038,Beta,api,baja,success
3822,14.583826422012223,2.94993693178762,264,0,86.40411580528888,23.73768681510127,Delta,api,media,success
3823,10.077559464574852,5.575202386131219,231,0,83.06133471004118,56.94744279998952,Gamma,api,baja,success
3824,12.771229574743485,6.046925590021305,245,0,96.00582376218496,32.168075880890186,Alpha,auth,baja,success
3825,7.802975355983441,1.3766120106981448,235,0,51.130146984185764,3.0488742827892032,Beta,auth,media,success
3826,11.0165925229338,4.681623797652946,281,0,85.86112535106686,16.51973332464695,Gamma,ui,baja,success
3827,9.545082835957388,4.966390252820592,244,4,62.87409258672072,7.585330578046635,Delta,database,alta,success
3828,13.990768155586952,2.668030422816359,237,3,79.55203127831764,68.94351714446184,Beta,payments,baja,success
3829,13.827367031043469,4.709055053306203,229,2,73.32952305651251,39.13059331275044,Alpha,ui,alta,success
3830,14.92149615937954,5.043310936398863,232,3,90.41211291099714,9.216345593333244,Delta,auth,crítica,success
3831,13.598075252740042,2.9509548936490657,248,4,84.3392113069784,3.960155211389065,Gamma,database,crítica,success
3832,11.655448851530121,6.048682496989157,242,2,80.01415750316114,7.666820369660854,Gamma,auth,alta,success
3833,11.61447580250879,3.4848006240778737,258,1,83.13440726349906,67.25729099637373,Alpha,ui,media,success
3834,19.454935289359362,2.6635040225815074,271,1,74.14413555945801,24.154415643697078,Beta,payments,crítica,rolled_back
3835,NA,7.1042479553707025,251,2,84.80763139079966,34.9633667150837,Alpha,api,baja,success
3836,11.762858152653584,4.622943641287954,257,2,74.18181804486649,3.2955739906455186,Alpha,api,baja,failed
3837,18.002678120679715,7.907993670003897,248,1,72.24112085918742,51.37065796490566,Alpha,api,media,success
3838,13.804091766144936,2.2914034291520076,248,2,60.471333222373225,8.913405410615074,Beta,auth,baja,success
3839,11.601747869983777,5.185274965240365,286,3,64.26228216781067,41.143193049202544,Alpha,ui,crítica,success
3840,7.915889941478102,4.531400376445775,256,1,75.40800089402735,3.8734463507243477,Alpha,api,alta,success
3841,13.386428021120064,1.7701165375173562,243,1,74.53847405285173,16.028775840997696,Gamma,ui,media,success
3842,14.069199704702324,6.45807961368048,251,2,100,12.870240602642298,Beta,api,media,success
3843,9.440076359366284,5.892706016500137,255,4,76.32455510168569,24.195475323300066,Beta,auth,baja,success
3844,8.007185156091744,5.608493005097097,249,1,56.90139807602432,18.75069337237387,Delta,auth,media,failed
3845,6.682735800845148,4.394625102738398,266,3,82.33167586655085,16.109949957579374,Beta,ui,media,success
3846,8.505670825848718,7.448398496245604,245,2,66.1568212634554,47.32674868203221,Beta,database,media,success
3847,16.284187498835422,4.45080932468351,269,0,74.59605142316799,48.10881411497712,Alpha,payments,alta,success
3848,13.872517928689868,3.3884715162447856,242,3,57.53603436545062,2,Gamma,payments,media,success
3849,8.290712827640707,5.539592366679288,237,1,85.28668189429716,9.09932740777731,Beta,payments,alta,success
3850,5.672737313322402,3.653079703370996,232,1,81.80837416404384,39.287510560538145,Gamma,ui,media,success
3851,1,0.5,251,4,85.17151386803744,33.65698054231225,Beta,api,crítica,success
3852,8.253619114896365,5.550670777523691,263,1,65.59524080597046,23.008194542413047,Gamma,database,baja,success
3853,13.91150012733499,4.554920130587565,247,2,78.88114031098314,66.02433107490864,Gamma,database,baja,success
3854,7.218834225908359,6.306260622846142,267,1,64.59369638198157,14.933732986450195,Alpha,ui,alta,failed
3855,13.221206643796451,6.07780451083656,245,1,68.71511107257106,60.42108083958951,Beta,auth,crítica,failed
3856,18.93064652511117,5.491377210215705,236,4,73.9812097213223,2.0076568834483624,Gamma,auth,alta,success
3857,3.3473477260161193,4.274306566119672,255,3,81.5808764699233,41.8800738284689,Beta,api,baja,success
3858,11.520722000040333,3.4613990965097172,240,1,79.4000389027726,21.138452244022453,Gamma,api,alta,failed
3859,8.097890320728006,6.339156764684781,298,1,96.96497320473829,39.58448927994111,Beta,database,media,success
3860,15.83113785270302,8.57569477307047,231,3,65.41269764562497,55.682114032320385,Beta,auth,baja,success
3861,12.01979013800393,3.219851895881156,253,1,95.74328667648128,2.05258229996487,Alpha,api,alta,success
3862,13.416818384185655,7.467460788031632,239,2,72.60016183999865,19.220484762375644,Alpha,auth,baja,success
3863,12.70482401617247,8.730818998586557,281,0,85.50569980067456,6.340063758194447,Gamma,database,baja,success
3864,12.922728202141435,8.132947257360954,243,0,58.79561259213922,14.390793140977621,Gamma,api,alta,success
3865,13.317589223882504,4.166271689809593,260,1,100,3.879392667299049,Alpha,auth,crítica,success
3866,8.110427656857482,5.237894297399436,249,2,66.08219441987752,5.65078115655277,Alpha,ui,media,success
3867,17.126774528216373,1.8795146380374201,255,3,67.80668497997189,37.60069280661164,Beta,payments,crítica,failed
3868,18.11657234372103,4.481065952550891,237,2,72.53883843270762,3.198321335495649,Beta,api,baja,success
3869,11.396481878618365,3.9520546004968953,272,1,75.31433298183866,35.51002715326367,Gamma,ui,media,success
3870,11.273725321429254,6.773153415754677,240,4,65.83520368790943,13.71974679082632,Alpha,api,baja,success
3871,4.636243218779426,3.471683640180956,256,2,76.84658164828106,12.013276476413012,Alpha,ui,baja,success
3872,12.660770459580878,3.696965975137176,223,6,75.32829049112931,42.70313890076695,Beta,payments,baja,success
3873,2.986313309668839,5.178531999834075,261,2,87.89100534328325,27.477500929420287,Beta,database,baja,failed
3874,11.186489848805781,3.2269329082321914,235,0,90.25137264656536,2.7184181142626125,Alpha,auth,baja,success
3875,6.043949280691872,1.5825232049585676,255,0,76.52644867433442,38.317463446531065,Alpha,database,baja,success
3876,8.776307473627643,5.873811923929021,236,0,68.73138788091225,8.245091836899519,Alpha,auth,crítica,success
3877,11.347039752322651,1.5631864761410452,274,1,77.01686315429471,20.401258303706935,Beta,api,alta,success
3878,14.103343138364878,4.337868985663953,248,2,74.52168755114411,12.883405044863562,Delta,api,alta,success
3879,17.609628133633123,7.275431234985272,288,1,48.81924819444008,19.71406891096144,Delta,api,baja,success
3880,10.295018787947773,5.779739492876346,260,0,81.60633750329826,2,Delta,payments,alta,success
3881,11.14961281972025,6.163584505695074,249,0,76.40862640681823,77.33381241156694,Beta,api,media,failed
3882,11.076731923603953,2.9960650252101697,260,1,68.36008325515891,14.908894188702106,Alpha,database,baja,rolled_back
3883,10.031383167362094,2.460923620972036,249,2,55.59285257963656,12.041396923363209,Beta,api,crítica,success
3884,10.770402319615627,6.649134264724039,239,0,65.48228274983131,20.033003120606235,Delta,database,media,success
3885,14.853588021241446,2.5619862160649007,245,0,59.88209094151488,5.032108841527036,Alpha,ui,baja,success
3886,19.026383294592115,7.656719449037512,260,0,93.81297369327254,109.11105796089822,Alpha,ui,media,success
3887,18.274945175967087,5.719500312847121,263,2,73.47991971053912,13.209910187870264,Alpha,ui,baja,rolled_back
3888,11.54249575649875,5.096508920608563,250,1,65.11531786652475,42.89167666093371,Gamma,api,media,success
3889,14.342448984856542,5.6211569887610935,240,1,83.44852771370682,2,Alpha,ui,media,failed
3890,9.6645170424429,2.4907720298704947,245,0,97.60935078155124,34.769125921497924,Gamma,payments,baja,success
3891,5.96886843448064,5.962238992472846,238,0,95.97198616319905,3.7080816999077797,Beta,ui,alta,success
3892,14.074526884882367,7.054170941233716,232,0,85.70389886983163,42.51774130559979,Alpha,payments,baja,success
3893,13.470576274872506,3.1010830997119267,260,2,74.62567907918105,25.243306605999763,Alpha,database,media,success
3894,NA,4.648915753184309,244,3,65.67502054912325,19.146473951925714,Gamma,database,media,failed
3895,NA,3.2982050685799633,280,5,94.87473682966288,10.295506205409765,Gamma,payments,alta,success
3896,5.144128139851577,5.1919502291126385,249,0,85.25588835205183,69.88970249487993,Delta,database,baja,failed
3897,13.139426069888852,4.125406979760303,255,2,75.27248037893197,10.845580849796534,Delta,payments,alta,success
3898,5.938161356306138,6.960172999729445,263,2,70.2605880577764,2.878223028033972,Delta,database,baja,success
3899,7.531086299809756,2.638115333040916,239,4,84.40150987630699,10.359345238655806,Beta,auth,baja,success
3900,10.151054986964217,4.797878704330483,249,5,64.03763625789739,49.968432201881,Delta,ui,media,success
3901,10.198405022531025,5.082120035923846,251,1,79.93431935340773,16.4012718424201,Delta,ui,baja,success
3902,6.491088661182347,1.3733107450376347,265,3,100,72.8587837590459,Beta,api,crítica,success
3903,16.194366054369524,4.492017633554924,267,0,84.15108743065753,2,Beta,auth,crítica,success
3904,13.222224867064561,3.159841659137865,239,1,71.35136182627028,34.91585936225346,Gamma,database,alta,success
3905,8.325005534194593,3.6691490528222284,243,3,63.03146614177004,20.33633755791693,Beta,api,baja,success
3906,8.619109651789781,6.4241927386881095,255,4,84.43149426797459,39.06784844196854,Gamma,payments,media,success
3907,7.0906972992729544,6.6037428307636175,218,2,91.04417595797904,6.260819115256765,Delta,api,crítica,success
3908,13.4061172347615,2.444949120633266,281,0,71.932066345728515,33.025238647048766,Gamma,api,media,success
3909,15.5233063292397,4.806513219334291,250,4,65.2953365362511,48.863802997241606,Gamma,payments,crítica,failed
3910,10.184132481655691,1.8348394826721837,256,2,88.86742525472256,34.448541727800915,Alpha,auth,baja,success
3911,16.072184836009825,6.680110091633736,268,3,97.7672695185004,25.01304673796622,Beta,auth,alta,success
3912,10.723152480491134,3.8841464118345685,207,1,75.1148450259097,2,Delta,auth,crítica,success
3913,13.03254204263377,6.97450537771372,242,3,89.69815739275668,3.065039187669754,Gamma,ui,baja,success
3914,16.4654570654448,2.4729291496957555,240,1,73.31595061600987,35.490735258629286,Beta,api,crítica,success
3915,8.91156680172152,7.557733495094869,237,2,74.26079782504472,19.111733257864703,Delta,auth,media,success
3916,12.4503772250158,3.7813727275134386,246,1,85.42408398927154,18.634331834463087,Alpha,ui,media,rolled_back
3917,14.126248957486538,3.3992372457286413,227,2,77.86274778173562,2.7831936753348208,Beta,auth,media,success
3918,10.308389397531489,4.1092366022603475,286,0,56.540018281139204,52.72359984252634,Beta,ui,baja,success
3919,12.594495968031087,2.8283286597678243,223,2,92.87461251354482,48.25178020990907,Beta,payments,media,success
3920,13.597145235051997,0.6090320007218493,232,1,70.19871056805285,5.691071192723513,Gamma,auth,baja,success
3921,16.741808221269764,5.024204776761493,262,3,74.5852969231729,17.469594552104763,Alpha,payments,media,success
3922,15.676381327528794,8.629732024108291,280,1,64.7143261546855,32.32577345419436,Alpha,ui,alta,success
3923,10.420921194822817,5.189293128940764,258,2,95.96646365441579,62.956732970431716,Beta,auth,baja,failed
3924,14.436963636441083,5.530509912567674,246,3,67.46916513821458,10.155546113848686,Delta,database,alta,failed
3925,18.211017292888016,8.406807375703965,237,2,64.1960780094404,6.141124472022057,Beta,api,media,success
3926,9.4840205471831,4.492823217590701,214,1,47.93805752794211,15.881539855152369,Alpha,database,alta,rolled_back
3927,17.676998154810565,3.238604799574828,269,2,98.02935741772447,2,Beta,payments,baja,failed
3928,6.5173386276112915,5.6789453734035344,260,1,100,63.81674699182835,Alpha,database,crítica,success
3929,8.41187591928546,4.8895853427629925,243,0,82.8493264094304,5.452136452740855,Delta,payments,crítica,success
3930,12.548451292778516,4.3764797569970195,265,2,76.32792751882637,23.239280767088626,Beta,auth,baja,success
3931,5.182496958879806,5.469977202735855,256,2,73.66111284736486,30.295462219898994,Beta,database,baja,failed
3932,13.281232235178548,4.425299782858897,265,3,50.66193407991011,10.950375363443424,Gamma,auth,baja,success
3933,3.4758255276101373,3.4289081006411486,245,1,59.84852450408433,6.361793428659439,Beta,database,alta,success
3934,9.030194266392263,1.5772669062261628,239,1,50.11664425558061,28.96980589821912,Delta,ui,media,success
3935,8.192232937119787,3.0658476972680164,244,4,76.38048309456384,2,Delta,auth,media,failed
3936,15.735951678898399,3.5847392759354673,249,1,66.90234200009716,77.67171620919343,Beta,ui,media,success
3937,7.602068471059081,5.553640024788549,241,2,59.678307577680826,15.87473975121975,Beta,auth,baja,success
3938,17.188440404896046,4.515797770300238,279,2,77.72690014173968,17.127485318963817,Gamma,database,media,success
3939,8.752523954159546,3.49606267832561,277,2,60.06893087535035,21.418421348750144,Gamma,database,media,success
3940,10.6472311450093,2.3467438509891254,249,3,79.50456478945918,2,Alpha,ui,baja,failed
3941,8.683679432862313,5.072141923574749,266,3,80.06777902017913,20.53045266765862,Delta,database,baja,success
3942,16.30660872659761,7.272293865816119,267,0,98.56601268740934,24.241236335521037,Delta,ui,media,success
3943,6.688420777955614,3.452013578695764,247,1,91.38843113606352,25.933129833434457,Gamma,ui,alta,rolled_back
3944,14.959629993844253,7.369758525857564,252,2,77.75070644242423,42.201160070612175,Gamma,payments,media,success
3945,15.906692602491592,3.714231339424921,247,0,58.95877202539501,20.247132136409572,Beta,database,alta,success
3946,10.49273900540852,10.019747978353188,259,2,81.62006197530422,76.79915588690874,Delta,auth,crítica,success
3947,6.7964349800557855,4.1882423636927415,242,0,65.69646672863803,6.070322731522074,Alpha,api,baja,success
3948,14.900817379699813,6.916544495780706,265,0,88.05437883260728,2,Delta,payments,media,success
3949,8.118719292230642,5.949431594770204,241,4,63.21339642824672,35.16707401507645,Beta,payments,baja,success
3950,8.450350562726676,4.693828103707829,249,3,79.28343711863415,17.17744758612635,Gamma,auth,media,success
3951,9.25513289115599,2.8400960923645315,234,1,72.06353289871147,23.665636158471397,Delta,ui,media,success
3952,8.263372494570385,5.5379354066553,239,0,80.44216446515517,2,Alpha,api,baja,failed
3953,18.63330931257782,7.037432081050212,264,1,79.27082222127477,2,Delta,auth,media,success
3954,14.45652661578763,4.747950647477862,223,0,64.53011697850177,25.863030864780242,Gamma,database,baja,failed
3955,13.354565149897969,4.543840276118983,239,2,79.15676179199019,14.32831521704793,Beta,payments,baja,success
3956,9.695964157950009,8.758828410944961,257,3,62.464543313818666,17.210327087824634,Beta,payments,media,rolled_back
3957,16.202702340409054,3.358779032127951,260,0,76.59100915881172,43.47167812972986,Beta,api,alta,success
3958,7.934211075479752,4.409591426342486,269,1,87.10328432825042,13.204468935728073,Delta,database,baja,success
3959,11.159319187938415,3.8203743295104804,279,3,74.90190454586508,47.51973160899697,Gamma,payments,alta,rolled_back
3960,16.411942410417915,8.668989920552466,251,2,65.89822638934187,56.826235544637115,Delta,ui,baja,rolled_back
3961,8.264973740922004,6.9700460772614425,241,4,64.93933437809258,25.951117447500522,Delta,database,media,success
3962,12.14935864712505,5.693763592113695,274,1,66.99339991392974,2,Gamma,payments,alta,success
3963,8.923695416966119,4.323302362228448,274,1,86.33830624950801,42.62488307947615,Alpha,ui,baja,success
3964,10.449735080366805,7.423194744925151,268,0,62.58338899833639,4.608431587503527,Alpha,auth,baja,success
3965,11.784641031468055,6.525943963498957,281,2,66.74340082481416,14.35991170629859,Beta,ui,baja,failed
3966,11.245830096093876,5.7675349163085095,249,1,68.85904756257432,4.796089142560959,Gamma,ui,alta,success
3967,15.862793653030542,4.751482108336,264,0,86.57420696002681,31.497718601410682,Alpha,api,baja,rolled_back
3968,14.503626387562758,5.444976339005044,269,2,74.4193138413485,30.973454645427584,Gamma,database,media,success
3969,15.271571292164856,1.4184628889160789,253,1,67.3340121737883,5.6483995243906975,Alpha,payments,baja,success
3970,15.385752505668137,0.5,236,0,63.22431605666418,30.135684772317703,Gamma,ui,baja,success
3971,17.326789292631126,6.221893270468644,264,2,70.5658311248181,9.401162557303905,Delta,auth,alta,success
3972,12.907873020011298,7.863541210635168,220,6,86.6662442984192,8.03214442357421,Beta,ui,baja,success
3973,14.614039279171,3.7693925319350203,237,2,88.30443500052009,4.776216473787654,Delta,auth,media,success
3974,10.637422621075737,8.076757626912432,259,2,54.978910204312065,3.05900814011693,Alpha,api,crítica,success
3975,11.536083750626425,6.404536374592988,237,3,81.00292973415871,4.68399254232645,Gamma,auth,media,success
3976,14.143401915755451,7.898072848909177,236,0,37.594181764835014,2,Gamma,api,baja,failed
3977,10.649252949480175,7.8772823520763815,224,2,100,25.380795388405616,Delta,ui,crítica,success
3978,10.502324873184984,4.419627833073876,251,0,71.25342184030622,6.23889057054617,Gamma,auth,crítica,success
3979,13.091134220739027,6.044208729047386,265,1,77.40703490364584,6.623867858201265,Alpha,payments,media,success
3980,18.143671206722182,5.32396029660132,258,2,91.69525326927575,86.05285145865992,Alpha,database,alta,success
3981,6.432441254378768,3.2414367255863823,250,1,80.16983636359876,33.62946755982457,Beta,database,alta,success
3982,10.113459965890312,5.598236207528292,259,1,92.27871990090617,38.432483462463004,Gamma,ui,baja,success
3983,13.526340072339515,4.17185927319765,253,2,73.88141011227248,2,Alpha,auth,media,success
3984,13.277364345052565,6.756083520090742,253,3,62.800049596673304,2,Delta,payments,media,success
3985,6.340935270201955,5.869068850944021,242,4,68.3984244363884,6.481559839741951,Alpha,api,alta,failed
3986,9.041142995000227,5.1982576677778,256,0,85.556389573083507,30.441202438359554,Alpha,database,baja,success
3987,7.513075389291308,7.792814263509882,272,2,75.22162691806076,14.090387843549252,Gamma,payments,baja,success
3988,11.817741612031082,5.980600504212523,235,1,84.25075809877052,2,Alpha,ui,baja,success
3989,17.254252562630953,8.235246554886281,267,3,60.18021894163502,20.244072920565895,Beta,auth,media,success
3990,11.993671830780281,0.5,238,2,66.81784413800571,51.91339270468083,Gamma,payments,alta,success
3991,11.151635064736416,6.541446210091695,274,5,73.46013384780039,51.226151888840135,Alpha,auth,baja,success
3992,21.013900037023507,1.9900478320069945,236,1,76.88524449463696,25.910643829887206,Alpha,ui,media,success
3993,9.575011471563041,6.058801728299709,255,3,93.01505543088409,22.7597325767696,Alpha,ui,alta,success
3994,12.455291020413215,3.1737791010336953,240,2,97.41985606146179,2,Beta,api,alta,success
3995,10.66103818316654,4.780925891457322,265,1,60.127638799165716,27.40790314871579,Alpha,ui,crítica,success
3996,8.370873210485552,5.510554288523541,220,3,92.36470071589451,4.530361767858267,Alpha,auth,media,success
3997,14.423430873694942,7.782828820896963,270,1,96.9428038654716,35.033717696059185,Beta,payments,baja,failed
3998,9.908736623334029,5.019256603861915,245,4,69.09444858600432,5.020789799702892,Beta,payments,media,success
3999,NA,7.5775903476024915,237,0,87.06172920191378,47.17000950671254,Beta,auth,media,success
4000,10.367855714115928,6.4300392461447915,232,4,90.9901724000794,2,Alpha,ui,media,success
4001,11.432765373717857,3.155729956346189,244,1,82.15470783968325,9.943942945450544,Alpha,ui,media,success
4002,8.74440770452222,4.008365458382799,239,3,86.1614752389157,12.65165477246046,Delta,payments,baja,success
4003,10.697837642749338,0.5,293,1,74.44681692161637,2,Beta,ui,media,success
4004,13.512629588661909,3.6144788236909955,236,1,84.58180537392,49.796395091186156,Alpha,auth,media,success
4005,4.022058551807983,5.597802351318598,230,1,88.44834166589595,4.099965664059548,Beta,payments,baja,success
4006,8.00257322702841,4.8626540676547965,264,1,71.85639070368515,38.05218373037396,Alpha,api,alta,success
4007,13.135289692536357,3.263240212609505,261,1,79.82333652691713,2.939448481257779,Beta,ui,crítica,failed
4008,7.5952240926273635,3.663714212092329,233,4,77.86140080181833,15.215985607355833,Alpha,auth,baja,success
4009,15.933387929438116,5.338825124081813,244,1,84.69890422601318,9.276097179225546,Alpha,database,baja,rolled_back
4010,7.93349837781176,5.145021749920866,233,0,79.79163371016381,9.94816780462861,Alpha,auth,baja,success
4011,8.544370019445427,0.6032677429061231,253,2,81.62514380840899,18.11928804863005,Delta,database,alta,success
4012,11.09205332271859,3.1582091761226634,253,3,71.6217460606595,33.279006374846084,Alpha,database,crítica,success
4013,10.91044776217911,4.856368431746297,271,0,68.41548069174104,2.99976111526795,Gamma,payments,media,success
4014,10.98483824702705,6.746106080871845,272,3,79.01715139757847,67.8563369908379,Gamma,ui,media,success
4015,13.663105493772145,0.8982463615823519,240,0,74.24462071267087,26.35190610486775,Alpha,ui,media,success
4016,14.289767478499629,4.854164554154988,257,1,87.64907526172486,13.541109345853329,Delta,api,media,success
4017,4.72705503524189,2.4098108989190665,253,3,69.51671424828288,2,Gamma,database,alta,success
4018,15.813347396645627,6.58780399542079,259,2,77.11272777315058,42.0594058314663,Beta,payments,baja,success
4019,17.37699149085246,4.104370289273809,262,0,52.82587436750744,10.737648200243711,Alpha,ui,media,success
4020,8.98211913895337,4.2118425047397325,242,1,74.30243261256943,13.08745951205492,Alpha,auth,crítica,success
4021,4.452391051850125,3.325664717160186,255,4,70.3668251076209,35.167341095837024,Delta,payments,media,success
4022,5.443360015553414,1.8922289926428508,276,1,75.5424954698217,27.008377431814964,Delta,payments,baja,failed
4023,4.348720426390501,2.433950477650513,270,3,91.79708122899403,22.272306985144905,Gamma,payments,alta,success
4024,13.234884247029244,4.096376852602682,219,1,82.02950353697685,22.947242504840187,Delta,database,baja,success
4025,14.53663036818414,6.068481119427079,254,4,52.807693995478886,5.412619728595018,Beta,database,baja,success
4026,17.895870891005053,5.70841201651908,239,3,78.26186583368086,61.14864344592419,Delta,ui,baja,success
4027,13.29428838223076,8.525655888308057,251,4,71.85553385817212,3.3468174040317535,Delta,ui,baja,success
4028,15.694040500361528,5.5320158290128045,274,3,70.33677827638795,2,Delta,auth,crítica,success
4029,9.772470242695555,4.010161660566402,247,3,67.92937079959876,66.66570318809022,Delta,database,baja,failed
4030,8.028276585485436,6.08894187108828,277,0,83.06107525672317,31.515575564389522,Alpha,auth,crítica,success
4031,13.069450725116923,4.327357333158007,260,3,81.26323099349514,19.89510429549723,Alpha,auth,baja,success
4032,13.348811762180254,7.683444967872548,280,3,71.8540323823881,79.11043417050477,Alpha,payments,media,success
4033,3.70676961217735,5.145780889247653,227,1,80.05884461753877,104.38922425499612,Gamma,database,crítica,success
4034,15.75174772933218,9.708891949070054,243,1,82.89270283418752,8.363561432808638,Delta,ui,media,success
4035,9.547741601388497,0.5,249,1,85.31533542428605,2,Alpha,ui,media,success
4036,11.551628383284031,2.454675805053586,261,1,69.61492586060744,6.668875481933355,Beta,database,baja,success
4037,7.944298305505113,6.493011781742551,270,3,76.5410406850048,9.360547833144665,Beta,api,baja,success
4038,14.545570987076387,6.239871550286249,275,2,71.88689350850241,17.61045954275637,Beta,payments,crítica,success
4039,10.517108766340403,4.980784834217726,270,2,64.77177795168578,36.790391517649276,Delta,api,baja,success
4040,6.314667947790251,0.7654769531851677,237,2,55.9777228275354,4.877699609845877,Beta,auth,baja,success
4041,13.156360921581056,3.2876813116449424,262,3,59.60901348092297,3.9824835062026978,Delta,database,baja,success
4042,5.40851729717589,7.118790254385224,264,5,86.70139723392704,4.080953657627106,Delta,api,baja,success
4043,11.239019108908975,7.006206319479311,233,2,86.33460969610313,45.55511844228256,Alpha,database,media,success
4044,12.07761612381712,3.91930819438112,244,2,75.57822479197434,13.266221646219492,Alpha,payments,alta,success
4045,22.807324241598018,4.159376841000654,242,4,84.86439550166199,16.035210873931646,Gamma,database,baja,success
4046,14.043886222811686,1.8663386719661936,232,1,77.82814016917253,10.32537866011262,Gamma,api,media,success
4047,6.9066242278263905,4.786816314477516,237,0,61.40944263387537,21.517454109077743,Gamma,auth,alta,success
4048,13.50575165324987,5.8066705458802685,250,1,92.37659536573145,25.48398417133599,Beta,auth,alta,success
4049,11.604936039806782,6.1968106996022145,245,3,76.55534752448278,4.517294067889452,Beta,api,alta,success
4050,12.882177982352742,9.001779945467812,237,1,87.31707283562561,71.2565047104561,Beta,auth,baja,success
4051,5.536292520121354,7.828717011261439,277,1,77.43643334383786,20.041307595213993,Delta,payments,alta,success
4052,18.723612069965395,6.700524000317415,264,3,54.21374194406471,25.894935336421867,Gamma,api,alta,success
4053,14.232943074428256,2.527425703507766,255,5,91.4399123963004,41.60817494786797,Alpha,auth,alta,success
4054,10.494436645060997,5.087599884910056,241,2,83.32620029491868,20.925162724142364,Gamma,auth,baja,failed
4055,3.889735660419875,6.547932837763762,278,4,58.59827879615182,12.043849110603333,Delta,ui,media,failed
4056,13.591621239627313,3.279970615940835,260,4,55.24441200922857,20.44942831892281,Delta,ui,baja,success
4057,6.412410939005032,2.9586900318720417,273,0,74.49860964040245,13.897892698645592,Delta,ui,baja,failed
4058,7.270917912131924,1.912706066814068,254,1,73.25598866458478,48.49169790543138,Beta,auth,crítica,success
4059,14.169299734962713,4.953803067573544,252,2,50.196759172644555,38.905431490345656,Beta,payments,media,success
4060,14.93888460122289,2.9943839502259504,255,1,65.70250726612876,7.108976519468248,Delta,database,baja,success
4061,10.485983214354118,3.225827212314895,265,4,94.59247474927977,37.23461339925636,Alpha,ui,baja,success
4062,5.428777712975751,3.971889651664337,231,3,72.14729978426563,23.918337038641265,Delta,database,crítica,success
4063,2.5854627918556954,4.9127594409328195,236,1,77.84280076621229,5.827771004199125,Beta,payments,media,success
4064,6.399261960721495,5.628849753038356,241,2,54.55222751341717,11.781945213675499,Alpha,api,media,success
4065,9.212827301619573,3.2933293687182545,241,1,47.92411485519397,40.04614551163731,Gamma,api,media,success
4066,8.105306093498442,4.655798413224018,249,2,100,13.847135413438082,Gamma,payments,media,success
4067,13.285505694791384,7.0011603070875434,280,1,77.64798903939287,22.56430479109691,Gamma,database,media,success
4068,8.723958505657981,6.187492739842121,261,2,73.21889219958325,8.245419436422672,Alpha,ui,media,success
4069,13.89081835912063,10.059691031747944,245,4,60.38549219802293,79.07718425585863,Alpha,auth,alta,success
4070,16.781668494057598,3.34401901904437,250,0,84.92785812320056,54.04110414109431,Beta,api,baja,success
4071,10.21736661905807,5.213545916622796,270,2,67.45415397236987,15.635439489036798,Beta,ui,media,success
4072,6.5874800528252635,4.872681767705224,242,3,80.72662307656282,20.242891519253543,Alpha,database,baja,success
4073,7.259877301908839,8.893859889224386,247,1,84.37497506589874,5.752965677529573,Alpha,database,baja,success
4074,15.042427857387686,3.9325672014915876,263,4,64.28715330924337,12.959169566631317,Delta,ui,media,success
4075,5.770607629032202,3.547819524828286,250,3,73.64592153542692,10.47852473706007,Beta,payments,alta,success
4076,18.408828156154744,6.810694652764629,231,0,79.57149798620591,16.052399698644876,Beta,payments,baja,success
4077,13.11686410147098,7.398038237442104,257,3,69.67620035192962,10.659823838621378,Beta,ui,baja,failed
4078,15.83262685804174,6.943326725431014,249,1,88.02210106122038,15.26754093915224,Gamma,database,baja,success
4079,9.048420142719783,3.06067828930503,253,1,82.97835701650754,10.657691717147827,Alpha,payments,media,success
4080,9.435792415480254,4.315506553134522,271,4,74.85276733875756,53.80552862282124,Alpha,auth,media,success
4081,13.785847389924989,9.870613326439456,248,1,86.72888154988874,27.447668082003887,Alpha,payments,baja,rolled_back
4082,11.24315099583374,1.276141655876636,252,3,69.47582503468324,9.040242444723845,Beta,auth,media,success
4083,14.352363023866895,8.649415003547075,227,1,65.32308479820696,2,Gamma,database,baja,success
4084,11.247814964064968,6.626692576649265,224,3,98.35836732354011,3.6423725858330727,Beta,payments,baja,success
4085,11.26781022183831,3.7616548229861193,243,4,58.01271423676593,116.82097907876599,Beta,database,baja,success
4086,19.04148434454003,4.4254044799703625,233,2,75.81199867321256,7.710979331284761,Alpha,ui,baja,success
4087,13.967276077064287,3.0128280414602715,256,1,84.1044459174862,11.263061977922916,Gamma,ui,baja,failed
4088,2.692394515918428,4.265006044181913,243,3,85.69074247699746,22.390311259969614,Beta,payments,crítica,success
4089,14.868936213517506,5.789392295321676,252,1,31.715332596582194,23.35982359273367,Alpha,api,alta,success
4090,9.27064489968068,6.30521914113394,260,4,71.95550914814666,61.89405998284392,Delta,payments,baja,success
4091,12.154457692504687,1.0558482351784106,242,2,86.14893063706226,25.999415538196857,Alpha,ui,alta,failed
4092,17.413773089499387,4.284681691533314,235,3,82.70352562646949,27.220322615390117,Beta,payments,baja,failed
4093,18.765559253449723,4.3504559928931545,241,0,86.53089234085735,15.836931131780148,Beta,database,baja,failed
4094,4.091003105171361,3.5640157606606966,238,1,59.41611207448804,14.617555998265743,Alpha,database,media,success
4095,5.8984100363133365,6.618357082814393,261,4,91.40204482444315,2.2026465721428394,Beta,database,crítica,success
4096,13.75098760353021,7.215148828360107,263,2,63.42351502782359,49.219316659341445,Beta,auth,baja,success
4097,9.427498722583273,6.214756861333025,255,1,68.58894407471095,30.211642204706962,Beta,auth,baja,success
4098,NA,3.216656070156139,252,2,66.88713465679581,2,Alpha,database,crítica,success
4099,16.91760507440018,5.115886419942273,243,0,59.62059945572527,5.04010072443743,Delta,payments,baja,success
4100,10.153768264016515,6.144366372964617,272,2,61.201111543073694,2,Alpha,api,alta,success
4101,7.331477938742386,5.835147578030411,269,4,78.65714742025384,21.415915868168167,Beta,database,baja,success
4102,10.798590234183266,2.483575584067296,289,2,65.8446607437204,12.212408669292927,Beta,api,baja,rolled_back
4103,NA,4.451747631434259,262,1,75.62714462208893,33.55242410987863,Alpha,payments,baja,success
4104,12.961051197114648,3.595099012822163,251,1,73.53456794177056,24.967667250817115,Alpha,payments,crítica,success
4105,15.01667518920651,5.087525229263711,256,2,66.52066838279076,14.198947951197624,Alpha,api,baja,failed
4106,4.923673742878534,4.941190110849617,293,4,75.41066814769682,3.793927029198528,Beta,database,media,success
4107,12.46532928151886,3.171400113254295,263,2,63.81440641642035,3.9147043111208397,Beta,database,crítica,success
4108,14.76809015896726,9.645147547249913,229,1,65.11956292532241,27.89848601717263,Beta,ui,media,success
4109,17.511944100750554,7.826306216977411,239,4,66.48362490160582,45.57603223420201,Gamma,payments,baja,success
4110,1.0561191572206088,7.5584968738127865,250,4,61.07011114393228,10.292834144085646,Gamma,auth,baja,success
4111,8.86973923821703,2.0359339996017174,248,1,79.20431102568877,91.03984499963667,Gamma,ui,baja,success
4112,15.232173359947247,6.999552033159407,248,0,84.67615255884131,14.035516905054479,Delta,ui,crítica,success
4113,14.096274343919221,4.089274930726136,243,3,65.6641658268188,19.150413012986473,Beta,database,alta,success
4114,13.424471097467638,5.163454623658017,253,1,46.59909404422919,17.716760537510208,Beta,api,baja,success
4115,5.580179946674821,0.5,241,4,87.02481114025773,10.663748111575842,Delta,api,baja,success
4116,10.709271761497922,4.391662952082223,269,3,89.85819151807138,59.566283446505935,Delta,database,baja,failed
4117,3.3541624339142384,6.030407667194726,242,0,71.76936107264791,6.369009397923946,Beta,ui,alta,success
4118,12.076386809130023,0.8574465910451821,254,1,77.06957883473031,30.161763287072475,Beta,database,baja,success
4119,8.029182477681617,4.940944878917285,248,1,67.92044632048872,16.84330830980897,Delta,database,baja,success
4120,6.240938361858584,4.026221370635416,256,1,75.85272089387553,11.104176845401525,Alpha,auth,baja,failed
4121,12.677166211455487,8.69935606383293,223,3,59.6022599186164,19.84370246428757,Delta,api,media,failed
4122,19.299303444304808,4.734906127535307,232,0,77.49860860275601,2,Alpha,auth,alta,failed
4123,5.662232871670215,4.2295435943972,287,0,79.52742462969626,16.11133195053655,Beta,auth,alta,failed
4124,8.504679929532104,5.612130973757669,246,3,78.71249686915172,7.107385356448761,Delta,database,alta,success
4125,11.21687621216089,3.0679693077447747,246,2,77.94445233262935,16.16767791286111,Alpha,payments,alta,success
4126,9.173389270056385,5.779768605072101,232,2,95.18355257853992,8.840692855417728,Gamma,database,crítica,success
4127,7.825263578468131,5.597292709199689,276,2,56.59541089362643,33.6678337134115,Beta,payments,media,success
4128,14.44000694083768,1.020546640807157,236,2,74.57924437816907,10.595626931637526,Gamma,database,baja,success
4129,7.971232751337458,4.451873180951068,254,2,72.01424792269597,2,Delta,api,alta,success
4130,11.352867507235016,3.866039425910822,244,2,62.00705466843511,9.254225025332053,Delta,auth,crítica,success
4131,15.920207505342505,4.078795657193397,241,5,59.797677813581906,31.09094961306012,Beta,auth,baja,success
4132,13.447769035824335,3.683786231789035,248,2,84.35312806711548,68.15448767401973,Alpha,payments,media,success
4133,5.5773683237268346,7.648134073925885,284,1,79.90431636817087,10.560461115092039,Delta,auth,media,success
4134,17.244225617903552,3.7746902197940946,223,2,68.11893544489541,2,Delta,database,baja,success
4135,14.157552693634845,6.230530259706027,256,1,78.52816875215248,43.517312092552764,Alpha,ui,baja,success
4136,12.875176896415216,7.258248884307212,259,1,83.96239216193884,26.29963407677652,Delta,payments,baja,failed
4137,11.48013242697895,3.6781409345976295,232,2,87.0958065609688,12.361314956098795,Beta,ui,media,success
4138,8.539788433817979,4.6262114504031695,238,3,56.59311276039985,138.7821289220261,Beta,database,media,success
4139,8.69744726843667,0.8225298622981612,256,1,79.71656896611172,15.031510995321408,Delta,auth,media,success
4140,8.183443699624917,5.625135431199766,279,3,98.07696864778097,21.457351746119556,Beta,auth,media,success
4141,6.431105036272783,3.0063724568519676,261,1,71.23837176574257,80.79294991089937,Beta,ui,crítica,success
4142,14.130022787614342,6.7441905033886345,256,1,93.68015842814648,7.440149769186974,Beta,payments,baja,success
4143,6.559944319004376,5.60864349129635,239,1,89.69428391591437,5.179035622626543,Beta,auth,alta,rolled_back
4144,13.671997956285981,6.115601539297014,266,1,88.9013335794155,21.367003850025498,Alpha,database,media,success
4145,8.59896737482535,6.73710923985607,295,4,100,68.71443414284822,Gamma,auth,media,success
4146,15.478105438771149,4.795729733821601,258,0,61.12956686500979,17.78652747619658,Alpha,auth,crítica,success
4147,16.137921745057685,5.379451013547527,246,0,78.71288563399055,6.61474758759141,Beta,payments,media,success
4148,12.082947149758539,6.14953142056839,248,0,89.72355974725602,4.1061863818594375,Delta,api,baja,success
4149,13.580477219292352,4.437021403959253,258,2,84.51713338444908,27.44018228251248,Beta,ui,media,success
4150,13.10540856750097,3.885986428923899,265,3,58.38792486442842,6.90376533178442,Beta,api,baja,success
4151,6.372367333876126,6.680186472283042,254,3,60.04359230344453,10.278843451291323,Gamma,auth,alta,success
4152,15.218741385263552,5.0556105727377965,255,3,54.88037253023153,10.373373247683048,Gamma,database,baja,failed
4153,15.100216043228409,6.49412740940838,232,0,89.48868281869164,26.328160642569358,Beta,payments,media,success
4154,8.367417235748018,5.756221062774269,249,5,66.72446200407593,17.64112265809159,Delta,api,media,success
4155,8.015919536252145,4.095493413098659,257,1,72.25910382599616,22.03834906864672,Gamma,api,media,failed
4156,13.450186580592634,4.77070549769826,234,2,77.01812008797744,2,Delta,api,alta,success
4157,7.655670540916704,5.698537561241319,246,2,68.28366732745137,10.239108938723803,Beta,payments,baja,success
4158,12.701048515390596,4.813010548676741,257,1,81.02521249934094,11.419836424291134,Beta,payments,alta,success
4159,14.538093684087576,3.9324103096892724,233,1,71.36569789226239,5.228634204987644,Alpha,ui,media,rolled_back
4160,10.926780084326968,1.7540783070615773,246,2,91.14577504392662,14.484643433243036,Alpha,auth,baja,success
4161,11.426325614385508,6.7296021501108045,276,0,79.11627489381269,3.9149136431515217,Gamma,auth,media,success
4162,9.258695135508079,3.2637963743232143,253,0,87.58767166893078,3.2024889263530065,Gamma,database,baja,failed
4163,10.758151452654815,4.143900681239997,237,0,71.31055341146983,36.61643877423821,Gamma,payments,baja,failed
4164,9.719321802409567,4.32594946223114,249,1,75.15389555302859,23.387521996085933,Alpha,api,media,success
4165,22.137384921488568,5.8406789189393145,222,2,66.63942171362764,2,Gamma,auth,baja,success
4166,14.406143872536303,4.813187361241081,254,0,78.23465205801516,2.051413171413555,Gamma,api,alta,success
4167,16.510244835327114,4.257739902263894,243,0,78.23159124152674,6.329375982284546,Beta,payments,crítica,success
4168,10.118993738477876,3.469487150292681,250,1,64.7290648378255,40.131048511435736,Alpha,api,baja,success
4169,11.170285991330788,6.467142266292733,254,1,90.08412631635267,43.50295306540547,Gamma,database,crítica,success
4170,22.9826934508036,5.194388178699093,241,5,77.42227778891764,23.686172156517795,Delta,database,baja,success
4171,NA,9.973674603304186,243,4,74.39128265010055,53.6448206722292,Alpha,api,baja,failed
4172,9.429199485577767,0.9786420114052516,270,3,89.26403417428918,24.044985427444274,Delta,auth,media,success
4173,11.433552075731159,8.22215843109879,232,2,84.81436391793295,4.943887185305357,Alpha,payments,alta,success
4174,16.417464603714766,3.3220020649557798,270,1,78.62517982868839,10.71994572516629,Delta,ui,media,success
4175,1,4.469742222933735,254,1,91.771309720348,8.062857672572136,Alpha,auth,media,success
4176,20.21437530827012,6.445968396757552,253,1,66.90236597000711,2.726907215524051,Delta,auth,media,success
4177,7.624815790834512,6.275700671053232,251,4,78.75499990768814,6.917457673698664,Beta,api,alta,failed
4178,7.0937459394264755,5.563633355432066,227,2,64.80032463713059,7.207562070339918,Alpha,payments,baja,failed
4179,10.630891091430854,4.219618527684129,258,1,80.32748321652733,78.22532128884431,Delta,api,baja,failed
4180,14.634130312783032,3.7454742740144464,253,1,72.57100640372367,5.864825135501787,Alpha,ui,baja,success
4181,8.59421958895961,10.576965334189092,229,1,89.9972327710736,45.88682086564122,Beta,api,media,success
4182,4.496067880278758,0.5,247,3,96.12922929368905,8.414631050274046,Gamma,api,alta,rolled_back
4183,10.040573434205118,5.755508773646015,259,3,81.81739477680743,6.635595705360174,Alpha,api,baja,success
4184,13.312973610837444,5.841252823760223,250,1,52.66274972680435,13.137401070445776,Beta,auth,media,success
4185,15.460648207224484,4.86005417773669,234,1,74.94676297666726,19.134295514668676,Beta,payments,alta,success
4186,16.558866867396112,5.322716151613413,231,0,80.33960491405008,16.703507489447883,Beta,ui,media,success
4187,10.264178947095964,5.801510384559951,259,1,80.61805317980078,43.66089704431115,Alpha,auth,media,success
4188,17.851903187398573,5.645560213056178,249,1,75.6412119840277,3.5522146113216877,Beta,auth,media,success
4189,16.79123084386229,5.906450645302488,255,1,68.44261924456265,28.41713006693631,Beta,database,media,success
4190,10.15085336221584,8.762554017700907,239,1,76.32901363674831,39.54650508941908,Delta,payments,media,success
4191,15.651391026967708,2.474243703071163,215,3,58.67702762515549,72.33193371267366,Alpha,api,alta,success
4192,16.22626909866341,4.827888385187772,264,3,59.29540862068296,54.74103779788342,Beta,database,alta,success
4193,6.4737828955697365,4.339229553106392,254,0,84.63211661893904,37.84832328356324,Gamma,database,media,success
4194,18.089686685316096,5.296003705120174,260,1,100,45.56808405800808,Beta,api,baja,success
4195,11.687922863773471,4.899929802623461,260,0,74.74719077028692,20.356287000129896,Alpha,api,crítica,success
4196,14.009385217725132,2.7659290797032736,229,1,85.22373950622938,15.533604696393013,Beta,database,alta,success
4197,11.651147484180925,4.260416070376864,250,2,88.95560227840548,11.190520104020834,Delta,ui,baja,success
4198,9.236186456420773,5.509103774046023,240,2,75.84391449871332,21.449986936531985,Delta,auth,baja,success
4199,18.105691716435068,4.862468535313859,266,0,100,23.034477825061316,Delta,auth,media,success
4200,17.256266729064382,6.2093970066324875,243,4,62.03674470883598,24.395878559832866,Alpha,ui,alta,success
4201,7.720983545684989,6.446037270871575,264,1,77.16332932511276,34.390602750549895,Beta,api,alta,rolled_back
4202,11.936384539959048,4.005495391494351,225,3,91.46281435934428,29.71017023820191,Beta,api,baja,rolled_back
4203,14.155722869593209,3.23493005149476,268,1,75.08482321177827,22.50124839272361,Alpha,api,baja,success
4204,4.861133494529183,4.140828910358145,258,5,89.50397965350592,8.31342581677035,Beta,payments,crítica,success
4205,10.19957860872851,4.501911669911316,257,2,63.93044648016374,2.2953026443719864,Gamma,payments,baja,success
4206,13.913985897224673,2.3695271369854667,253,3,74.05571313876041,16.486741818487644,Alpha,payments,baja,success
4207,10.614285709009408,2.1901314103874077,256,1,81.92849472248169,20.66911269337016,Beta,database,media,failed
4208,3.822853686876572,2.7668273984191334,242,1,80.14348718704596,9.207949595249309,Gamma,database,media,success
4209,6.065496024450841,7.103714791293445,260,1,73.46932614182991,26.658952562992866,Alpha,ui,alta,rolled_back
4210,8.308174111032868,6.344535239989073,239,0,67.84517565833323,13.548579219728708,Gamma,database,baja,success
4211,12.696978122669035,6.807219944648875,230,0,85.64504405481222,77.15684026076433,Delta,database,alta,success
4212,4.730707260143254,4.16398126488734,242,2,71.32866900978507,2.220384805716474,Gamma,database,crítica,success
4213,14.000162716491708,2.9643716473811526,266,6,67.01438053955022,2,Gamma,ui,alta,success
4214,16.254185414315952,5.380040530091666,284,1,59.17671450958373,26.603247197695318,Alpha,database,alta,success
4215,9.739189357716388,7.4193095169043115,230,3,51.662463909901646,29.473305835311706,Gamma,ui,media,success
4216,15.776371995755543,4.517786713989238,249,1,100,31.436556404942408,Beta,ui,crítica,failed
4217,15.892395745403991,5.681780118107454,242,0,67.85485189080536,49.24948927558481,Beta,api,baja,success
4218,11.931335719557369,5.53049347665794,248,4,75.99181605467149,2.041628913411583,Alpha,auth,crítica,rolled_back
4219,10.560290596524377,6.762901510051995,261,1,76.57004925252551,8.616277396339857,Beta,api,media,success
4220,11.239262857889912,4.414108694231768,248,2,81.78353133718738,2,Beta,database,crítica,success
4221,4.48978762292252,5.572335697800986,266,2,50.44881397889025,19.444640411918453,Alpha,payments,alta,success
4222,14.241398130350344,3.9276011162630646,282,1,62.757694078155325,22.024180746560386,Beta,ui,alta,success
4223,13.341538989730157,6.065753626785847,223,1,79.95769255281157,23.160648061816982,Delta,database,baja,success
4224,11.387908889741414,3.4993130651420996,260,2,70.95103528827273,14.197329305112362,Alpha,payments,alta,success
4225,1.1260501708539614,5.222716349377196,242,0,69.34354477019339,10.342300087147986,Beta,auth,baja,success
4226,13.168871146363047,7.463708728069754,260,5,76.02774610272705,84.20037258657362,Alpha,database,alta,success
4227,14.261288831554062,4.734734444515967,227,0,83.17291423143266,63.186776828721435,Alpha,api,media,success
4228,8.503124143326707,9.329079041672578,264,0,94.59437120228958,11.329259790480137,Delta,payments,baja,failed
4229,16.036135472028807,4.377588244411751,256,1,62.6293413303639,37.42510261930047,Beta,payments,media,success
4230,14.308220437300564,6.055287085692564,242,0,70.55773803914147,32.20031223345309,Beta,payments,baja,success
4231,7.248010351862683,2.410592568364003,260,2,72.32368259713367,10.216017007827759,Beta,api,crítica,failed
4232,8.165623451666466,4.749823267500983,248,2,65.8029200956847,42.384887681636116,Alpha,auth,baja,success
4233,11.117017828498092,2.2691019247106774,255,1,54.171403776280656,6.994937002658844,Gamma,api,media,success
4234,8.037982704367623,3.4999923167083473,239,2,80.3834907505495,33.56932601689253,Beta,ui,baja,success
4235,7.81577911337708,2.542976613000819,281,0,86.41715846287437,13.363510362803936,Alpha,api,baja,success
4236,17.43859165862073,1.573646502795726,239,3,78.84215190888995,25.880264817660148,Gamma,payments,baja,success
4237,7.376304014871771,4.330732552078637,252,0,82.47781582593558,16.206733502447605,Beta,ui,alta,failed
4238,13.043372631185482,1.3256894413704163,262,1,62.22041796843629,10.060785368084908,Delta,payments,baja,failed
4239,5.76705409977734,4.4122377626869485,266,2,73.24764658894684,28.053047574048335,Delta,ui,media,success
4240,11.971438182747963,7.052262660594129,260,3,76.4834545329121,18.06997370277033,Beta,payments,media,success
4241,14.270888910146589,5.35337200904168,261,1,90.1115622943143,78.52586817338106,Gamma,database,baja,failed
4242,16.44417674770376,3.053997012372474,262,3,100,100.51510735741311,Delta,ui,alta,success
4243,7.5226210792667665,3.0530293727439703,221,0,72.69353288938592,2.8512867651879787,Beta,auth,alta,success
4244,9.018657242710686,6.512447712609463,279,0,50.07665472228088,21.388121705569084,Alpha,database,alta,success
4245,15.582741076100039,1.1746170364143405,257,3,73.38779030877738,3.342474415898323,Delta,database,baja,success
4246,14.36097770937819,4.863430545392711,257,1,83.49163609103233,152.10238224850679,Delta,database,crítica,failed
4247,10.846150881972111,1.9532919943183447,239,1,79.64698898196961,51.09952890218906,Alpha,api,baja,success
4248,12.192653865627484,5.205833520758826,265,5,92.70708025990893,15.578560318797827,Alpha,payments,media,success
4249,10.044295776836385,1.7165032255496766,253,5,82.00833142657815,2,Delta,database,alta,success
4250,14.851946339748233,5.694885272714155,232,0,70.87223459866067,20.05795795712,Alpha,database,media,success
4251,13.394364617898551,2.760312311373744,238,0,64.86037077539699,2.16464318600936,Gamma,ui,alta,rolled_back
4252,11.625754187061613,5.809937283097968,281,2,85.77424694964579,4.200814681431153,Gamma,api,media,success
4253,8.618460082812572,7.465088296409868,265,2,70.144315279874,7.810210168361664,Gamma,api,media,success
4254,13.110424932224625,1.8769119064199025,267,3,77.88401641729071,3.3844580613076687,Gamma,payments,alta,success
4255,10.844394800492761,3.2999306855809762,262,0,54.39335115743645,31.942541084175403,Alpha,api,baja,success
4256,4.594693009492807,2.6602644338938504,224,2,72.61798823275181,6.57458059117198,Delta,ui,media,success
4257,8.178125600027634,5.359189648808574,251,1,78.32968124086733,50.4182903345652,Gamma,api,baja,success
4258,5.251456602546729,6.944543181068745,262,1,78.87170748966203,6.67081642895937,Beta,ui,baja,success
4259,15.733010855392243,5.320633180565967,258,2,90.21483859319316,2.8990720442382774,Gamma,ui,media,success
4260,18.0558035020312,11.599343625149263,206,3,90.14576693213816,5.73968256264925,Beta,payments,baja,success
4261,21.417141046583158,4.797744466174065,261,3,72.4524893474873,16.249300003051758,Gamma,payments,baja,success
4262,20.546467509518592,5.304334234500977,263,1,67.47603211725166,17.64661717314034,Delta,database,media,success
4263,8.989704833296898,4.6992360376275215,245,1,70.06136960532102,2.1119646617262866,Alpha,api,alta,success
4264,6.988257083000616,6.2330902184836985,285,2,74.96775659193747,3.422022107988596,Delta,payments,media,success
4265,9.500687660728662,4.71115881502571,262,1,85.63302935006317,2,Delta,payments,baja,success
4266,17.088257876434476,4.500562427306675,278,3,81.93109432284196,39.316687790523154,Delta,ui,media,failed
4267,8.024734494241828,4.017288265275616,228,0,85.75499740881695,31.35045059669524,Delta,payments,alta,success
4268,9.166246045971523,3.4319993472976495,238,1,80.59656383536681,46.28136370874463,Beta,payments,media,success
4269,9.012878268395522,7.682414505913446,250,2,66.58545159626931,33.22576723146945,Beta,database,media,success
4270,10.890759159832324,6.234945919345877,238,2,56.903851073273714,60.89517827029553,Delta,ui,baja,rolled_back
4271,14.63958680382877,7.732976205362226,239,2,70.28677255715697,88.53200333596396,Beta,auth,baja,success
4272,5.951444478501202,3.9941994118901487,280,4,93.84382999974108,107.3510152935093,Alpha,database,media,failed
4273,11.913553241768403,5.587362840288928,261,4,79.19493101098158,19.339781518016693,Beta,auth,baja,success
4274,4.9817198239677705,5.74818341973157,282,1,52.20636896970797,12.496478699147701,Gamma,ui,alta,success
4275,16.141865004250185,1.727365271313872,219,1,76.86724973759348,110.25173135986978,Alpha,database,baja,success
4276,15.449590434619019,6.965141941376494,249,7,82.84500668523376,8.076282978057861,Alpha,payments,baja,success
4277,13.062179068073526,5.108888877008345,263,1,72.38833815008759,8.40762384608388,Beta,payments,baja,failed
4278,11.074692090944728,5.989341820437741,251,1,83.78808288854799,10.507507000118494,Gamma,ui,crítica,success
4279,16.097431072500818,6.281104150610638,226,3,66.28674370843217,42.218438787232024,Beta,api,media,success
4280,14.4694801702957,5.363272223040161,235,3,89.19689020379481,19.685200094168476,Delta,ui,baja,rolled_back
4281,7.315876733000052,2.1057780010233373,243,2,76.30051524001229,8.309411499649286,Delta,payments,media,success
4282,22.076758268833245,6.346706791621073,233,4,87.4640435518589,7.750274620950222,Delta,auth,alta,success
4283,9.467640751608826,6.388285683340985,262,0,77.28913778274354,2,Beta,auth,crítica,failed
4284,7.905879251367156,4.627534797342857,282,1,90.90144831697519,2.965308340115463,Beta,ui,alta,rolled_back
4285,13.742775762827495,6.501500066492499,255,0,68.30206984052437,2,Alpha,payments,baja,success
4286,13.069186170106526,5.090036722459286,223,1,56.730722908909286,11.06778472289443,Delta,payments,baja,success
4287,12.606139110373642,1.6634826416772386,246,2,73.77726072070026,2,Alpha,database,media,success
4288,6.283567602228669,6.263555392361994,251,0,81.37734022267314,23.757590499933222,Delta,api,baja,success
4289,12.368976152286397,5.653334447484504,236,2,73.8190492521136,16.0540880151093,Beta,payments,media,success
4290,13.549399410988283,7.184540478522955,248,2,91.54335700871572,2.226907107979059,Alpha,api,baja,success
4291,20.97494369197704,2.5805949236284595,289,1,84.86386391110196,14.362731367349625,Beta,ui,baja,success
4292,8.874135161962865,3.5291525639979326,251,4,56.85639662288494,2.105082611603832,Delta,ui,alta,success
4293,14.959870681931818,2.349506957461788,216,3,85.21817601511077,9.548543103039265,Beta,auth,media,success
4294,8.566312792560755,3.526325579405401,235,0,63.9873155244566,84.58524428284109,Gamma,api,alta,success
4295,13.208074385460195,6.287893277103495,271,1,85.02108156243926,15.683665562421083,Gamma,auth,baja,success
4296,8.155619112709033,6.7030987418430446,276,2,74.7342921105552,2.2178696335124015,Beta,api,baja,success
4297,4.00956385583786,4.423498426537859,272,3,74.38887321659898,11.229756195098162,Beta,api,alta,failed
4298,2.7723925305021027,3.7204179250815503,272,4,82.30765801525415,8.372949587443198,Delta,database,baja,success
4299,15.468926235656879,2.7900829532114506,243,2,77.47403833160219,64.10861585731831,Alpha,ui,media,success
4300,12.304453079627605,8.667743935791805,275,3,83.3743097371362,13.550908628851175,Beta,auth,baja,success
4301,13.540899202202707,6.956957916613723,274,2,71.8466546098781,18.17997244491905,Delta,payments,media,rolled_back
4302,3.7590728339232644,2.7893484752341444,269,4,87.15580099860186,3.5250384818255442,Gamma,api,baja,success
4303,11.41858235180379,5.295870076310744,285,2,84.3938166291232,10.73331704735756,Alpha,database,baja,success
4304,12.391917668336779,4.536245753974356,272,2,70.46056426423344,3.298364640841532,Alpha,api,baja,success
4305,18.604691473748876,5.042321711494226,261,1,68.47311689941023,29.316457315271194,Alpha,database,baja,success
4306,9.209873656817555,5.73117415351541,259,0,58.06680045760082,16.90416470814257,Gamma,api,crítica,failed
4307,NA,9.373995401377591,252,2,85.21890785715053,2,Alpha,database,media,success
4308,11.885495845822776,7.147121248018937,256,2,82.27250063415134,9.331300551120421,Gamma,database,crítica,success
4309,15.719744441964373,5.793382154724301,271,1,93.97757494572647,41.246272325785725,Beta,database,media,success
4310,12.661998426835769,3.1361462235255466,281,3,87.30918582335626,3.935530263930559,Alpha,payments,media,success
4311,12.623536653028196,8.1564236372153065,231,2,68.77660181768942,39.92485186527045,Beta,database,baja,success
4312,11.339655115941433,6.265169820917074,252,3,85.36636117819383,25.71766027727692,Delta,payments,baja,success
4313,12.351900554371412,5.616796043993497,226,1,77.28514949396768,14.224026639014482,Beta,database,alta,success
4314,12.343408800982045,4.296675103792351,227,1,67.95615586604798,14.502625364810228,Gamma,database,alta,success
4315,11.313743331798868,2.0307105852400933,255,1,52.49724547227422,11.809848379343748,Delta,auth,baja,failed
4316,11.411695147948182,6.817746511159086,227,5,76.07977252224676,18.185143938730093,Beta,ui,baja,success
4317,15.400313112907602,4.708263816494486,231,3,55.10601220259965,48.20990994370996,Beta,payments,crítica,failed
4318,11.255921748863576,7.262844437688555,225,3,74.7181193640657,5.165797915309668,Delta,ui,media,failed
4319,8.65823386282611,7.165261522765773,258,2,73.55099816115819,7.547286998480558,Gamma,payments,media,success
4320,11.621900937944003,4.865507454354491,281,1,51.77861551775181,50.79490111064905,Alpha,auth,alta,success
4321,6.9274470427181924,4.112107831855716,269,4,100,8.551312398165464,Alpha,payments,crítica,success
4322,18.874892965828735,7.857482564645675,247,3,80.91104379107571,59.09372846479741,Delta,api,crítica,success
4323,21.98736110082681,6.219758061052266,243,1,93.8576178006759,2,Alpha,api,media,success
4324,11.899174795582887,5.44078405831367,263,4,67.00669448957323,13.373391542583704,Gamma,payments,baja,success
4325,12.028130320013465,7.597171680952376,252,2,77.92475364357813,19.107790543620876,Beta,api,media,success
4326,8.073139599710304,8.951066846351928,276,0,80.98677948427915,25.337565843140315,Gamma,ui,alta,success
4327,13.228937974916049,2.1612168358577906,232,0,100,13.06086777895689,Alpha,database,alta,success
4328,15.918363098990373,5.736504918357705,245,3,83.09113928917897,31.65364567089587,Beta,auth,alta,success
4329,15.122844134154683,7.137172048356543,243,1,62.40737232146207,2,Beta,auth,baja,success
4330,11.969374130776613,3.701768390525075,255,5,71.45878866085182,65.5878714739832,Alpha,database,baja,success
4331,17.034269985327242,3.9578940596807404,243,0,70.85227220869317,9.70126371786603,Delta,api,media,success
4332,19.067338846513287,2.3469086042672127,246,1,93.17505332994727,2,Alpha,api,baja,success
4333,10.753811494662667,4.862761644878242,260,2,64.44354576462393,9.352825711117934,Beta,database,alta,success
4334,13.707895600222942,3.714669613767212,262,1,58.0690291010643,31.30478131670266,Beta,api,alta,failed
4335,16.61830091203448,2.63367546246729,261,2,79.9842096866059,8.167315567399287,Gamma,database,baja,success
4336,10.851351540833093,8.46174071343424,259,2,82.19993648349202,30.330172262077625,Gamma,api,baja,success
4337,12.531075288506205,2.5825418665159714,276,2,78.20751019512281,2,Gamma,api,media,failed
4338,7.575060000535328,5.10661291079322,246,2,89.8916780554805,23.984525503333934,Alpha,auth,baja,success
4339,8.479012560688496,5.182680149173552,255,3,63.11799108428076,22.122565313165477,Beta,database,media,success
4340,2.445466309126912,6.112849471321912,250,2,95.68705175751188,21.76325528548572,Beta,ui,baja,success
4341,9.23980246704196,2.778278180152556,257,2,77.70460631672631,108.99614926567727,Delta,api,baja,success
4342,9.888573007997174,5.643825268040391,255,3,86.96530977399237,33.21560463208466,Gamma,payments,baja,success
4343,16.265243307509195,9.656446628162243,262,2,74.14898754892947,7.163526754862316,Alpha,ui,alta,success
4344,7.621783142229547,7.976955973276156,249,3,89.52944032109086,10.126775734126568,Beta,payments,media,success
4345,11.659760204243755,3.552526878589676,242,1,82.05808240839383,2,Gamma,auth,media,success
4346,10.336070998080503,4.434387048455933,243,0,73.45074934538445,9.978768909134995,Gamma,database,alta,failed
4347,10.466042321383988,5.599888559505455,270,2,100,3.046079933628266,Gamma,auth,media,failed
4348,12.553913717967964,6.440761321709735,258,1,70.47597120321078,2,Alpha,ui,media,success
4349,18.01003803927718,5.825289561626108,250,0,75.2204187444079,76.97559570862886,Alpha,auth,baja,success
4350,7.3763024336028975,4.602587513335518,295,1,46.359482713903965,13.858611692049546,Beta,payments,media,success
4351,14.706344077210815,6.5713145612947965,266,2,66.15061798547782,4.162204708904028,Beta,auth,baja,failed
4352,9.225287435001695,3.902031470769961,252,2,67.400165230418,11.168456431478262,Beta,auth,media,success
4353,7.482066754079154,5.246539020941626,245,1,72.30494225495801,12.246890310198069,Delta,auth,baja,success
4354,15.3893132719514,5.654660068487454,276,3,55.92301645568293,5.127366445420314,Beta,auth,media,failed
4355,6.862718657505304,5.138468490149331,272,2,67.48690774136445,9.68308325484395,Alpha,database,media,success
4356,8.195186866892733,6.704933192602822,207,1,78.25627805541436,31.5973311950615,Alpha,api,media,failed
4357,NA,3.5154226065510565,238,3,59.25914585908555,2.1280115849523664,Alpha,ui,alta,success
4358,11.57203354932241,3.7863962318507682,269,0,100,7.720596337617126,Alpha,database,baja,success
4359,18.32270755816049,5.5122134070501545,259,0,62.9728059034875,3.03024605141551,Alpha,database,media,success
4360,22.83538145908784,4.08408813623436,245,1,74.22311121225236,34.16334025360165,Delta,auth,media,success
4361,12.795201916792,6.226512961712323,234,5,68.21515921420215,2,Alpha,auth,media,failed
4362,15.04227859967927,2.534489306840428,285,1,82.60081806927647,16.495139747858047,Delta,ui,media,failed
4363,12.453340753339784,4.391058121717083,239,2,77.59505591147969,10.98388077364327,Alpha,database,media,success
4364,9.748512696629309,1.236212073674512,253,0,59.87476086587063,12.311390072107315,Alpha,auth,alta,success
4365,9.128076939748873,8.75033275038764,239,1,66.61034780660465,15.777964442968369,Gamma,database,baja,success
4366,16.305382748903767,5.574172759584978,243,2,63.44824081100396,10.900171559303999,Gamma,api,baja,success
4367,14.916754807722056,5.387792847903442,258,3,93.72893115667152,10.907712110109939,Beta,payments,baja,success
4368,13.888034080683543,4.185937955066801,252,1,81.20868510314746,5.393316261470318,Alpha,ui,baja,success
4369,15.55585821612651,4.470246039947511,252,1,72.46738049987621,2.930636570746417,Beta,auth,baja,success
4370,7.465740521877898,1.4172791352113925,230,0,78.21273492733596,36.01334228624581,Beta,database,baja,success
4371,7.609586668761665,4.84243893794335,260,1,65.24915873567242,35.72411303020535,Beta,api,media,success
4372,12.620064748766795,4.2928348150264455,228,2,84.97876258402079,11.04871915653348,Gamma,payments,baja,rolled_back
4373,14.162831899428518,5.8645177057033235,234,2,75.25755208968947,80.73573606803056,Delta,database,media,success
4374,16.60322893326186,3.8381403500713063,223,1,78.79110141573153,11.264905408029856,Delta,auth,media,rolled_back
4375,17.908199557332242,5.674041961981847,245,1,76.60234788619015,12.770580645650625,Delta,database,media,success
4376,12.728751642168378,5.515232756563098,243,3,100,2,Gamma,api,alta,success
4377,7.5956705704985374,8.338897947457598,257,4,63.50217108417354,15.456199083477259,Alpha,auth,baja,success
4378,7.189890946963857,5.997049590053655,285,5,70.53620230979101,42.3317281881672,Gamma,api,media,success
4379,8.133165294016603,6.9492605009557264,243,4,75.6984285966025,32.199248849337394,Gamma,auth,media,success
4380,17.577965041731833,6.177639698041227,245,1,81.22596677818458,2,Delta,database,media,success
4381,13.617441082851437,3.545054041050741,259,0,86.49608238121208,24.3786758099845,Beta,auth,baja,failed
4382,17.961263448776243,3.908099380819743,250,3,64.72755742217062,29.911716318612392,Gamma,database,alta,success
4383,9.277138855707854,4.615609121413119,228,2,75.7231911600424,45.43852909746133,Alpha,database,media,success
4384,11.790878479721256,2.541898774632322,233,1,100,9.522630677675762,Delta,api,crítica,success
4385,14.547294531328534,7.040064353294675,265,1,82.4352882142621,16.943988806491188,Alpha,auth,media,success
4386,13.427533034482119,4.866364578077933,242,1,74.681691398808,51.580778976586544,Alpha,auth,media,rolled_back
4387,7.297535798465289,5.122387405562009,249,2,71.40149415630076,75.25587075545427,Delta,database,media,rolled_back
4388,6.055788705576734,5.494514854836047,260,1,64.5220042375619,65.02731848950711,Beta,payments,media,success
4389,2.218510467310118,7.431787084880412,249,2,90.39578044567365,8.806103847920895,Delta,payments,alta,failed
4390,14.600797267352679,4.331031653973711,253,0,78.29003911770242,17.88997169696456,Gamma,ui,media,success
4391,14.389835382383408,2.99137361812472,232,2,66.41688879972091,13.060157518833876,Alpha,ui,baja,success
4392,11.976337861338493,6.186084914461592,237,0,70.20335570685063,35.673808354271245,Alpha,database,crítica,rolled_back
4393,20.13952183020067,2.8008087796647185,249,2,62.60543348838931,4.245322734453334,Alpha,database,baja,success
4394,13.10515591952222,4.6636501934284755,238,7,56.626165122909654,53.73073975073437,Beta,auth,media,success
4395,10.0141351625747,5.142136261749149,252,3,86.34113603482152,2,Gamma,ui,alta,failed
4396,16.68086488167792,1.6861781574945374,285,0,68.73678857462386,72.13663655116197,Alpha,database,media,success
4397,16.016601998612447,4.908042978358093,250,0,59.18407923046189,11.475486036390066,Alpha,ui,alta,success
4398,9.173441221148954,7.220627349844076,236,1,57.504246830611415,2,Gamma,ui,baja,success
4399,12.274257003742315,6.2377630351240025,254,1,68.15226008541812,7.078871991845363,Beta,auth,baja,success
4400,15.54970500021179,6.1478459395351255,263,0,61.42802739590921,51.075387160249626,Beta,auth,alta,success
4401,15.804321794045613,4.881491301352664,225,4,86.6189665553227,46.20378219879685,Alpha,payments,media,success
4402,11.468095938607261,5.88150891346417,242,0,50.95041787155147,20.109421733575445,Alpha,payments,alta,success
4403,6.8576629637349695,4.061000344106746,238,1,79.53093565087595,3.5391945367882585,Beta,api,media,success
4404,18.6446594248603,7.89141239719579,223,2,68.85273360976419,21.850061013286403,Alpha,auth,media,success
4405,12.54630622388485,4.620536513167487,241,0,84.7431395851679,20.696624006438967,Gamma,database,crítica,success
4406,10.142544687897443,8.438161943410408,257,0,80.30100225430337,3.5454910062253475,Delta,database,alta,success
4407,10.774304777125991,0.9716158505155867,216,3,88.88361941804453,2,Alpha,payments,media,success
4408,10.256750797879088,4.068761557835655,263,1,49.40854966870385,25.583014837389285,Beta,payments,crítica,failed
4409,5.168708803092357,5.530444588862924,273,1,94.79871735515317,50.52452811248969,Alpha,payments,crítica,rolled_back
4410,11.314843116903049,8.962458285888037,239,1,89.65028364224858,19.643189570789627,Beta,auth,alta,success
4411,15.95526300713908,3.1740036444504134,253,0,81.56287652921529,19.68530736017733,Beta,auth,baja,success
4412,21.142568212941832,5.4944412078321525,223,1,87.10653371167128,14.977644838392735,Gamma,ui,media,success
4413,9.856211925235124,3.629430476878158,243,4,84.4766482827934,12.414580684496606,Gamma,payments,alta,success
4414,11.243644996917874,3.5661459746411746,257,0,65.21951338800062,5.474161628633738,Alpha,auth,media,success
4415,14.629003363914492,7.053455972127599,246,1,81.92601959021,33.6981219343438,Alpha,payments,baja,success
4416,11.331489527732405,4.7914543971665955,249,0,96.71053650981975,26.78196988899022,Gamma,ui,media,success
4417,9.852931999697585,2.6988085143656333,231,2,68.11579776812665,6.7612897202072215,Beta,ui,baja,success
4418,10.666243843322272,5.308292672210011,237,1,74.16749589856367,24.364557242875392,Beta,api,baja,success
4419,12.89161659305144,5.824927736032963,225,2,99.35396959931852,13.872872851788998,Alpha,api,baja,success
4420,3.0331913294744144,3.571507053671265,278,3,64.55932544615774,15.43829008564353,Gamma,api,baja,success
4421,9.428827651728657,4.4057246141656226,249,1,92.91565579650131,53.223675285698306,Delta,api,baja,success
4422,12.518027117238526,7.737134061144165,258,1,73.18075282525724,2.1843435207287643,Alpha,database,media,success
4423,14.00273572995679,4.610174161743631,235,2,95.17415160215114,14.468473255634308,Beta,api,baja,success
4424,8.07724852880838,0.5,228,1,93.4861916555619,8.877720080316067,Gamma,payments,baja,success
4425,9.606316813604726,6.647957176420684,277,1,71.10774696368013,20.14972738075762,Gamma,payments,baja,success
4426,5.25206111265575,3.6935014024832107,253,4,70.11621079889898,24.20436253297835,Alpha,auth,baja,success
4427,13.851942011408969,5.114185340108711,251,0,70.85143774979149,19.61418331313639,Alpha,database,media,success
4428,14.531938301220416,6.149456197401195,237,1,71.94508573551896,8.113543588668108,Alpha,api,media,success
4429,11.703519956119663,0.5,258,4,72.79860445172213,2,Alpha,ui,baja,success
4430,12.111846265072293,8.421793814164868,246,1,73.26254374322497,65.80564377899495,Alpha,auth,crítica,success
4431,1.9516020428635095,8.887321295661742,284,2,100,4.463080683342368,Delta,auth,media,success
4432,17.653936083203263,3.294611033423731,240,3,70.16047633106334,12.574554925531842,Alpha,auth,alta,success
4433,10.787121851707113,6.929471831217818,246,4,83.9482370857713,3.7614720669382242,Delta,ui,media,success
4434,9.602755464557193,10.482799204006344,273,1,89.73560089907508,15.989238381385803,Beta,payments,alta,success
4435,12.078648765831954,2.8621925739862752,248,3,57.40800680154058,6.367807388305664,Beta,auth,alta,success
4436,14.410529218861633,6.590918432152603,223,1,69.99112225070144,4.013350511604964,Gamma,payments,baja,success
4437,18.294740066881232,3.0165354217043117,231,7,74.20339922750334,82.30587261511918,Beta,ui,baja,failed
4438,13.554231990679012,3.7811461333019145,246,2,51.309300643073414,2.6976444348692894,Beta,auth,baja,success
4439,7.500414936148363,4.265778667510955,249,1,90.53104622605613,2.494983673095703,Delta,api,baja,success
4440,11.682848517823725,4.644950098093529,255,2,67.40934819311435,59.6905243515524,Beta,api,alta,success
4441,12.430170022718794,8.077021644408648,253,3,77.83335108212425,53.060934741790106,Beta,api,baja,success
4442,12.656979150078621,7.311434078488237,246,2,61.49684040066848,20.687668046837143,Beta,payments,media,success
4443,15.937776581541279,7.119264015649177,248,5,76.86656412043746,8.134033273905516,Alpha,auth,baja,rolled_back
4444,11.650941146307014,5.908137916549928,252,0,75.20792445769757,2.4857485815882683,Beta,ui,media,success
4445,8.872860189582916,6.86322636487453,209,1,91.99287778194024,35.819278968344314,Beta,ui,alta,success
4446,17.570449849424577,4.644909542680008,210,2,85.97218297671299,24.580022300284092,Alpha,payments,baja,success
4447,22.981090174977247,3.9709795355273223,267,2,81.16290700195985,41.53126448191224,Gamma,ui,media,success
4448,10.7985393983124,3.1327808738313156,247,3,63.44136473043145,6.983532979737658,Delta,database,media,success
4449,15.76028281375601,3.158716727001611,258,1,78.54295072757165,76.4080465646236,Beta,payments,baja,success
4450,16.3296514370477,6.778392390941866,274,4,100,23.664017802958778,Alpha,ui,media,success
4451,15.68038437024276,4.016352929405155,256,3,76.05407134745641,4.146823896083876,Alpha,auth,media,rolled_back
4452,10.37513912498207,2.6136890836500273,259,2,72.72019177954337,16.220859970897436,Alpha,ui,alta,success
4453,14.658009346108894,8.236863840120042,232,1,78.09108277559902,27.329685016458328,Delta,auth,baja,success
4454,16.908204180623663,8.179199934937571,271,1,76.99921234632976,2,Alpha,payments,media,success
4455,23.955610146524656,7.322999963556819,224,1,56.05599633684575,3.5482195541583943,Alpha,api,alta,success
4456,13.598676263064014,4.827160522248773,254,0,89.02021451659908,2,Gamma,ui,alta,success
4457,12.286184605103202,1.688466172942979,213,0,67.16518050738877,19.41331350702553,Alpha,database,baja,success
4458,8.20528755152937,6.866078267331269,251,1,82.04484942036571,18.65829375285416,Delta,auth,baja,success
4459,12.053598381497345,5.295241821513503,231,4,71.19505795194021,2,Alpha,api,baja,rolled_back
4460,14.824055258401334,3.71676785628204,264,1,92.02967263556067,15.994476031512022,Delta,database,baja,success
4461,14.662777265511668,5.134224583211413,272,2,74.2352399681215,4.965036792606377,Gamma,payments,media,success
4462,8.375267499962877,4.260599751815769,251,2,81.15929762065716,33.38299999929486,Alpha,api,baja,success
4463,12.019078860191751,7.079157062491576,219,1,79.2748860304495,5.5391026892557775,Gamma,auth,alta,rolled_back
4464,7.6682579488160565,2.3356579092877103,243,3,78.31211903229432,15.855597361922264,Delta,database,baja,success
4465,13.625674861646617,7.4652056046822874,249,4,78.02680070379685,37.26502605646733,Gamma,api,crítica,success
4466,12.363308076180898,4.280762924805127,240,0,87.66930674945901,31.50476208228379,Beta,auth,alta,failed
4467,16.860695698328975,6.296288971448488,264,3,66.05148537934032,105.85440068803017,Beta,api,baja,success
4468,12.602555646249959,3.5078605293889984,258,0,75.80611495259717,4.793744947761297,Delta,auth,alta,success
4469,16.026887324944518,6.315316894840322,273,2,74.82294241691481,41.5932165811163,Gamma,ui,baja,success
4470,14.361635947960878,1.7964154979443498,252,1,66.959933391555,2.429669190198183,Delta,payments,alta,success
4471,8.603620284162666,2.877234929981865,251,2,65.61878678556835,31.08281392503291,Delta,auth,baja,success
4472,6.034788814886907,7.645741114622596,233,5,69.55346092119348,61.33009434933987,Delta,auth,baja,success
4473,11.837255005572649,0.5,271,0,82.3013288185334,29.51829028028756,Beta,ui,baja,success
4474,20.781259331528666,6.382218736679045,251,4,80.52142635297557,14.950937122106552,Alpha,database,alta,success
4475,15.052952768462585,5.02707833615369,258,2,61.47082574511859,32.22936337340384,Alpha,auth,baja,success
4476,14.093774977599834,2.544474680050195,239,3,82.43599328158874,19.850715680902294,Beta,payments,baja,success
4477,14.559010791667395,3.8946309769886724,251,3,74.95169947943478,4.6962452083826065,Gamma,api,baja,success
4478,17.15843807364527,5.5226527418375335,244,1,70.98202765991381,13.74897750467062,Beta,payments,baja,success
4479,18.753249567374183,4.650812504794356,235,2,72.64680899364075,83.77412630113508,Alpha,auth,baja,rolled_back
4480,15.857136184279685,5.8922383549710204,247,3,77.75102319306214,66.20762680168477,Beta,database,baja,rolled_back
4481,17.167387853042943,5.816864569534799,238,3,76.81261233902737,32.32903996009141,Delta,api,media,success
4482,16.1399789729184,9.527161292762429,251,2,87.31485350156038,27.14249011773377,Gamma,database,baja,success
4483,17.616412615656163,4.0379795465751585,259,1,74.68293093914691,81.56437021090623,Beta,api,alta,success
4484,16.62882889135598,6.141198674331598,224,2,88.78578727439887,42.88850976325093,Beta,auth,baja,success
4485,5.602667362625333,4.553515089111177,260,0,83.25191036809622,17.86699555713444,Beta,ui,media,success
4486,8.993491336446858,2.3261557818353618,278,2,86.6033767597338,41.83749420739232,Alpha,api,alta,failed
4487,11.043407875835356,5.796628722437984,223,7,82.07139290649071,18.53346341205036,Gamma,payments,crítica,success
4488,11.918097519649058,1.6710188286073437,246,2,63.077813030361995,3.1282898895442486,Beta,auth,media,success
4489,19.8534931942995,6.523792262592915,291,2,87.62988393726995,9.978381123393774,Alpha,api,baja,success
4490,13.559382316015254,5.161817891407391,259,1,64.17059524908224,24.665758139376933,Beta,payments,alta,success
4491,16.266331008778437,6.264540828542196,259,3,76.47683298493794,8.816227544275383,Beta,ui,baja,success
4492,10.915147461811365,3.1924492360997627,228,1,53.934456601473684,41.820826200614555,Alpha,payments,alta,success
4493,12.749426525149094,4.312841394633121,255,0,64.4296322730332,43.279981208811385,Alpha,auth,crítica,success
4494,11.283901810296,2.9615453026476457,252,3,78.83897177336182,38.895947007308585,Delta,ui,crítica,success
4495,11.373654096682278,7.072060242302535,260,3,96.15863623264394,21.81226352247424,Delta,payments,baja,success
4496,19.157771898344915,2.091059411869147,247,1,76.26047490820004,8.363747829268396,Delta,api,alta,success
4497,13.23401590917671,6.660177689431777,258,4,76.79459783713037,11.274508282542229,Gamma,auth,baja,success
4498,13.460788037193707,5.586591786894085,243,5,70.57317540946815,17.72417750064435,Beta,auth,media,success
4499,11.832313708089464,6.805977686479206,256,0,82.50135320022477,33.19444971430808,Beta,auth,media,success
4500,9.604069879442628,5.509580081561561,260,2,70.51310231360554,21.57276177305489,Beta,payments,baja,success
4501,11.189938630941102,6.685974140242538,227,0,65.39094505554326,46.33448665671709,Alpha,auth,baja,failed
4502,7.142470251096031,4.692550493538084,234,0,82.29973115150038,38.47533997691689,Delta,ui,baja,success
4503,11.921894615664865,3.069258232433805,245,2,71.59595787947659,6.462663408368826,Beta,database,media,success
4504,8.983865853826629,0.8849376161220741,266,3,84.61073953861651,3.0306339043491732,Beta,api,media,failed
4505,16.756350353422096,8.150064920881736,228,1,80.25151871530669,2,Beta,ui,alta,success
4506,18.040666966167024,7.568310700313807,253,3,82.84061000609994,37.665436817179305,Delta,payments,baja,success
4507,7.318429502623349,1.4776292450687842,237,0,61.94607331311917,6.134349339345523,Gamma,payments,alta,success
4508,6.824286905692583,7.180485999692793,258,2,62.54713044888898,16.199752114713192,Beta,ui,alta,success
4509,10.059973390223202,3.8636130565341738,248,2,49.6555784345411,26.215943544094856,Beta,auth,media,success
4510,11.761219723174017,6.0342551033211365,260,1,78.23403939546355,23.819052392662186,Delta,api,crítica,success
4511,12.512318842194349,3.9607404372436363,244,5,83.83501244844358,17.181834652011684,Delta,database,baja,success
4512,15.191729003024811,8.220847027796303,252,1,64.59392553677515,3.6622421155633997,Alpha,ui,media,success
4513,7.93569799885251,7.679200119544874,245,5,69.584152317987,19.026145375256828,Alpha,ui,baja,failed
4514,12.985813180430343,7.274308068324235,257,1,100,20.941279143387845,Delta,api,baja,success
4515,9.444472278838797,4.10192247796705,228,1,81.48505320525383,15.992302995175123,Beta,api,baja,success
4516,9.590861648296595,4.304442103950961,222,2,69.56942503554815,11.786793988198042,Delta,payments,baja,success
4517,14.196426558806015,5.325958840854116,255,1,89.32537211767567,2,Gamma,auth,media,success
4518,12.49637935944429,3.9710746846953002,267,3,67.54334591251774,114.41356917610818,Delta,ui,baja,success
4519,14.838233018782919,2.685189940814144,249,3,59.70592644783547,11.145113414165497,Gamma,database,media,success
4520,8.705238549943697,4.6163530287959365,249,2,71.70721863363178,36.810148226971386,Delta,payments,baja,success
4521,12.346948614322015,2.866383463184656,230,2,74.8545600655938,5.626629497855902,Beta,auth,baja,success
4522,11.286327219560555,5.656119745282705,227,0,60.63626807326219,41.31689700393025,Delta,api,baja,success
4523,16.094552672051254,4.072850344485898,258,2,83.87679034538408,55.705428641990096,Alpha,api,alta,success
4524,11.888312853007227,4.353268690411658,230,3,64.284569852112,11.919069473546463,Alpha,payments,crítica,failed
4525,8.8122612708703,1.6713152249142076,245,1,96.37527697320644,3.70296273753047,Beta,auth,alta,rolled_back
4526,14.875182565171565,8.415897040840266,262,1,87.86863816745272,22.226429766898445,Delta,auth,media,success
4527,14.101256029502235,4.742803679788779,266,3,76.54901589106947,2,Alpha,api,baja,success
4528,15.26163341303081,4.439689406938344,254,0,92.45789629886059,9.230620320886374,Beta,database,baja,rolled_back
4529,12.682185856882668,7.349462166065515,237,0,85.39252796749305,5.728929106146097,Alpha,payments,media,success
4530,8.649365847513373,2.9886353230648526,260,1,79.47277747847285,2,Beta,database,media,success
4531,6.058415280328288,3.5459188255414404,224,1,75.94951686494464,43.13973086777308,Alpha,ui,media,failed
4532,16.402225183395224,6.438938568416599,253,2,81.60234344747272,73.57508772400567,Beta,api,crítica,success
4533,15.740989532544528,6.642665821284895,244,2,66.06387632141599,12.489243194460869,Delta,payments,baja,success
4534,12.154735085570417,1.5726528985808113,252,4,70.82835880410138,26.997360794728095,Beta,payments,alta,failed
4535,2.4205599000225373,5.219150169628047,262,1,69.77161844162772,17.916251076543574,Beta,auth,baja,success
4536,11.614879769757863,5.354314921823274,258,2,82.3062691191626,9.358722388744354,Beta,database,alta,success
4537,15.276185513026704,5.347248946419495,258,1,83.22156094740873,2.443579103797674,Delta,database,alta,success
4538,10.033939169012491,7.13279202624574,241,0,87.39317463145677,58.47105060215321,Gamma,auth,baja,success
4539,13.246625109421444,2.2027094294293423,259,5,75.15828600149595,12.335687642274962,Beta,database,crítica,success
4540,7.849933469455848,4.2079273711289655,241,2,66.19342846502808,6.427544686943293,Beta,api,baja,failed
4541,14.054382733730076,2.216073576372309,282,5,76.93134627088207,5.141147684848249,Delta,database,baja,failed
4542,6.674030400094671,4.589751577564653,248,3,76.43437807673546,2,Delta,database,media,success
4543,9.792869531670693,2.65272773527014,240,4,80.10329464271528,2.333579655736685,Delta,auth,baja,failed
4544,16.942699878399157,4.50804721696416,221,2,81.02506522414366,21.9524032744978,Alpha,api,alta,success
4545,11.111319383213868,5.5558237078167245,255,1,63.34670329877167,37.276547757754905,Beta,payments,baja,success
4546,17.683843431966444,6.246375190839444,240,1,70.69387543538896,9.302770290523767,Beta,api,alta,rolled_back
4547,13.461480799993344,4.648247928075859,235,4,81.44041214780506,4.632933273911476,Gamma,auth,baja,rolled_back
4548,16.927381158928014,5.032592704695737,240,5,75.30820615720974,10.26119951040611,Alpha,ui,media,failed
4549,11.733824947162464,4.894351590539175,285,0,78.0808097053177,27.581441423778827,Delta,database,baja,success
4550,14.724238699128506,4.193392161812213,241,0,100,2.741669048616758,Beta,database,alta,success
4551,14.133052005117094,5.022080560582331,250,0,55.06798389623387,7.878693424165249,Beta,ui,alta,failed
4552,10.474372362914487,1.9007132926723478,231,2,75.99905119021716,65.14172811503735,Beta,api,media,success
4553,18.384101727763912,2.2035651167312023,232,2,65.62958633227052,41.59710100091515,Delta,ui,baja,success
4554,15.562031221966553,4.374316912692754,247,1,75.74569360526394,17.545202745813796,Delta,ui,media,failed
4555,8.701719589807162,1.4997248134779397,225,2,78.47824626470606,18.60219342613506,Beta,api,baja,success
4556,16.756991925273134,6.152064474955345,251,3,89.43072340908408,15.223200649023056,Delta,payments,baja,success
4557,10.081860531272415,2.239697076336138,249,1,66.2834026613506,54.52410156391609,Beta,ui,baja,success
4558,1.5278159036298522,4.795582899247302,227,1,75.71789713877934,20.115767999475292,Gamma,auth,media,failed
4559,11.112611704252076,4.790631241230568,255,2,62.541158969372404,28.048020980243976,Gamma,payments,alta,success
4560,8.293449697975934,8.662595392481727,244,3,84.85400211684997,5.5273622162640095,Beta,auth,alta,success
4561,10.368771966901193,3.063635233425486,248,3,73.9153802720717,20.11431807474853,Beta,ui,baja,failed
4562,9.590814962763424,2.468665027591508,232,0,81.0682114910293,62.381747198060424,Gamma,ui,media,failed
4563,2.224569038093465,8.25275215009276,256,3,73.96198820467849,5.794323418289423,Delta,auth,baja,success
4564,9.988152900272611,1.4233660597231546,244,3,97.34861470469087,13.744684595614672,Alpha,ui,baja,success
4565,15.851481450209697,4.152564621573109,277,1,81.61745024027474,37.90437702632962,Beta,auth,baja,success
4566,5.260319306890881,7.034078788283614,278,1,79.76275721928026,26.39938243377715,Delta,auth,baja,success
4567,17.80243506449707,4.988598344881528,264,2,56.697281721215205,49.7454546222788,Beta,auth,baja,success
4568,18.118067564819917,5.2773773353945925,258,1,75.24364861561408,20.5872750421217,Alpha,api,crítica,success
4569,8.211917653079214,7.546652276258861,244,4,71.15920533746565,68.25798582627412,Beta,auth,baja,failed
4570,21.178633034028582,6.104389030838979,265,2,100,10.948067449472957,Beta,payments,baja,failed
4571,7.602339923276317,2.394143212117877,266,1,71.37471619244363,36.546141565758816,Beta,api,alta,success
4572,NA,5.350568866401258,234,3,56.743368864576176,7.976448979228735,Alpha,payments,crítica,failed
4573,10.422270607044554,3.4020356138173806,247,1,63.19164571847311,9.07003735215657,Beta,database,alta,success
4574,17.037946447197363,6.38711264320626,254,3,75.06519564974809,47.514038530955894,Beta,ui,baja,failed
4575,6.986021605278954,5.272087207055642,264,1,68.76733346238188,34.303079945812804,Delta,payments,baja,failed
4576,10.15218168833283,5.003601626612194,270,3,80.18386620710932,37.50366675652085,Gamma,api,media,success
4577,6.046224435812708,1.2025694241972187,270,2,68.65701251816834,6.132089853286743,Delta,database,alta,rolled_back
4578,15.352858264756083,6.110879567701148,246,4,80.11519282003032,24.806406608705814,Alpha,auth,baja,success
4579,14.2895005277766,5.618362734761318,253,0,83.34922385780226,15.460933171212673,Beta,payments,media,failed
4580,11.483569967404625,1.9302722453325427,267,1,79.74299629159401,8.656069848686457,Alpha,database,crítica,success
4581,8.784045306310327,3.525131567017229,254,3,76.99658967706462,79.12625938250657,Alpha,database,alta,success
4582,8.1069637753311,3.883159731853609,239,1,93.92794828782041,6.813190447061649,Delta,api,baja,success
4583,12.366668627199079,6.222890637385779,216,3,62.640298524601704,30.0709276702408,Alpha,auth,baja,success
4584,6.40577868659132,1.862919286433665,266,1,73.47251620043403,5.792120508849621,Beta,api,crítica,success
4585,20.229134799406033,2.444312165169277,249,0,46.95811722727672,21.169890022759727,Beta,api,baja,rolled_back
4586,7.5920550353403025,5.840760614725064,271,1,95.3762582501949,5.405881427228451,Gamma,auth,alta,success
4587,11.70351706796128,5.049008360942555,254,1,81.25076218247997,23.073070330699746,Delta,payments,baja,success
4588,NA,4.313691638613741,255,1,71.2486980883615,36.258434546957595,Alpha,ui,media,success
4589,10.962889829538547,5.541391306619639,241,1,59.79288628968679,31.63408423114329,Alpha,api,crítica,success
4590,11.679819164858507,4.496651583938265,265,1,84.1816281916651,18.37374322760611,Alpha,database,baja,success
4591,14.16425207278622,1.3652581838396571,247,0,91.6532220931432,39.57427131928025,Gamma,auth,media,success
4592,8.691197196648737,2.605772359776193,265,4,75.81866616430857,22.15214981037884,Gamma,database,alta,success
4593,8.114430170069518,5.972400180096047,222,3,75.64094774372577,58.8180427073988,Alpha,payments,crítica,success
4594,15.15158064209249,2.677537430668986,270,0,63.828548811153524,4.761551046178678,Beta,payments,baja,success
4595,20.046343158712247,7.892736255418466,260,4,76.00378082845566,50.82831480975835,Gamma,api,media,success
4596,14.87647277847702,7.965521078358149,254,5,79.65578723227058,61.638823044255645,Alpha,api,alta,success
4597,13.777777289311222,2.058219344304153,225,1,70.6694288841787,18.62107016790419,Alpha,api,baja,success
4598,12.75547643621042,7.099881048855196,257,2,76.1650458052398,5.494316641241312,Alpha,auth,crítica,success
4599,12.308766808903627,5.268903843362147,228,5,88.5199212891605,46.40616828001557,Gamma,auth,alta,rolled_back
4600,4.2848435122813875,5.506478944317949,250,4,99.84514218776638,64.23749290959216,Beta,payments,alta,success
4601,14.2895875747643,5.160542352823664,249,1,64.27120049840744,8.51709459722042,Delta,api,baja,success
4602,9.983631319212607,5.720182057049128,251,3,79.73322750594386,20.11239684011343,Alpha,database,baja,rolled_back
4603,13.193100656663177,4.201644460693,262,3,46.56091495662025,11.101307731121778,Beta,payments,baja,failed
4604,18.010794168481134,3.861756381711212,268,5,80.38952156465382,14.432701092213392,Alpha,ui,baja,success
4605,11.445742139637673,8.490681783010967,227,3,77.25882181934985,22.55686662967925,Gamma,database,media,success
4606,14.324226045258392,3.2524071441388225,281,4,92.54091339270117,3.961842566728592,Beta,api,media,success
4607,9.159569702681026,3.597529673246019,265,4,87.35604693760628,61.050907325700194,Alpha,auth,media,success
4608,17.62826733504342,2.765642364606595,241,2,100,4.887138158082962,Beta,database,baja,success
4609,17.71414038137452,5.560906485603949,257,0,72.3006707485925,5.625303495666666,Gamma,ui,alta,failed
4610,15.089767132128683,3.7437782585890904,267,0,73.86772761029597,5.850567391926383,Gamma,ui,media,success
4611,15.190900090260168,5.18356804965725,296,2,96.44420596487998,6.998741324990988,Beta,database,media,failed
4612,13.186361234671587,5.622284929895355,254,2,62.694906134398394,50.98606024380055,Beta,auth,media,success
4613,13.509178044793165,9.939236009210347,270,5,69.31844552424722,3.435700234025717,Delta,ui,media,rolled_back
4614,14.002344146372424,2.4235165542910306,227,3,75.5761698682799,62.331944325926315,Beta,api,baja,success
4615,11.319422158221201,7.4189768110562735,268,0,79.67779835482713,14.721611961722374,Beta,auth,alta,success
4616,9.7946641633979,5.2543653235222685,253,2,63.91118573898948,5.436633970588446,Gamma,ui,alta,success
4617,10.7856522022769,2.561823355899059,255,2,94.00472452079529,2,Delta,auth,media,success
4618,14.118116956843211,8.894831143595203,252,0,78.54346013208142,8.711178213357925,Gamma,ui,alta,success
4619,10.457881711076555,7.775699168514608,266,1,77.25635158223074,30.245783328001792,Alpha,api,media,success
4620,4.294466451589175,6.004612374247803,237,1,82.47510456891449,12.20856822654605,Delta,auth,alta,failed
4621,14.957374178418412,8.706762947479191,244,2,76.8345517593143,2,Gamma,database,media,success
4622,12.942618162962756,5.678120646345776,232,1,74.83248463110377,11.032908573746681,Beta,api,alta,success
4623,9.295451905662238,4.417836369623275,266,5,87.23066974458739,6.021246588509419,Delta,ui,crítica,success
4624,11.062412811170264,6.95689890233149,202,1,66.28118709543067,2,Alpha,payments,crítica,success
4625,13.6191703449811,7.541762178826936,227,0,57.36342594574475,4.323586743324995,Alpha,database,baja,success
4626,18.581136036337213,1.3434717647614414,239,2,70.65361339278806,3.591720476746559,Gamma,api,baja,failed
4627,16.284295474554863,5.769747139610707,233,2,76.69366211709428,8.91976734995842,Alpha,database,crítica,success
4628,9.574773598508134,7.144350432257422,245,2,61.834159388456534,3.697730127722025,Alpha,auth,baja,success
4629,21.861755831231463,6.0854875724672866,221,2,80.52604750744361,79.66140460564729,Beta,auth,media,success
4630,17.18829383145467,4.410608958932722,201,2,81.73643709097769,36.6329730281931,Alpha,payments,alta,success
4631,13.955640201493754,3.8917127106919827,263,1,62.35040980714091,2,Alpha,auth,baja,failed
4632,13.518244064018031,4.323545560618224,233,0,92.03083904866817,18.27039114285021,Gamma,api,media,success
4633,10.020402081319162,5.369329836096463,244,2,88.83187266928921,2,Beta,ui,baja,success
4634,14.168261945918092,4.363373124295128,218,0,66.6929210141467,3.840080893089533,Delta,database,baja,rolled_back
4635,14.659486148510041,5.200283834958464,249,2,67.88069304310837,8.283816687762737,Gamma,ui,baja,success
4636,11.51242916635802,6.189592658932895,244,1,71.95107787884747,20.7426505823782,Delta,ui,alta,success
4637,13.847587618912812,6.493107609081624,271,0,92.76229075594323,22.69272357869654,Beta,api,media,failed
4638,NA,4.70074919473714,267,1,74.20188108400289,46.677177650700195,Alpha,ui,media,success
4639,16.68837950423475,3.1041767325497047,253,2,66.24836287488824,2,Gamma,payments,media,success
4640,11.64060700244154,4.83323644605048,263,2,82.66592240778365,33.46156192596921,Alpha,payments,crítica,success
4641,4.688464069807091,5.192792338876803,272,5,83.62222068809409,110.08429714432413,Beta,ui,media,success
4642,10.17917643059007,0.8497433024392418,260,0,82.51899880002748,4.238452032208443,Alpha,auth,baja,success
4643,13.089357268824308,1.1975120707918925,231,0,95.43348170945887,17.882443404747125,Beta,database,media,success
4644,14.430443657935175,4.423855336152196,272,3,96.10538814621322,8.859811004251242,Beta,database,media,rolled_back
4645,7.376921587030719,3.419988345010526,236,2,72.5928245623831,28.214032676102356,Delta,auth,baja,success
4646,12.227814662981698,4.053865767062501,245,4,58.55735375245054,16.648750900266098,Alpha,ui,alta,success
4647,11.596342397520257,3.6427124333659933,254,1,74.23648251746782,67.37979769303438,Gamma,payments,alta,success
4648,10.094439180557503,0.6964173507224896,260,3,77.89727803746348,84.06186525219542,Beta,api,crítica,success
4649,8.199793702367657,4.445976368790462,278,2,91.82515531983448,35.18399445510922,Alpha,auth,baja,success
4650,6.562978622071296,4.141435806166532,227,3,65.39998534813492,21.267699346109456,Gamma,payments,baja,success
4651,12.90973663274937,4.328540394935132,238,1,56.861435776600224,14.816729340702295,Alpha,ui,media,success
4652,7.565228077512202,3.484775085493526,246,0,85.27945177231612,27.324150792246158,Alpha,auth,baja,failed
4653,8.831742682062501,7.787111071835501,259,2,63.7405379553276,22.865254147832683,Delta,database,baja,rolled_back
4654,15.103320723781367,4.173699500488395,260,1,53.492493671113806,15.59864316880703,Alpha,auth,baja,success
4655,9.939933976547728,3.607643067494636,244,2,88.82621607044042,13.353512048721313,Gamma,ui,crítica,failed
4656,13.240787793334619,5.200944835223936,237,1,89.65502962776965,15.169982939958572,Delta,api,media,success
4657,16.10755505232146,5.30958063233819,258,1,64.29564851817037,22.00422043997555,Beta,database,media,success
4658,12.830580570349248,5.817714457903025,262,3,75.69522074111666,9.373690120875835,Gamma,ui,baja,success
4659,12.311357337167331,1.5613535926570163,230,0,62.6441411738798,17.83755934322556,Alpha,payments,baja,rolled_back
4660,9.59410764567933,6.778165857326399,257,1,62.8317074124814,29.212850130086238,Beta,database,alta,success
4661,8.941992218225982,4.717229484770031,241,0,67.81681507095128,12.978250688642351,Alpha,auth,alta,success
4662,8.539180641815184,5.375479711202656,235,2,74.68398454635597,42.11385234988747,Gamma,payments,baja,success
4663,13.418744622730374,4.240704461836371,250,2,85.30879239761774,85.41548157724287,Delta,database,baja,success
4664,4.551407210512024,4.09193167634736,229,1,91.71838554131016,8.568915568292141,Gamma,payments,media,failed
4665,13.678275317949915,5.741506109028875,275,1,75.51032486048688,44.211030093799216,Alpha,database,alta,success
4666,7.292265369833733,5.570439436320395,280,2,58.665488014835994,2,Alpha,payments,alta,success
4667,12.684693795433857,4.789855514298935,233,0,59.703144528981994,33.54147782720147,Alpha,ui,alta,success
4668,17.064276709634903,6.161077377181176,264,2,61.28168886819191,65.04773919236362,Gamma,api,baja,success
4669,14.060911755518536,7.3262040090412555,226,1,51.92490683794768,29.344594425444896,Delta,database,crítica,success
4670,10.911399298657512,3.156791831489288,231,2,63.50037308741931,35.94597221709309,Beta,auth,alta,success
4671,13.25906487123799,4.111300348523816,278,1,67.06721801048067,213.02517645341266,Alpha,auth,media,success
4672,5.373263300335131,4.680519783893341,257,1,70.47829592413787,4.68516874514972,Alpha,api,media,success
4673,9.78935218005654,2.4606565596779357,250,0,100,5.9492437263865385,Alpha,payments,baja,failed
4674,10.925334111830265,6.812093476106988,254,1,94.25367144341956,12.439331752473748,Alpha,ui,baja,rolled_back
4675,1.276431872983565,4.889074059973365,244,1,66.68619969957867,8.190076779574156,Beta,payments,media,failed
4676,19.060274207410437,2.615450885301931,254,6,72.5605104226968,20.515749758963874,Beta,payments,alta,success
4677,13.314218595506658,5.412008029602983,256,2,58.20346304740384,2,Delta,database,media,success
4678,16.19202838757536,4.547421254380204,247,0,74.98396583938869,2,Beta,ui,baja,success
4679,11.91694179265096,3.9799195824582108,268,3,80.88402763889847,16.102736324071884,Delta,auth,baja,failed
4680,13.935334730903634,3.514964312394203,229,2,66.4731011701877,2,Alpha,api,crítica,failed
4681,19.631835659109605,8.778012290055575,283,2,69.42979514448754,18.037757611756614,Delta,api,baja,success
4682,12.108290014369903,7.4673070990326345,273,2,75.25934013214639,23.3957569365552,Delta,api,crítica,success
4683,13.246404284825212,3.8656963418171655,242,4,52.88752951676959,30.224513276403243,Alpha,ui,baja,success
4684,14.17945252519464,5.506534989269294,243,1,88.24981880428427,2.6412702281991516,Beta,api,baja,failed
4685,13.523396222586669,5.361461794667769,270,3,71.92876223818556,7.000088082645396,Alpha,api,media,success
4686,14.564299998159223,6.487502417698381,258,3,65.87383200930566,2.6042345613241196,Beta,ui,media,success
4687,11.056214285346133,4.035374226581221,237,4,77.27156359892308,3.2129356004297733,Beta,database,alta,success
4688,10.753002438395376,8.374246246695606,273,3,79.59230170627414,13.179234132170677,Gamma,auth,baja,success
4689,7.3735093290744596,6.414086398748983,270,1,71.4844288765711,26.23039369929343,Alpha,payments,media,failed
4690,10.662894296688117,6.253686262034593,252,0,59.378369428362184,14.111480489373207,Alpha,database,baja,success
4691,10.332994538245902,4.144594132838791,240,0,95.03425915103881,12.70955454558134,Gamma,payments,baja,success
4692,9.694900557839603,7.028892900191122,266,2,93.40893146733848,2.2782157994806767,Gamma,payments,media,success
4693,14.028045850043137,6.384080508770323,259,2,81.5596005258328,30.48597273129731,Alpha,ui,media,success
4694,13.176791047091308,6.2577121938680715,245,2,81.93427912013517,22.558538848446346,Delta,payments,crítica,success
4695,7.666358369214401,3.522736367480721,248,2,89.15981383398902,45.15330084956704,Gamma,api,media,failed
4696,10.302545725681153,5.6525043504269155,271,2,65.36759703600657,22.788076885119544,Beta,api,media,success
4697,13.023757056727861,4.718200303425703,245,2,98.71535971569045,56.21476654405919,Delta,api,media,success
4698,13.393637110778672,5.116505106671638,252,2,60.57387370115241,64.49455962772694,Alpha,auth,baja,success
4699,12.45652728510465,5.212555559294897,232,2,67.72031364017269,87.45919717344191,Gamma,database,alta,failed
4700,9.575166141755831,2.430267739910006,245,2,75.71890534400309,2,Alpha,ui,media,rolled_back
4701,18.7034939212429,5.537939524124527,233,2,79.3766841474362,41.51494315064965,Alpha,api,baja,rolled_back
4702,13.833404779564113,2.351532121595504,259,0,66.69405785364779,99.44439638646988,Beta,payments,media,success
4703,9.564104294310876,5.434436266919764,231,2,78.30671729331053,55.45864985098317,Beta,database,alta,success
4704,16.975549875636215,8.171012435531681,243,1,73.74047353352306,17.707968926911644,Alpha,payments,alta,success
4705,10.331039203360792,7.333642708074212,259,3,81.27617136250092,15.583787396550179,Delta,api,baja,failed
4706,18.756361012565232,5.750313172865818,266,2,88.39649708422668,43.604911653171165,Beta,payments,baja,success
4707,12.120076786160322,2.877077590516536,271,5,76.39400559813139,10.41260664537549,Beta,auth,baja,success
4708,7.778430880476777,3.9640620724452784,246,3,98.40363339079744,15.286925554275513,Delta,payments,crítica,success
4709,13.76877673658457,5.055204314671859,236,2,80.49783644686393,25.197966634218986,Delta,auth,media,success
4710,16.93792464658359,3.6635652081551697,231,2,69.28202545899163,35.30536611176549,Alpha,database,baja,success
4711,8.772827358501058,5.120656179321415,272,2,67.76616235419075,29.748377925639446,Beta,database,media,success
4712,7.849552508245519,3.062206558371048,242,0,88.17337204361142,2,Alpha,database,baja,success
4713,13.125355971183218,6.056822012980207,263,1,89.17878926219639,7.019275411963463,Beta,auth,media,success
4714,4.647648211142017,4.7582865162445245,243,3,67.36870022630592,57.71678186650601,Alpha,auth,baja,success
4715,10.68809461253186,3.5488646097928056,235,3,75.06584998898994,11.539660815149546,Beta,database,crítica,rolled_back
4716,9.69867435262571,3.5279727585139153,253,0,46.87352925789744,11.164691671729088,Alpha,payments,baja,success
4717,14.638558447066735,4.1979223965089805,241,2,74.03634124498902,13.749992609024048,Beta,auth,crítica,success
4718,4.626220442664809,5.428978050681127,237,2,57.00989937198763,27.34679471600562,Gamma,ui,baja,success
4719,5.908498146447131,5.29195690205864,269,0,63.86227357131359,7.201649319380522,Gamma,ui,baja,failed
4720,10.937269505308631,4.734038018071793,246,3,83.15808203995381,45.77170023120461,Beta,api,alta,success
4721,8.435452545909127,3.3072580008464003,245,2,63.18598907983109,9.272373653948307,Alpha,ui,baja,success
4722,13.499819022920363,7.472553853300821,255,4,84.9613936886804,2.0990882255136967,Gamma,payments,crítica,failed
4723,10.919011656538656,5.5504865238051195,261,3,60.2257692702715,3.7255053967237473,Alpha,payments,media,success
4724,9.715231713558525,4.040540659003482,213,0,70.89045763149304,11.261075779795647,Alpha,database,baja,success
4725,17.803498160683233,4.7516141192189165,238,3,71.36354612465414,3.0380148344519435,Beta,auth,alta,rolled_back
4726,3.718357822563057,6.025599484468351,232,3,73.25376666046715,22.840061983233603,Delta,payments,baja,success
4727,21.58066864741822,1.4066855347150709,246,3,69.33824157386229,13.036656407465932,Alpha,ui,baja,success
4728,12.920998551122082,2.5053701404870488,259,3,87.34325062819192,30.93982142854243,Beta,ui,media,success
4729,9.092427582950677,3.1280201265702186,244,2,55.60850867330001,44.34558172322331,Beta,database,alta,failed
4730,7.582213399112184,6.716533019957525,236,2,93.99427251521792,15.204473365098238,Gamma,api,alta,failed
4731,7.735157555371034,4.602412200682504,229,0,41.73049237590441,46.66487283803044,Alpha,database,media,success
4732,14.861925964673686,6.348337122985685,264,1,59.975868604290284,3.7914142196840923,Gamma,api,crítica,rolled_back
4733,16.064092816591604,4.130625767870589,241,2,78.36926426166534,16.640162653212837,Gamma,database,media,rolled_back
4734,9.203967919739862,7.511462636311872,262,1,69.93221628717578,2,Beta,database,alta,failed
4735,16.4731010417375,7.244036561863728,251,2,55.84544719093816,2.180618570091827,Delta,payments,crítica,success
4736,12.903989096940718,5.665791875887602,249,3,86.48257701189611,40.55546664990006,Beta,database,baja,success
4737,9.496276298153086,2.481211496630756,252,1,93.11794167138467,43.38108596251338,Beta,ui,crítica,rolled_back
4738,17.32374814581668,4.532557869347935,216,1,68.25064132014187,14.612280294299126,Delta,api,baja,success
4739,15.02064065911237,2.265836174510905,246,3,92.14165554084545,5.5587737783789635,Alpha,auth,baja,success
4740,7.038210381983715,1.848579277022464,239,0,82.02633498195561,19.03902009028702,Delta,api,alta,success
4741,15.366528417840335,3.335154722494651,240,1,72.97699305352474,54.598913174823196,Beta,payments,media,success
4742,17.348188248104105,6.721713998295876,228,3,82.63991638147755,5.276489999145269,Alpha,database,baja,success
4743,11.149439717765388,7.278060044553079,236,0,80.04989828474277,3.8391326889395714,Delta,ui,alta,success
4744,9.633816344070668,5.483380846817772,242,1,87.24785619423744,5.472563291284201,Beta,ui,media,success
4745,15.195937638131268,6.323217013970944,237,0,84.62993637311124,4.033107318479965,Beta,database,baja,success
4746,18.1964331068907,3.4809071658368658,269,2,70.57798890609268,21.45019147573588,Delta,database,baja,failed
4747,10.200456131695178,4.633621179828692,250,3,38.82378070455433,15.536979485303164,Alpha,database,media,success
4748,13.74827216809093,2.5025192286975257,234,3,73.40622462667777,7.543045174330473,Gamma,auth,baja,failed
4749,19.23807607194522,4.656397681596064,238,1,68.60581835041299,39.23596692129969,Delta,payments,media,success
4750,11.028854142700283,9.46027918852545,244,4,54.086086460274984,12.695902682840824,Beta,auth,media,rolled_back
4751,10.552558291489017,5.584210852055387,259,1,100,20.495971775536827,Gamma,api,baja,success
4752,9.310262380341065,5.264049418477679,242,4,70.02298704167563,6.3827858828008175,Alpha,database,media,success
4753,7.66931815028959,7.952639726778086,260,2,68.53694252477618,53.141556274846465,Beta,payments,baja,success
4754,6.574992444485323,8.648847854453848,258,1,90.49063198242395,38.33407428954794,Gamma,database,baja,failed
4755,14.37312788573247,5.120395793486492,244,3,70.29337930289782,11.845117952674627,Alpha,ui,baja,success
4756,10.83185761636208,6.8431608231947045,230,2,96.16398629086139,2,Delta,database,media,success
4757,6.344272545553384,3.564518353578389,253,0,55.2472554219634,28.08272443716762,Delta,ui,crítica,failed
4758,14.05103668134904,0.6984205500285903,233,2,96.44961464564868,36.40068487621365,Alpha,api,baja,success
4759,9.581900628330391,4.797927498585899,254,0,57.0044483336131,73.68509602143403,Gamma,api,media,success
4760,5.146478299197641,3.8842603724452642,233,0,54.02058074286509,2.7799880169332027,Beta,payments,alta,success
4761,9.333837466783017,7.160305670159022,245,0,86.33898737636757,3.3749230590800217,Gamma,database,crítica,failed
4762,7.722601985668997,6.943655224598897,273,1,63.020118555947136,49.398690996537795,Gamma,auth,alta,success
4763,11.679802454327065,6.009879610213131,237,0,63.473795881452006,16.91257582504063,Delta,database,baja,success
4764,14.992989379794532,6.065998238622391,272,4,61.57068611620913,81.4613746364319,Gamma,ui,alta,success
4765,15.96914939303422,5.851812493374516,271,3,85.21095298681848,33.72385749019204,Gamma,auth,alta,failed
4766,13.948021334704086,5.290994089917081,276,1,65.12262533501573,29.6061581959179,Delta,auth,baja,failed
4767,8.905701890617369,4.810784992465774,210,3,70.74052803128737,35.84272125161706,Beta,api,alta,success
4768,13.937117523564574,4.103933556845904,252,2,78.43614994344051,2,Delta,auth,baja,failed
4769,7.681394177768565,4.630824863225272,275,2,64.43290778319964,14.036925852298737,Delta,api,media,failed
4770,14.839026613582659,4.575819753851023,246,2,79.89850973798762,44.70319926537095,Beta,ui,alta,rolled_back
4771,11.343985388236238,4.217760017940524,235,3,72.6724386302,37.321552274594886,Alpha,database,alta,success
4772,10.374181251750489,5.68675773745343,255,2,74.8310867176292,2,Alpha,auth,baja,success
4773,14.45095347434657,5.8821640583307815,248,2,92.36211592809923,23.43169154125958,Beta,ui,crítica,success
4774,13.419743893177762,9.897204034461556,264,0,79.57920049259751,26.71412363547593,Alpha,auth,media,success
4775,4.305925144077099,6.013658547758743,246,3,65.48051312431605,2,Beta,payments,baja,success
4776,4.054803100913358,5.760241024468991,247,0,71.30064794364374,32.65508405763417,Delta,api,media,success
4777,20.259616058900775,5.782559854446538,248,0,83.3990325795929,26.549083403234775,Gamma,auth,baja,success
4778,12.74504339851535,2.4651300586070777,251,1,89.72975978554658,11.82763846591115,Beta,payments,baja,success
4779,17.40858234339032,4.710668040557389,267,2,80.86051747944005,6.605462573468685,Beta,database,media,success
4780,17.695487341350155,3.635270838900588,279,1,91.31782801368169,9.81427826732397,Delta,database,alta,success
4781,11.726338780442452,2.8645023552307873,252,0,71.12801103761116,17.82845888633728,Beta,database,media,success
4782,6.791457864458988,1.9441903692892932,251,2,84.31872752356492,2.238102584321534,Gamma,database,baja,success
4783,6.295771909230249,6.607632972022932,234,1,85.16248632480787,8.199140427446117,Delta,ui,baja,success
4784,2.3646335757764483,6.078120815123336,251,1,62.67158549892585,31.27151990769588,Beta,api,alta,success
4785,18.293115910131828,4.945229255354088,255,5,77.84022884139746,8.465132340788841,Alpha,auth,baja,success
4786,11.70581484539801,1.4911265870281527,257,1,50.54612609466669,24.854377797743915,Beta,database,crítica,success
4787,15.490663296192475,4.261346267815977,254,0,84.7997835447319,27.049463621263797,Alpha,auth,media,success
4788,11.180384360172757,5.7719661917217815,238,2,81.75272187058587,10.994331579655409,Alpha,api,baja,success
4789,17.04476777742112,5.407974953284049,229,1,85.36263800009823,9.500119935252409,Alpha,api,alta,success
4790,13.193165762580787,3.0363426908812428,249,3,82.40418243016225,17.673793270175747,Beta,auth,baja,success
4791,13.236910265942104,7.220078443643772,251,1,94.76859139508136,16.755759983246616,Delta,database,baja,success
4792,10.908835882393578,1.6201890659324367,259,1,84.03139890940027,39.71954825318871,Alpha,database,alta,success
4793,11.64806326633522,5.231191009360026,245,5,38.96090265494729,15.240294322371483,Beta,api,baja,success
4794,15.703523250712824,4.258213373248666,237,1,62.54597733428095,59.54433233733502,Beta,auth,baja,success
4795,1.1981088293891098,3.364618005682807,233,0,72.88460905196015,13.555218111723661,Beta,ui,baja,success
4796,8.57797959581009,1.9174400632656852,240,2,70.80050663842275,8.679904494434595,Beta,ui,alta,success
4797,7.583856827984531,6.3669036786486926,236,2,78.60545277194355,80.35241925313112,Alpha,api,alta,success
4798,10.427149161021116,3.966519824894953,254,2,76.27342356595729,7.695251896977425,Alpha,api,baja,success
4799,7.978845427705768,3.391412519807262,260,2,73.6111307918613,18.931073719406093,Delta,ui,media,success
4800,14.728551900464044,2.1430516394594203,243,1,68.67730136779475,37.25186715723641,Beta,ui,alta,success
4801,17.09351127482551,7.723609315598571,263,2,65.48191976683975,43.02486625927434,Beta,auth,media,success
4802,15.708197064612197,6.112775980066878,251,1,86.87291896581247,17.975871338432125,Delta,payments,alta,success
4803,16.34206488845561,5.616708382420199,216,0,81.23659951991627,3.0666522015286897,Gamma,payments,baja,success
4804,15.403237634629162,5.262086642179202,256,1,61.47667272187403,32.75228333372384,Delta,api,media,success
4805,15.464853157673424,4.3550205369723365,233,1,72.96093880524077,3.06602247114834,Gamma,ui,media,success
4806,8.061497588474973,4.476739598160631,265,2,61.2631453974296,2.373909159676772,Delta,ui,baja,success
4807,4.850731854004322,6.970268909182714,228,0,91.6017617043156,167.21811468433623,Beta,database,alta,rolled_back
4808,20.588078097681787,3.3652631006307527,227,3,91.55386017886691,18.30803572285681,Gamma,api,media,success
4809,9.564637074072373,8.99537255967155,251,4,77.27861670651129,2.1318667972535605,Alpha,ui,baja,failed
4810,18.728395240781147,3.350204141430576,249,0,89.41996343458005,7.512423869222403,Delta,database,crítica,success
4811,5.520062086279003,7.791161402793806,265,1,62.832732986869004,93.79691614068372,Alpha,ui,baja,success
4812,11.376818950173298,3.855941022372983,263,2,71.16441496433016,2,Gamma,payments,media,success
4813,11.479256315072549,6.024572822356254,273,0,90.35045402203244,72.00556021525499,Beta,database,baja,success
4814,12.671817613072916,2.959538523723301,265,3,84.75019019452694,2.767433814704418,Beta,payments,baja,success
4815,8.183834436643973,4.064112917963631,235,1,81.01088175711683,6.3128189742565155,Alpha,ui,crítica,failed
4816,10.722574947686741,2.730930261635066,255,0,78.05290370398885,2.356988176848999,Delta,api,media,success
4817,15.24340169000425,4.578532180443134,259,4,82.58875784930338,25.226634665315444,Beta,auth,media,success
4818,11.769786575321614,6.209268390844089,233,0,86.42994835720847,78.01764875247117,Gamma,auth,baja,success
4819,9.72690564705416,7.747526189510912,247,2,64.00733596993574,15.6425058580935,Gamma,auth,alta,success
4820,10.143951286080462,1.6911537677299195,237,1,75.41817684580438,26.343366085474784,Delta,auth,alta,success
4821,NA,6.672436657545617,266,0,73.8504875152776,64.31442157621709,Alpha,api,alta,failed
4822,9.273840967674957,7.536710214883783,257,1,70.69345995650367,13.22719793021679,Beta,payments,baja,success
4823,14.556097263176794,5.201637577005994,258,4,80.73622694885128,2,Beta,api,media,success
4824,17.1334909264382,3.6925054905532577,243,1,68.9065133622654,2,Delta,ui,baja,failed
4825,7.723255582792282,6.483649607676037,261,2,97.66216775496963,5.0679165087640285,Delta,database,baja,success
4826,10.534945162319048,6.942884253293749,255,1,81.40855001106986,39.06496301091729,Delta,ui,baja,success
4827,13.659982765569092,5.640899670044975,255,1,85.92990941427209,9.737676210701466,Beta,payments,alta,success
4828,16.860455334304735,6.6724096915645035,236,2,80.7267537514137,23.774814291780284,Gamma,database,baja,success
4829,16.54745688511471,4.068646201580614,256,3,63.53190282955889,40.04644229806481,Alpha,api,media,success
4830,11.732845620192915,9.191625590363206,248,2,100,45.29381134764386,Alpha,api,media,success
4831,13.457080187089266,1.6416898218485905,243,1,86.3113492738985,65.15779758687344,Alpha,payments,media,success
4832,12.778852323782605,4.3519899872309535,240,2,74.1166814295863,9.465376673218891,Beta,payments,alta,success
4833,13.0597459461212,4.191748262262466,255,2,66.7380080784815,68.38706961023199,Gamma,ui,alta,success
4834,11.24338161863577,2.625825770588214,239,2,86.3413553758191,27.358185689309693,Alpha,auth,media,success
4835,4.569898185334628,5.631498959535804,265,2,50.52135254174794,23.686578041796974,Gamma,ui,baja,failed
4836,10.910165911722512,2.955718379238814,239,0,50.96963878663416,2.0217917867086936,Gamma,payments,baja,success
4837,13.15227114115961,5.657348794985703,226,0,69.30035019631367,7.1679532500247944,Beta,payments,baja,success
4838,13.52582041316163,5.196579455849369,253,5,73.72668570653701,16.474991641938686,Gamma,ui,media,success
4839,11.880961859525321,4.809656703795083,231,0,72.18491717208857,3.5524404837026315,Alpha,auth,baja,rolled_back
4840,13.63524959870191,3.546450742649422,252,0,87.53885450257043,3.2700641825795174,Alpha,api,media,failed
4841,11.017249789356178,5.316772380105457,266,1,94.81962304431468,3.0362384654581547,Alpha,api,crítica,success
4842,5.0805914565043055,5.534806475465684,224,3,73.05989584087959,28.252520910387332,Gamma,auth,crítica,success
4843,11.250664177182445,5.356149566109713,259,3,68.57088949875586,8.217299606827854,Gamma,database,media,success
4844,11.479519634673785,5.268115558767403,233,2,65.8981493755532,70.73848911739537,Alpha,ui,media,success
4845,2.4899371169130724,5.285501696396039,256,0,75.5400233866625,65.28297914262143,Beta,api,alta,success
4846,15.649176834814998,4.924508131157602,254,0,58.98547207638649,40.35007909792178,Alpha,api,alta,success
4847,7.579536230063595,2.32332125921825,280,4,78.78894507013496,4.217385783791542,Gamma,api,media,success
4848,14.449982148547232,1.3441224405881238,217,0,68.0299228147151,31.056380442266757,Beta,auth,baja,success
4849,12.969214406636242,6.72959417714476,236,2,70.48531677532931,6.650127276778221,Beta,api,alta,success
4850,8.114483140816775,3.5774571949461746,260,2,32.25851244132758,48.25674739278375,Gamma,auth,media,success
4851,12.967449323047282,4.507385541671042,246,5,92.48073313051795,12.978452392618678,Beta,api,baja,success
4852,17.10316270023931,4.446415425065992,292,0,93.63619507808097,51.37605254049626,Alpha,payments,media,success
4853,12.735119020173226,8.38723976958315,249,2,83.47689525497289,3.197021956899862,Alpha,ui,media,success
4854,10.846927387227153,7.803909056767923,254,1,58.60323998266019,6.981853432759422,Gamma,ui,baja,success
4855,12.159518290866295,4.49158195181939,219,1,64.86205222236467,5.132568575441837,Gamma,auth,media,success
4856,10.734640727924539,4.337228369432348,255,0,68.5896742922573,61.14356271620122,Beta,database,media,success
4857,5.659312495344599,2.3527673273240435,257,1,66.11007254301626,5.086914516985416,Alpha,auth,media,success
4858,12.643319637981923,6.692738533997995,309,3,100,152.90301663266206,Alpha,ui,media,success
4859,8.303058303995588,0.5,204,2,68.66534776188541,6.4773279167711735,Gamma,payments,baja,success
4860,5.6924255119161264,4.2760492516926245,263,1,49.625718532823726,41.300080103645904,Alpha,ui,baja,success
4861,NA,5.352148146677397,236,2,71.56053249125624,35.640886327002235,Beta,payments,baja,failed
4862,10.485185105673349,3.186651571890219,251,0,99.78879198478774,35.449186516771896,Alpha,ui,baja,success
4863,14.537473335944266,7.472632341599239,247,3,76.3700061672482,6.587340474128723,Alpha,ui,media,success
4864,5.916737564764335,5.395901622637556,224,0,71.8145148203676,37.061980960736854,Beta,auth,media,success
4865,9.054219158976805,8.695556539200854,284,3,81.7337593455264,4.34082925350981,Beta,ui,alta,success
4866,13.791675312748847,11.069926547706082,250,3,72.89539090400893,70.35687356783983,Delta,auth,crítica,rolled_back
4867,6.848473163030574,4.2913451970172956,245,1,54.062520713506615,7.5319890598117265,Alpha,database,media,success
4868,18.017854705446677,3.401258261412247,247,0,70.30283169997868,2,Beta,auth,alta,success
4869,8.746872319984996,9.557659399179467,239,2,77.53003578200908,71.34577984516702,Beta,api,alta,success
4870,10.126427184172778,0.8466359808853525,231,3,70.53867300920865,5.746693979948759,Beta,payments,media,success
4871,16.82785706425091,5.566762640471479,256,2,70.4489073376974,6.464209612458944,Gamma,database,alta,success
4872,14.167891647836068,6.111442931630775,238,3,95.73978477155012,10.218885764479637,Delta,payments,baja,success
4873,15.422093181049327,8.532294026044635,224,1,86.23915306126887,2,Delta,api,media,failed
4874,7.400790209775937,3.5854049301416215,254,1,76.64350052061519,24.425868249421413,Gamma,payments,alta,success
4875,16.25342651321429,2.856171887807174,248,2,81.29745860925692,2.0696974843740463,Delta,auth,baja,success
4876,11.969401211417269,5.252310432097975,285,3,65.98248197777167,16.71944821525126,Beta,database,baja,success
4877,13.931533940453305,6.560483458439959,229,1,69.16070667178319,17.215478147337453,Delta,database,media,failed
4878,12.102583797801072,7.734412486200849,259,1,65.23487221650142,65.28195239301053,Alpha,ui,baja,success
4879,11.288552840094297,8.138526460873909,276,6,81.941060327799,2.7667311627480387,Alpha,auth,media,success
4880,20.461123763284956,4.163706657473823,264,1,69.52410502542534,2.6469876117677704,Gamma,auth,baja,failed
4881,6.6308853541289,1.884771083145015,242,2,95.34421688367829,4.854735196252019,Delta,database,media,success
4882,17.71666253896758,6.901438026798702,245,3,84.6575155884725,2,Alpha,database,crítica,success
4883,10.652380265726666,4.159582892835121,246,1,100,30.942836790268714,Beta,payments,crítica,success
4884,9.04773028444442,2.4438889587210624,264,0,74.12755363432075,2,Delta,auth,media,success
4885,14.769320292204403,6.575833937864324,239,2,88.97929854033472,36.05367242229494,Alpha,ui,media,failed
4886,10.349957196260958,6.642045946609636,256,0,95.94930084080424,34.64481308854638,Beta,ui,media,success
4887,NA,4.353085581966571,222,1,60.05255535792165,23.251338622455886,Gamma,payments,baja,success
4888,8.167309033320368,0.5,260,2,72.80066409601103,6.6716021709144115,Beta,database,alta,success
4889,7.712140410230694,4.973370247675592,258,2,64.10635007819876,70.00048738314744,Beta,database,media,success
4890,17.09210184756508,5.6174534390091875,270,2,74.4280293346039,31.497529773896034,Beta,database,alta,success
4891,14.963565044765744,4.327099032896956,256,0,51.35560426985702,50.43862080248418,Delta,api,baja,success
4892,11.32915517293826,6.110946408241224,227,5,58.683117658018254,4.45912267640233,Gamma,auth,baja,success
4893,14.015075579999031,6.529468858139004,252,1,80.62305232910828,7.056201562285423,Alpha,database,baja,success
4894,12.218071650285285,5.164837606750648,236,1,93.77678543771647,29.833208954816158,Gamma,database,baja,success
4895,12.307513961994847,6.305751489769646,240,3,76.03107663052764,24.191701372029357,Gamma,payments,baja,success
4896,10.050164650959871,3.245251728078749,239,4,64.64399709001708,42.08853636480389,Alpha,payments,alta,success
4897,13.079651521484443,1.009953832787875,259,3,71.53007058001998,19.373634672646812,Gamma,auth,baja,success
4898,11.5207927722083,2.3720778490699157,229,1,90.60269860750041,8.624774530746064,Gamma,ui,alta,rolled_back
4899,17.10699935887309,3.2151359465900455,274,1,82.19098198876712,22.315829827373317,Delta,api,media,success
4900,5.265043098936481,1.8166862685301708,235,2,81.86515528506575,24.547275867334292,Beta,ui,media,success
4901,14.64326839685161,8.962093950677952,242,1,77.74064661491016,8.821094983169658,Beta,auth,baja,success
4902,9.765666898236415,3.4166940857865953,235,1,84.28551557395446,4.260390646755695,Alpha,database,alta,success
4903,9.81522016649383,5.232742180555459,258,1,75.84377933694273,3.726066027855526,Delta,database,baja,success
4904,11.799378823519735,3.844074730407513,256,1,69.25832599078124,2,Delta,api,baja,success
4905,17.561028136310583,8.312038298464605,271,4,55.3833876642779,11.143434215337038,Delta,ui,media,success
4906,6.300630459451553,5.291555730821077,261,1,73.2770053253133,67.44727787964452,Beta,api,baja,success
4907,8.369239655197646,8.409018114171943,261,4,89.47416261775858,3.2689221853341968,Delta,auth,alta,success
4908,11.11518060460036,2.8459047073876222,268,4,61.64037967654401,16.25172945857048,Beta,api,alta,failed
4909,12.690800582845192,6.062133259923086,273,2,78.97115961958424,2,Gamma,ui,alta,success
4910,12.773748054659007,2.177453403531349,231,4,96.70164329246592,19.922937305296454,Delta,auth,media,success
4911,19.874813891266495,4.899960418674137,263,2,74.77635484098498,16.108905433419544,Gamma,api,baja,success
4912,12.903246130003284,2.565480613044158,220,3,59.261009428249906,3.9815618209540844,Alpha,auth,alta,success
4913,11.723255823330302,4.550033756223105,277,1,92.48067091106405,24.45710834014922,Gamma,payments,crítica,success
4914,12.717872795022817,5.985454879264585,232,0,70.87197210911833,20.22471624511986,Beta,api,baja,success
4915,8.403716548225175,7.890914245159371,260,3,79.62606680478589,67.85756170346376,Beta,api,media,failed
4916,14.947773099104753,3.106535503379573,247,0,79.40308276909242,20.947620770817093,Delta,database,media,success
4917,9.018999742871559,6.640204996650892,218,2,74.21056409355386,5.149687796831131,Alpha,payments,alta,success
4918,8.28628566498936,6.732979038451589,284,4,76.68385712313001,103.46076111775687,Gamma,payments,baja,success
4919,13.716783820445903,3.358149461592106,250,1,69.94449603387707,24.44096417983003,Alpha,ui,media,success
4920,14.241877774626113,11.677404204621283,244,2,83.80680282305579,52.75634688357824,Gamma,ui,baja,success
4921,5.691363599421348,4.091191583008734,234,0,78.52085075301135,39.00006879664479,Beta,auth,media,success
4922,17.377737067985567,4.401864113027562,242,2,53.647421800287866,5.404614576056726,Delta,payments,alta,success
4923,3.9053791260441386,5.352898105188876,231,2,97.21883395547863,14.598633226440107,Alpha,auth,media,success
4924,16.068394805260777,0.5,256,2,81.52892731829124,3.86378109868813,Gamma,auth,media,success
4925,12.26670361109724,8.210924188690713,257,3,84.22414220087276,35.589057011376006,Alpha,auth,alta,success
4926,16.707944039450318,6.335403197154987,290,1,70.99827254651301,2,Beta,api,crítica,success
4927,14.288831332643742,4.701949538890214,250,1,81.80908073776855,16.83967603857801,Delta,ui,media,success
4928,17.91637545802262,8.693051727644121,229,1,50.89907922047473,151.76274106068632,Gamma,payments,baja,success
4929,11.995635961941023,6.434300809485753,244,2,93.66189351513796,22.343002549295715,Delta,api,crítica,success
4930,15.41982673280462,5.605013525562024,254,2,97.99191711026168,63.15783847565976,Alpha,payments,crítica,success
4931,7.581522685511523,2.413747195951617,238,3,48.13195184841694,12.539282821118832,Gamma,auth,baja,success
4932,11.567216342689925,8.093908123377402,232,2,71.80704361300691,14.70477856323123,Alpha,auth,baja,success
4933,17.635874237287254,5.004344847527997,241,1,77.50917600192105,16.099431585520506,Gamma,database,baja,success
4934,14.832247394598461,5.5104176624237216,259,2,93.92398001601268,5.94157399982214,Gamma,database,crítica,success
4935,6.041055140372511,9.048307529847468,255,1,87.36409584429066,7.2354911752045155,Alpha,api,alta,failed
4936,9.59755430420633,5.9532164360597895,266,1,81.06692592118071,3.1060375683009624,Alpha,auth,media,success
4937,12.511951496245644,5.245377526417342,218,0,73.30469310743285,10.564007112962269,Gamma,database,crítica,rolled_back
4938,8.52409691115501,2.915055306350717,228,2,95.97263137574383,6.6415991244609245,Delta,payments,alta,success
4939,8.91787135750346,4.727650106364792,279,3,60.861026501219385,2,Alpha,api,baja,success
4940,18.774531297945174,3.7410655166257563,268,1,51.317896995127434,25.90225484121352,Delta,ui,baja,success
4941,7.705015242369537,3.7123296127573497,283,1,81.00902723583079,5.736345551206874,Alpha,api,baja,success
4942,12.871836939734814,4.449326244125547,244,2,81.47886796132367,33.981995073924644,Alpha,api,baja,success
4943,15.372993872452625,6.500080770926438,268,0,86.87010214040362,8.220037501305342,Alpha,payments,media,failed
4944,12.827742758553372,7.5569216606395555,256,0,66.89642196836984,3.861880000680685,Gamma,payments,media,success
4945,11.28874167031702,5.025017135561026,260,4,91.78458290481771,18.177187197923107,Beta,ui,alta,failed
4946,14.665413981595716,4.319841613087975,266,3,71.10068597198962,15.216238852590322,Alpha,payments,media,success
4947,10.060926617749299,6.576777421233008,232,2,78.11873508767201,10.11506362259388,Alpha,api,crítica,success
4948,18.318523067631205,3.360204786967606,265,3,74.46970827271097,78.57903474166032,Alpha,ui,alta,success
4949,9.664478369573128,1.6711246276327185,269,3,87.50148804585095,21.26585718143492,Beta,database,media,success
4950,7.35165554255814,6.178935223085286,243,4,71.17708553637989,12.35058407485485,Delta,database,crítica,success
4951,1,4.806659259392531,238,1,80.43922645385356,80.4344306547844,Beta,api,alta,success
4952,13.105041894022758,0.5,272,1,61.66085306699813,58.081138714534035,Beta,ui,baja,success
4953,7.957890640549039,0.5701527796080699,269,2,71.88470440888352,63.033951532796294,Beta,ui,crítica,success
4954,12.208732293126054,5.568688368215467,251,2,47.686152776173344,2,Delta,auth,media,failed
4955,5.755723740367834,7.0546865188416525,258,0,68.63137140456507,16.179647359997034,Delta,database,media,success
4956,15.88693588017816,6.131802140284906,266,1,86.72816720421329,126.96015733566261,Gamma,auth,crítica,success
4957,11.094832865708177,4.341446339841692,279,3,80.57174974888207,23.945328079429604,Alpha,ui,baja,success
4958,16.45368281812501,8.195080346686078,250,1,63.474451768120005,10.964985866099596,Alpha,ui,media,success
4959,14.058272200847611,3.060767467573651,284,2,88.6441062902035,18.061968205345057,Beta,ui,media,success
4960,15.750790304727118,4.200903381482317,240,0,65.35180596112335,2,Alpha,auth,baja,success
4961,NA,3.4467701830576774,241,3,78.0977478059604,22.909189379697136,Beta,ui,baja,success
4962,12.844051135050774,5.887002235362926,221,5,78.4489994224633,11.114880938082933,Beta,auth,alta,success
4963,18.06634049832365,1.5763171160644318,254,0,70.79375668678139,6.022265810519457,Alpha,database,alta,success
4964,10.267068509896303,1.743963275237634,254,2,100,7.725256260484457,Alpha,database,baja,success
4965,6.8086340117713355,0.823825943273512,267,2,62.35863050464025,17.09406716881481,Gamma,payments,crítica,success
4966,20.090117399525894,4.816938895630339,245,2,74.30867754186016,53.17101661962798,Delta,api,baja,success
4967,10.876914446460532,7.649380758529707,234,2,81.54166963202249,18.661565992417632,Gamma,payments,alta,success
4968,15.812954016686724,8.275102934413123,228,1,88.77621388269993,29.458527914171512,Beta,payments,media,success
4969,10.774668360037504,3.094779681444326,243,1,78.90440119556227,21.265748909597686,Beta,ui,crítica,success
4970,13.033048007292743,3.973391545824283,239,5,77.02009384120099,21.042338981216243,Beta,api,media,success
4971,14.106129641951553,3.0510561601536033,231,0,77.25327960681271,7.323218185454607,Beta,api,crítica,success
4972,4.463349741579148,5.629885434385669,244,1,54.804643544391716,23.42473170060425,Beta,api,alta,success
4973,13.32378799583084,5.681731634900259,238,2,64.48770410536946,33.5557583258752,Delta,ui,baja,success
4974,8.225631266725387,6.521770133042608,243,2,80.51631153645458,30.55707245964318,Delta,payments,crítica,success
4975,19.614618177085696,1.2484969309012186,251,1,66.02454622982387,17.451909362261585,Delta,auth,baja,success
4976,14.72494990237558,2.0955605667211814,246,2,87.36612691075035,11.174534395337105,Delta,api,alta,success
4977,16.88700892186145,3.9288635400700027,216,0,61.66014922311407,40.043641580114944,Alpha,payments,baja,success
4978,10.889745729733695,3.509530758373944,262,2,48.821861342590715,10.05049956229881,Gamma,auth,media,success
4979,NA,6.028015005967348,258,1,66.42754702080663,19.97765665400534,Beta,api,alta,success
4980,13.32905341247264,4.641629609722411,246,1,67.10276175317546,23.30682011592894,Beta,auth,media,success
4981,13.518780957215192,1.702150089300956,263,1,69.64777270967707,15.188440818339586,Beta,ui,baja,success
4982,8.167169317382266,7.34145208608625,259,1,58.66960024287639,2,Beta,payments,media,success
4983,11.09044395116289,5.861571247546006,235,2,96.53298950759182,3.7797433510422707,Alpha,ui,media,success
4984,7.1002161650105835,3.3739239729273702,250,1,89.71512407531155,41.93465007639943,Beta,ui,media,success
4985,17.87268868932452,2.424364761539094,245,1,67.71301305933807,60.32606403227177,Delta,payments,baja,success
4986,11.093806127018713,4.002993909309352,240,5,83.08212255982683,10.532809417694807,Gamma,auth,crítica,success
4987,14.817672380381032,2.815089581681256,246,3,78.6852741426014,2,Alpha,auth,baja,rolled_back
4988,11.415224713262383,7.9087781677995315,227,5,67.73168163997117,31.766987553720767,Gamma,ui,baja,success
4989,15.077123899802768,4.369669288313961,229,4,51.529526526146185,30.55014502901345,Beta,api,media,success
4990,13.460943752261104,4.993518590142889,254,3,86.91785512069909,12.415630415081978,Alpha,api,alta,success
4991,16.185343008189893,6.548516878543588,269,0,54.95911261652554,27.607384218757446,Gamma,database,baja,success
4992,15.638971355673497,6.004062847388719,264,1,85.87764931281464,2.1941642493629105,Alpha,auth,crítica,success
4993,13.939269209760777,8.473459648858189,270,1,65.87724218449102,22.385436481719307,Alpha,database,alta,success
4994,10.403002449655329,5.989498146664171,247,0,52.17432236304542,54.50667379494038,Alpha,ui,baja,success
4995,10.219796887103804,8.895518398194882,257,5,70.2952977113629,20.284520051365188,Beta,ui,media,success
4996,14.24684676042173,3.869348201201827,233,2,97.5456668708727,86.29829362302007,Gamma,database,media,success
4997,8.809969743205933,2.036196761519421,274,5,48.49113340809454,9.409018132835627,Alpha,database,baja,success
4998,16.63761405011619,4.402013887896342,271,2,78.58534162894475,22.172733522327732,Delta,auth,baja,success
4999,14.51740381888986,5.429299661455107,267,1,82.01869390024012,11.817623298615217,Beta,database,baja,success
5000,13.975880624121647,6.546468095090603,226,2,68.14040126860229,2,Alpha,api,baja,success
